label,kind,window,start,end,is_baseline,feasible,cost_bps,cash_yield,data_dir,params.weights,avg_misallocation,max_misallocation,avg_asset_deviation,max_asset_deviation,final_value,total_contributed,net_profit,net_profit_pct,cagr,xirr,sharpe,volatility,sortino,calmar,max_drawdown,max_drawdown_days,best_year,best_year_return,worst_year,worst_year_return,traded_value,total_fees,turnover,fee_drag,exposure.BIL.avg,exposure.BIL.min,exposure.BTAL.avg,exposure.BTAL.min,exposure.DBMF.avg,exposure.DBMF.min,exposure.KMLM.avg,exposure.KMLM.min,exposure.NTSX.avg,exposure.NTSX.min,exposure.RPAR.avg,exposure.RPAR.min,exposure.SPY.avg,exposure.SPY.min,exposure.TQQQ.avg,exposure.TQQQ.min
NTSX100,full,full,2020-12-18,2026-08-24,false,true,"{""*"": 6, ""BIL"": 0.5, ""BTAL"": 6, ""DBMF"": 2.5, ""KMLM"": 6, ""QQQ"": 1, ""SPY"": 0.7, ""TQQQ"": 1.5}",0.03000000,tests/data/2026-08-24-net15,"{""NTSX"":1.0}",0.00078684,0.00282380,0.00079701,0.00283634,67779.77702721,44000.00000000,23779.77702721,0.54044948,0.10272851,0.12387993,0.67181985,0.16716174,0.95444947,0.32699847,-0.31415595,898,2023,0.22430145,2022,-0.25973270,43936.21500986,26.36172901,0.11762501,0.00059913,,,,,,,,,0.99920299,0.99716366,,,,,,
RPAR100,full,full,2020-12-18,2026-08-24,false,true,"{""*"": 6, ""BIL"": 0.5, ""BTAL"": 6, ""DBMF"": 2.5, ""KMLM"": 6, ""QQQ"": 1, ""SPY"": 0.7, ""TQQQ"": 1.5}",0.03000000,tests/data/2026-08-24-net15,"{""RPAR"":1.0}",0.00050741,0.00156296,0.00051834,0.00180581,50654.32590420,44000.00000000,6654.32590420,0.15123468,0.01546327,0.04023746,0.18756294,0.12175491,0.26324212,0.05042898,-0.30663460,1555,2025,0.17415918,2022,-0.23267865,43958.32491475,26.37499495,0.14422187,0.00059943,,,,,,,,,,,0.99948166,0.99819419,,,,
NTSX50/RPAR50,full,full,2020-12-18,2026-08-24,false,true,"{""*"": 6, ""BIL"": 0.5, ""BTAL"": 6, ""DBMF"": 2.5, ""KMLM"": 6, ""QQQ"": 1, ""SPY"": 0.7, ""TQQQ"": 1.5}",0.03000000,tests/data/2026-08-24-net15,"{""NTSX"":0.5,""RPAR"":0.5}",0.00128667,0.00341351,0.00096106,0.00279180,58618.94220427,44000.00000000,14618.94220427,0.33224869,0.05917268,0.08207356,0.50361414,0.13209163,0.71246886,0.19503722,-0.30339172,1325,2025,0.18105881,2022,-0.24527031,49147.79135439,29.48867481,0.14574250,0.00067020,,,,,,,,,0.49908606,0.49720820,0.49961628,0.49876557,,,,
NTSX75/BIL25,full,full,2020-12-18,2026-08-24,false,true,"{""*"": 6, ""BIL"": 0.5, ""BTAL"": 6, ""DBMF"": 2.5, ""KMLM"": 6, ""QQQ"": 1, ""SPY"": 0.7, ""TQQQ"": 1.5}",0.03000000,tests/data/2026-08-24-net15,"{""BIL"":0.25,""NTSX"":0.75}",0.00265115,0.00813600,0.00187008,0.00562690,62907.08325075,44000.00000000,18907.08325075,0.42970644,0.08567171,0.10236901,0.72445620,0.12484477,1.03037116,0.35433322,-0.24178289,814,2023,0.17897926,2022,-0.19494487,51123.04887290,20.01273191,0.14103676,0.00045483,0.24821450,0.24437310,,,,,,,0.74912651,0.74735028,,,,,,
NTSX50/BIL50,full,full,2020-12-18,2026-08-24,false,true,"{""*"": 6, ""BIL"": 0.5, ""BTAL"": 6, ""DBMF"": 2.5, ""KMLM"": 6, ""QQQ"": 1, ""SPY"": 0.7, ""TQQQ"": 1.5}",0.03000000,tests/data/2026-08-24-net15,"{""BIL"":0.5,""NTSX"":0.5}",0.00275930,0.00723230,0.00202911,0.00608930,58146.35689179,44000.00000000,14146.35689179,0.32150811,0.06726589,0.07974993,0.83112818,0.08288883,1.18616923,0.40926139,-0.16435924,763,2023,0.13329813,2022,-0.12782514,55488.16472885,16.68767705,0.15814785,0.00037927,0.49809271,0.49391070,,,,,,,0.49914191,0.49722731,,,,,,
VT TQQQ/BTAL75+KMLM25 t20 w0-80 QQQ:VOL_EWMA80 gate QQQ<SMA200,full,full,2020-12-18,2026-08-24,true,true,"{""*"": 6, ""BIL"": 0.5, ""BTAL"": 6, ""DBMF"": 2.5, ""KMLM"": 6, ""QQQ"": 1, ""SPY"": 0.7, ""TQQQ"": 1.5}",0.03000000,tests/data/2026-08-24-net15,,0.02225794,0.23271777,0.02193891,0.23272372,78210.87834089,44000.00000000,34210.87834089,0.77751996,0.16259332,0.16537877,0.85557255,0.20071571,1.19289746,0.85294307,-0.19062623,169,2023,0.35127130,2022,-0.06171072,763850.58088798,288.39364768,1.70129275,0.00655440,,,0.46603286,0.14976209,,,0.15499201,0.04972690,,,,,,,0.37794007,0.04055417
VT TQQQ/BTAL75+DBMF25 t20 w0-80 QQQ:VOL_EWMA80 gate QQQ<SMA200,full,full,2020-12-18,2026-08-24,true,true,"{""*"": 6, ""BIL"": 0.5, ""BTAL"": 6, ""DBMF"": 2.5, ""KMLM"": 6, ""QQQ"": 1, ""SPY"": 0.7, ""TQQQ"": 1.5}",0.03000000,tests/data/2026-08-24-net15,,0.02236651,0.23271690,0.02196205,0.23272072,78961.21449114,44000.00000000,34961.21449114,0.79457306,0.16349089,0.16815881,0.85124373,0.20325706,1.18778473,0.85739876,-0.19068245,167,2023,0.34071490,2022,-0.07342515,766971.71583606,254.24209466,1.70559042,0.00577823,,,0.46595248,0.14872668,0.15499753,0.04898819,,,,,,,,,0.37788537,0.04055717
VT TQQQ/BTAL50+KMLM50 t20 w0-80 QQQ:VOL_EWMA80 gate QQQ<SMA200,full,full,2020-12-18,2026-08-24,true,true,"{""*"": 6, ""BIL"": 0.5, ""BTAL"": 6, ""DBMF"": 2.5, ""KMLM"": 6, ""QQQ"": 1, ""SPY"": 0.7, ""TQQQ"": 1.5}",0.03000000,tests/data/2026-08-24-net15,,0.02272430,0.23306855,0.02231692,0.23307415,83801.85748202,44000.00000000,39801.85748202,0.90458767,0.18491311,0.18552007,0.91985571,0.20944300,1.28053428,0.88489974,-0.20896504,448,2023,0.37454047,2022,-0.04669946,790340.39060820,298.67865997,1.70301649,0.00678815,,,0.31076659,0.09980015,,,0.31061452,0.09942933,,,,,,,0.37748399,0.04020374
SPY benchmark,full,full,2020-12-18,2026-08-24,true,true,"{""*"": 6, ""BIL"": 0.5, ""BTAL"": 6, ""DBMF"": 2.5, ""KMLM"": 6, ""QQQ"": 1, ""SPY"": 0.7, ""TQQQ"": 1.5}",0.03000000,tests/data/2026-08-24-net15,,0.00776260,0.02938556,0.00776372,0.02941953,76979.08018368,44000.00000000,32979.08018368,0.74952455,0.14815618,0.16076005,0.92053059,0.16582684,1.33958435,0.60588003,-0.24453056,709,2021,0.28166993,2022,-0.18247338,43403.08520685,3.03821596,0.10441417,0.00006905,,,,,,,,,,,,,0.99223628,0.97058047,,
NTSX100,fit,fit,2020-12-18,2024-12-31,false,true,"{""*"": 6, ""BIL"": 0.5, ""BTAL"": 6, ""DBMF"": 2.5, ""KMLM"": 6, ""QQQ"": 1, ""SPY"": 0.7, ""TQQQ"": 1.5}",0.03000000,tests/data/2026-08-24-net15,"{""NTSX"":1.0}",0.00089405,0.00282380,0.00090722,0.00283634,43213.19974098,34000.00000000,9213.19974098,0.27097646,0.07519208,0.09252322,0.52116642,0.16616959,0.73737892,0.23934635,-0.31415595,898,2023,0.22430145,2022,-0.25973270,33958.26425394,20.37495855,0.17577234,0.00059926,,,,,,,,,0.99909278,0.99716366,,,,,,
RPAR100,fit,fit,2020-12-18,2024-12-31,false,true,"{""*"": 6, ""BIL"": 0.5, ""BTAL"": 6, ""DBMF"": 2.5, ""KMLM"": 6, ""QQQ"": 1, ""SPY"": 0.7, ""TQQQ"": 1.5}",0.03000000,tests/data/2026-08-24-net15,"{""RPAR"":1.0}",0.00060965,0.00156296,0.00062354,0.00180581,31642.69115683,34000.00000000,-2357.30884317,-0.06933261,-0.03359570,-0.02716882,-0.21035025,0.12561366,-0.29241701,-0.10956266,-0.30663460,,2021,0.07190375,2022,-0.23267865,33969.18864234,20.38151319,0.20360162,0.00059946,,,,,,,,,,,0.99937646,0.99819419,,,,
NTSX50/RPAR50,fit,fit,2020-12-18,2024-12-31,false,true,"{""*"": 6, ""BIL"": 0.5, ""BTAL"": 6, ""DBMF"": 2.5, ""KMLM"": 6, ""QQQ"": 1, ""SPY"": 0.7, ""TQQQ"": 1.5}",0.03000000,tests/data/2026-08-24-net15,"{""NTSX"":0.5,""RPAR"":0.5}",0.00151013,0.00341351,0.00112111,0.00279180,36991.35622261,34000.00000000,2991.35622261,0.08798107,0.02013733,0.03219817,0.21681895,0.13323547,0.30379469,0.06637404,-0.30339172,,2021,0.14405743,2022,-0.24527031,34602.49324883,20.76149595,0.19278348,0.00061063,,,,,,,,,0.49893868,0.49720820,0.49953757,0.49876557,,,,
NTSX75/BIL25,fit,fit,2020-12-18,2024-12-31,false,true,"{""*"": 6, ""BIL"": 0.5, ""BTAL"": 6, ""DBMF"": 2.5, ""KMLM"": 6, ""QQQ"": 1, ""SPY"": 0.7, ""TQQQ"": 1.5}",0.03000000,tests/data/2026-08-24-net15,"{""BIL"":0.25,""NTSX"":0.75}",0.00312102,0.00813600,0.00217296,0.00562690,41757.92909380,34000.00000000,7757.92909380,0.22817439,0.06497062,0.07911761,0.57067286,0.12427929,0.80906439,0.26871473,-0.24178289,814,2023,0.17897926,2022,-0.19494487,37319.99265545,15.21805176,0.19466311,0.00044759,0.24790246,0.24437310,,,,,,,0.74896641,0.74735028,,,,,,
NTSX50/BIL50,fit,fit,2020-12-18,2024-12-31,false,true,"{""*"": 6, ""BIL"": 0.5, ""BTAL"": 6, ""DBMF"": 2.5, ""KMLM"": 6, ""QQQ"": 1, ""SPY"": 0.7, ""TQQQ"": 1.5}",0.03000000,tests/data/2026-08-24-net15,"{""BIL"":0.5,""NTSX"":0.5}",0.00321181,0.00723230,0.00237702,0.00608930,40183.73350339,34000.00000000,6183.73350339,0.18187451,0.05295114,0.06415727,0.66805271,0.08265596,0.95098006,0.32216710,-0.16435924,763,2023,0.13329813,2022,-0.12782514,39249.68834950,11.90325435,0.20682288,0.00035010,0.49774778,0.49391070,,,,,,,0.49903283,0.49722731,,,,,,
VT TQQQ/BTAL75+KMLM25 t20 w0-80 QQQ:VOL_EWMA80 gate QQQ<SMA200,fit,fit,2020-12-18,2024-12-31,true,true,"{""*"": 6, ""BIL"": 0.5, ""BTAL"": 6, ""DBMF"": 2.5, ""KMLM"": 6, ""QQQ"": 1, ""SPY"": 0.7, ""TQQQ"": 1.5}",0.03000000,tests/data/2026-08-24-net15,,0.02953590,0.23271777,0.02916750,0.23272372,54223.75668557,34000.00000000,20223.75668557,0.59481637,0.17395975,0.18309543,0.88793662,0.20515272,1.24530655,0.91256986,-0.19062623,169,2023,0.35127130,2022,-0.06171072,399394.44142025,151.22765476,1.69067727,0.00444787,,,0.47538661,0.14979190,,,0.15803366,0.04996647,,,,,,,0.36538681,0.04055417
VT TQQQ/BTAL75+DBMF25 t20 w0-80 QQQ:VOL_EWMA80 gate QQQ<SMA200,fit,fit,2020-12-18,2024-12-31,true,true,"{""*"": 6, ""BIL"": 0.5, ""BTAL"": 6, ""DBMF"": 2.5, ""KMLM"": 6, ""QQQ"": 1, ""SPY"": 0.7, ""TQQQ"": 1.5}",0.03000000,tests/data/2026-08-24-net15,,0.02966490,0.23271690,0.02919009,0.23272072,54173.70335162,34000.00000000,20173.70335162,0.59334422,0.17174632,0.18272041,0.87226792,0.20713597,1.22446448,0.90069288,-0.19068245,167,2023,0.34071490,2022,-0.07342515,398073.45986378,132.13265634,1.69737536,0.00388625,,,0.47527594,0.14872668,0.15805029,0.04898819,,,,,,,,,0.36532271,0.04055717
VT TQQQ/BTAL50+KMLM50 t20 w0-80 QQQ:VOL_EWMA80 gate QQQ<SMA200,fit,fit,2020-12-18,2024-12-31,true,true,"{""*"": 6, ""BIL"": 0.5, ""BTAL"": 6, ""DBMF"": 2.5, ""KMLM"": 6, ""QQQ"": 1, ""SPY"": 0.7, ""TQQQ"": 1.5}",0.03000000,tests/data/2026-08-24-net15,,0.03026359,0.23306855,0.02978006,0.23307415,55198.38829729,34000.00000000,21198.38829729,0.62348201,0.18941448,0.19034051,0.93020451,0.21135449,1.29913187,1.14933002,-0.16480425,,2023,0.37454047,2022,-0.04669946,412218.49716053,156.25714349,1.68919274,0.00459580,,,0.31710843,0.09988652,,,0.31691690,0.09942933,,,,,,,0.36467502,0.04020374
SPY benchmark,fit,fit,2020-12-18,2024-12-31,true,true,"{""*"": 6, ""BIL"": 0.5, ""BTAL"": 6, ""DBMF"": 2.5, ""KMLM"": 6, ""QQQ"": 1, ""SPY"": 0.7, ""TQQQ"": 1.5}",0.03000000,tests/data/2026-08-24-net15,,0.00885396,0.02938556,0.00885542,0.02941953,49363.59276674,34000.00000000,15363.59276674,0.45187038,0.13405134,0.14524092,0.85649732,0.16299656,1.22777682,0.54819872,-0.24453056,709,2021,0.28166993,2022,-0.18247338,33760.58665248,2.36324107,0.15811837,0.00006951,,,,,,,,,,,,,0.99114458,0.97058047,,
NTSX100,test,test,2025-01-02,2026-08-24,false,true,"{""*"": 6, ""BIL"": 0.5, ""BTAL"": 6, ""DBMF"": 2.5, ""KMLM"": 6, ""QQQ"": 1, ""SPY"": 0.7, ""TQQQ"": 1.5}",0.03000000,tests/data/2026-08-24-net15,"{""NTSX"":1.0}",0.00180550,0.00428444,0.00182947,0.00458307,23884.61435878,19500.00000000,4384.61435878,0.22485202,0.17216485,0.17452245,1.02800088,0.16979580,1.47610510,1.02840261,-0.16740997,125,2025,0.18311990,2026,0.09675800,19481.14251858,11.68868551,0.35859908,0.00059942,,,,,,,,,0.99817053,0.99541693,,,,,,
RPAR100,test,test,2025-01-02,2026-08-24,false,true,"{""*"": 6, ""BIL"": 0.5, ""BTAL"": 6, ""DBMF"": 2.5, ""KMLM"": 6, ""QQQ"": 1, ""SPY"": 0.7, ""TQQQ"": 1.5}",0.03000000,tests/data/2026-08-24-net15,"{""RPAR"":1.0}",0.00065454,0.00145846,0.00067846,0.00175793,22866.72586773,19500.00000000,3366.72586773,0.17265261,0.14448711,0.13514694,1.27566429,0.11153590,1.84258229,1.78411054,-0.08098551,,2025,0.16982448,2026,0.06659508,19486.82930040,11.69209758,0.35881328,0.00059959,,,,,,,,,,,0.99932154,0.99824207,,,,
NTSX50/RPAR50,test,test,2025-01-02,2026-08-24,false,true,"{""*"": 6, ""BIL"": 0.5, ""BTAL"": 6, ""DBMF"": 2.5, ""KMLM"": 6, ""QQQ"": 1, ""SPY"": 0.7, ""TQQQ"": 1.5}",0.03000000,tests/data/2026-08-24-net15,"{""NTSX"":0.5,""RPAR"":0.5}",0.00236540,0.00377757,0.00163263,0.00299887,23403.40204629,19500.00000000,3903.40204629,0.20017446,0.15961521,0.15598676,1.22096299,0.12909933,1.77250039,1.35758969,-0.11757250,116,2025,0.17735005,2026,0.08284784,19532.55180728,11.71953108,0.35937917,0.00060100,,,,,,,,,0.49840589,0.49700113,0.49920475,0.49821519,,,,
NTSX75/BIL25,test,test,2025-01-02,2026-08-24,false,true,"{""*"": 6, ""BIL"": 0.5, ""BTAL"": 6, ""DBMF"": 2.5, ""KMLM"": 6, ""QQQ"": 1, ""SPY"": 0.7, ""TQQQ"": 1.5}",0.03000000,tests/data/2026-08-24-net15,"{""BIL"":0.25,""NTSX"":0.75}",0.00506393,0.01019165,0.00373766,0.00698439,22962.51984346,19500.00000000,3462.51984346,0.17756512,0.13732905,0.13887994,1.09146024,0.12614380,1.56560078,1.09060844,-0.12591967,125,2025,0.14526873,2026,0.07831172,19595.51097494,8.70033494,0.36891539,0.00044617,0.24672341,0.24301561,,,,,,,0.74819453,0.74648309,,,,,,
NTSX50/BIL50,test,test,2025-01-02,2026-08-24,false,true,"{""*"": 6, ""BIL"": 0.5, ""BTAL"": 6, ""DBMF"": 2.5, ""KMLM"": 6, ""QQQ"": 1, ""SPY"": 0.7, ""TQQQ"": 1.5}",0.03000000,tests/data/2026-08-24-net15,"{""BIL"":0.5,""NTSX"":0.5}",0.00486073,0.01104526,0.00354904,0.00735122,22061.82000617,19500.00000000,2561.82000617,0.13137538,0.10275015,0.10354781,1.22269797,0.08349138,1.75742999,1.22825905,-0.08365511,111,2025,0.10805718,2026,0.05949558,19808.69306513,6.11827808,0.38148057,0.00031376,0.49669822,0.49264878,,,,,,,0.49842828,0.49605635,,,,,,
VT TQQQ/BTAL75+KMLM25 t20 w0-80 QQQ:VOL_EWMA80 gate QQQ<SMA200,test,test,2025-01-02,2026-08-24,true,true,"{""*"": 6, ""BIL"": 0.5, ""BTAL"": 6, ""DBMF"": 2.5, ""KMLM"": 6, ""QQQ"": 1, ""SPY"": 0.7, ""TQQQ"": 1.5}",0.03000000,tests/data/2026-08-24-net15,,0.00790325,0.07190527,0.00665778,0.07191910,23119.47620128,19500.00000000,3619.47620128,0.18561416,0.13687152,0.14498392,0.77671759,0.18982464,1.06645442,0.84701986,-0.16159187,215,2025,0.16657393,2026,0.05792014,98281.95150997,37.97721597,1.86421397,0.00194755,,,0.44195869,0.14904769,,,0.14637035,0.04842351,,,,,,,0.40844606,0.19026999
VT TQQQ/BTAL75+DBMF25 t20 w0-80 QQQ:VOL_EWMA80 gate QQQ<SMA200,test,test,2025-01-02,2026-08-24,true,true,"{""*"": 6, ""BIL"": 0.5, ""BTAL"": 6, ""DBMF"": 2.5, ""KMLM"": 6, ""QQQ"": 1, ""SPY"": 0.7, ""TQQQ"": 1.5}",0.03000000,tests/data/2026-08-24-net15,,0.00772903,0.07176103,0.00664572,0.07177044,23236.34038584,19500.00000000,3736.34038584,0.19160720,0.14406598,0.14951874,0.79789651,0.19370191,1.09625660,0.88253297,-0.16324147,215,2025,0.18771681,2026,0.04989352,98799.17890052,33.60276736,1.85591509,0.00172322,,,0.44201290,0.14913536,0.14673013,0.04848469,,,,,,,,,0.40829703,0.18908870
VT TQQQ/BTAL50+KMLM50 t20 w0-80 QQQ:VOL_EWMA80 gate QQQ<SMA200,test,test,2025-01-02,2026-08-24,true,true,"{""*"": 6, ""BIL"": 0.5, ""BTAL"": 6, ""DBMF"": 2.5, ""KMLM"": 6, ""QQQ"": 1, ""SPY"": 0.7, ""TQQQ"": 1.5}",0.03000000,tests/data/2026-08-24-net15,,0.00718796,0.07184905,0.00628821,0.07186361,24249.22963628,19500.00000000,4749.22963628,0.24355024,0.17342157,0.18847475,0.88946193,0.20502483,1.22852746,1.16742198,-0.14855088,191,2025,0.17872522,2026,0.10278333,100361.93841575,38.77281866,1.86635244,0.00198835,,,0.29440098,0.09887666,,,0.29418629,0.09920749,,,,,,,0.40884456,0.19037701
SPY benchmark,test,test,2025-01-02,2026-08-24,true,true,"{""*"": 6, ""BIL"": 0.5, ""BTAL"": 6, ""DBMF"": 2.5, ""KMLM"": 6, ""QQQ"": 1, ""SPY"": 0.7, ""TQQQ"": 1.5}",0.03000000,tests/data/2026-08-24-net15,,0.02070958,0.04757251,0.02071231,0.04757251,24320.87863722,19500.00000000,4820.87863722,0.24722455,0.18230559,0.19120726,1.08527830,0.16854631,1.63331990,0.99826430,-0.18262257,127,2025,0.17232006,2026,0.12260919,18861.35152568,1.32029461,0.34736372,0.00006771,,,,,,,,,,,,,0.97928769,0.95242749,,
NTSX100,sens,sens_2020-12-18,2020-12-18,2023-12-18,false,true,"{""*"": 6, ""BIL"": 0.5, ""BTAL"": 6, ""DBMF"": 2.5, ""KMLM"": 6, ""QQQ"": 1, ""SPY"": 0.7, ""TQQQ"": 1.5}",0.03000000,tests/data/2026-08-24-net15,"{""NTSX"":1.0}",0.00104322,0.00282380,0.00105937,0.00283634,30512.34388747,28000.00000000,2512.34388747,0.08972657,0.03666416,0.04254481,0.29228274,0.17746909,0.41212944,0.11670689,-0.31415595,,2023,0.22123493,2022,-0.25973270,27984.70217074,16.79082130,0.24310067,0.00059967,,,,,,,,,0.99894063,0.99716366,,,,,,
RPAR100,sens,sens_2020-12-18,2020-12-18,2023-12-18,false,true,"{""*"": 6, ""BIL"": 0.5, ""BTAL"": 6, ""DBMF"": 2.5, ""KMLM"": 6, ""QQQ"": 1, ""SPY"": 0.7, ""TQQQ"": 1.5}",0.03000000,tests/data/2026-08-24-net15,"{""RPAR"":1.0}",0.00069143,0.00156296,0.00070818,0.00180581,25711.56926928,28000.00000000,-2288.43073072,-0.08172967,-0.04574314,-0.04131659,-0.28976046,0.13206434,-0.40595338,-0.14917801,-0.30663460,,2021,0.07190375,2022,-0.23267865,27968.84100068,16.78130460,0.26530261,0.00059933,,,,,,,,,,,0.99929182,0.99819419,,,,
NTSX50/RPAR50,sens,sens_2020-12-18,2020-12-18,2023-12-18,false,true,"{""*"": 6, ""BIL"": 0.5, ""BTAL"": 6, ""DBMF"": 2.5, ""KMLM"": 6, ""QQQ"": 1, ""SPY"": 0.7, ""TQQQ"": 1.5}",0.03000000,tests/data/2026-08-24-net15,"{""NTSX"":0.5,""RPAR"":0.5}",0.00167578,0.00341351,0.00124562,0.00279180,28030.31201607,28000.00000000,30.31201607,0.00108257,-0.00466221,0.00052998,0.03786180,0.14192972,0.05294281,-0.01536696,-0.30339172,,2021,0.14405743,2022,-0.24527031,27957.09436458,16.77425662,0.25367122,0.00059908,,,,,,,,,0.49882848,0.49720820,0.49947931,0.49876557,,,,
NTSX75/BIL25,sens,sens_2020-12-18,2020-12-18,2023-12-18,false,true,"{""*"": 6, ""BIL"": 0.5, ""BTAL"": 6, ""DBMF"": 2.5, ""KMLM"": 6, ""QQQ"": 1, ""SPY"": 0.7, ""TQQQ"": 1.5}",0.03000000,tests/data/2026-08-24-net15,"{""BIL"":0.25,""NTSX"":0.75}",0.00348068,0.00813600,0.00244938,0.00562690,30389.67950296,28000.00000000,2389.67950296,0.08534570,0.03501382,0.04052941,0.32662295,0.13262978,0.46122104,0.14481513,-0.24178289,,2023,0.17620464,2022,-0.19494487,30642.35316233,13.21800422,0.26505710,0.00047207,0.24761595,0.24437310,,,,,,,0.74889075,0.74735028,,,,,,
NTSX50/BIL50,sens,sens_2020-12-18,2020-12-18,2023-12-18,false,true,"{""*"": 6, ""BIL"": 0.5, ""BTAL"": 6, ""DBMF"": 2.5, ""KMLM"": 6, ""QQQ"": 1, ""SPY"": 0.7, ""TQQQ"": 1.5}",0.03000000,tests/data/2026-08-24-net15,"{""BIL"":0.5,""NTSX"":0.5}",0.00366810,0.00723230,0.00269919,0.00608930,30133.81663074,28000.00000000,2133.81663074,0.07620774,0.03106669,0.03630597,0.39237318,0.08811859,0.55562606,0.18901703,-0.16435924,,2023,0.13081588,2022,-0.12782514,31536.69009250,10.21492103,0.27213041,0.00036482,0.49738999,0.49391070,,,,,,,0.49893253,0.49722731,,,,,,
VT TQQQ/BTAL75+KMLM25 t20 w0-80 QQQ:VOL_EWMA80 gate QQQ<SMA200,sens,sens_2020-12-18,2020-12-18,2023-12-18,true,true,"{""*"": 6, ""BIL"": 0.5, ""BTAL"": 6, ""DBMF"": 2.5, ""KMLM"": 6, ""QQQ"": 1, ""SPY"": 0.7, ""TQQQ"": 1.5}",0.03000000,tests/data/2026-08-24-net15,,0.03887413,0.23271777,0.03848146,0.23272372,40634.86447671,28000.00000000,12634.86447671,0.45124516,0.17494013,0.19148246,0.95318787,0.18836418,1.37223931,0.91771277,-0.19062623,169,2023,0.34192278,2022,-0.06171072,157732.50255020,60.58336208,1.17857669,0.00216369,,,0.50392249,0.14979190,,,0.16747943,0.04996647,,,,,,,0.32728465,0.04055417
VT TQQQ/BTAL75+DBMF25 t20 w0-80 QQQ:VOL_EWMA80 gate QQQ<SMA200,sens,sens_2020-12-18,2020-12-18,2023-12-18,true,true,"{""*"": 6, ""BIL"": 0.5, ""BTAL"": 6, ""DBMF"": 2.5, ""KMLM"": 6, ""QQQ"": 1, ""SPY"": 0.7, ""TQQQ"": 1.5}",0.03000000,tests/data/2026-08-24-net15,,0.03907943,0.23271690,0.03852217,0.23272072,40117.34744028,28000.00000000,12117.34744028,0.43276241,0.16747072,0.18457270,0.91557374,0.18929838,1.32271855,0.87827026,-0.19068245,167,2023,0.33195622,2022,-0.07342515,156590.86117114,52.45232719,1.18282804,0.00187330,,,0.50378821,0.14872668,0.16747807,0.04898819,,,,,,,,,0.32717340,0.04055717
VT TQQQ/BTAL50+KMLM50 t20 w0-80 QQQ:VOL_EWMA80 gate QQQ<SMA200,sens,sens_2020-12-18,2020-12-18,2023-12-18,true,true,"{""*"": 6, ""BIL"": 0.5, ""BTAL"": 6, ""DBMF"": 2.5, ""KMLM"": 6, ""QQQ"": 1, ""SPY"": 0.7, ""TQQQ"": 1.5}",0.03000000,tests/data/2026-08-24-net15,,0.03987453,0.23306855,0.03931524,0.23307415,42051.37206960,28000.00000000,14051.37206960,0.50183472,0.20115592,0.21007347,1.04518951,0.19402619,1.49292955,1.24776413,-0.16121310,157,2023,0.36380585,2022,-0.04669946,163976.20831074,63.16464106,1.17748412,0.00225588,,,0.33621823,0.09988652,,,0.33599355,0.09942933,,,,,,,0.32629680,0.04020374
SPY benchmark,sens,sens_2020-12-18,2020-12-18,2023-12-18,true,true,"{""*"": 6, ""BIL"": 0.5, ""BTAL"": 6, ""DBMF"": 2.5, ""KMLM"": 6, ""QQQ"": 1, ""SPY"": 0.7, ""TQQQ"": 1.5}",0.03000000,tests/data/2026-08-24-net15,,0.01027565,0.02938556,0.01027746,0.02941953,34058.01624189,28000.00000000,6058.01624189,0.21635772,0.09830423,0.09836609,0.62673654,0.17438163,0.89726488,0.40201204,-0.24453056,709,2021,0.28166993,2022,-0.18247338,28012.03605312,1.96084252,0.22351374,0.00007003,,,,,,,,,,,,,0.98972254,0.97058047,,
NTSX100,sens,sens_2021-06-18,2021-06-18,2024-06-18,false,true,"{""*"": 6, ""BIL"": 0.5, ""BTAL"": 6, ""DBMF"": 2.5, ""KMLM"": 6, ""QQQ"": 1, ""SPY"": 0.7, ""TQQQ"": 1.5}",0.03000000,tests/data/2026-08-24-net15,"{""NTSX"":1.0}",0.00101798,0.00361375,0.00103449,0.00391257,33210.23728396,28000.00000000,5210.23728396,0.18607990,0.04985651,0.08535810,0.36624617,0.17505732,0.51814802,0.15874081,-0.31407492,898,2023,0.22426771,2022,-0.25958024,27976.37370721,16.78582422,0.24849841,0.00059949,,,,,,,,,0.99896551,0.99608743,,,,,,
RPAR100,sens,sens_2021-06-18,2021-06-18,2024-06-18,false,true,"{""*"": 6, ""BIL"": 0.5, ""BTAL"": 6, ""DBMF"": 2.5, ""KMLM"": 6, ""QQQ"": 1, ""SPY"": 0.7, ""TQQQ"": 1.5}",0.03000000,tests/data/2026-08-24-net15,"{""RPAR"":1.0}",0.00059934,0.00157681,0.00061635,0.00158731,26692.55874890,28000.00000000,-1307.44125110,-0.04669433,-0.04434016,-0.02326245,-0.27595506,0.13287289,-0.38623449,-0.14461438,-0.30660960,,2023,0.05504118,2022,-0.23266632,27968.11160972,16.78086697,0.27141747,0.00059932,,,,,,,,,,,0.99938365,0.99841269,,,,
NTSX50/RPAR50,sens,sens_2021-06-18,2021-06-18,2024-06-18,false,true,"{""*"": 6, ""BIL"": 0.5, ""BTAL"": 6, ""DBMF"": 2.5, ""KMLM"": 6, ""QQQ"": 1, ""SPY"": 0.7, ""TQQQ"": 1.5}",0.03000000,tests/data/2026-08-24-net15,"{""NTSX"":0.5,""RPAR"":0.5}",0.00153095,0.00482020,0.00114480,0.00310543,29794.25916921,28000.00000000,1794.25916921,0.06408068,0.00240722,0.03063595,0.08753467,0.14103434,0.12295243,0.00793360,-0.30342153,,2023,0.13683780,2022,-0.24529444,28020.74909044,16.81244945,0.26011331,0.00060044,,,,,,,,,0.49904688,0.49689457,0.49940541,0.49818381,,,,
NTSX75/BIL25,sens,sens_2021-06-18,2021-06-18,2024-06-18,false,true,"{""*"": 6, ""BIL"": 0.5, ""BTAL"": 6, ""DBMF"": 2.5, ""KMLM"": 6, ""QQQ"": 1, ""SPY"": 0.7, ""TQQQ"": 1.5}",0.03000000,tests/data/2026-08-24-net15,"{""BIL"":0.25,""NTSX"":0.75}",0.00344615,0.00959460,0.00266129,0.00673052,32500.95103874,28000.00000000,4500.95103874,0.16074825,0.04704561,0.07435107,0.41782505,0.13081986,0.59232050,0.19457700,-0.24178403,814,2023,0.17905837,2022,-0.19494651,30216.17552082,12.91051451,0.26491257,0.00046109,0.24751721,0.24326948,,,,,,,0.74902388,0.74712689,,,,,,
NTSX50/BIL50,sens,sens_2021-06-18,2021-06-18,2024-06-18,false,true,"{""*"": 6, ""BIL"": 0.5, ""BTAL"": 6, ""DBMF"": 2.5, ""KMLM"": 6, ""QQQ"": 1, ""SPY"": 0.7, ""TQQQ"": 1.5}",0.03000000,tests/data/2026-08-24-net15,"{""BIL"":0.5,""NTSX"":0.5}",0.00327403,0.00858652,0.00236577,0.00632321,31682.29983946,28000.00000000,3682.29983946,0.13151071,0.04195541,0.06142369,0.51791786,0.08686731,0.73739461,0.25573805,-0.16405620,763,2023,0.13314285,2022,-0.12749186,30657.70187206,9.70213373,0.26583904,0.00034650,0.49785551,0.49367679,,,,,,,0.49886111,0.49660266,,,,,,
VT TQQQ/BTAL75+KMLM25 t20 w0-80 QQQ:VOL_EWMA80 gate QQQ<SMA200,sens,sens_2021-06-18,2021-06-18,2024-06-18,true,true,"{""*"": 6, ""BIL"": 0.5, ""BTAL"": 6, ""DBMF"": 2.5, ""KMLM"": 6, ""QQQ"": 1, ""SPY"": 0.7, ""TQQQ"": 1.5}",0.03000000,tests/data/2026-08-24-net15,,0.03967411,0.23495072,0.03916985,0.23495763,46704.33476997,28000.00000000,18704.33476997,0.66801196,0.24434417,0.26789408,1.31910180,0.17832545,1.93525456,1.77456777,-0.13769222,80,2023,0.34996238,2022,-0.05898821,219620.63060284,83.86960063,1.55911092,0.00299534,,,0.49535679,0.16977769,,,0.16465146,0.05661502,,,,,,,0.33855471,0.03832026
VT TQQQ/BTAL75+DBMF25 t20 w0-80 QQQ:VOL_EWMA80 gate QQQ<SMA200,sens,sens_2021-06-18,2021-06-18,2024-06-18,true,true,"{""*"": 6, ""BIL"": 0.5, ""BTAL"": 6, ""DBMF"": 2.5, ""KMLM"": 6, ""QQQ"": 1, ""SPY"": 0.7, ""TQQQ"": 1.5}",0.03000000,tests/data/2026-08-24-net15,,0.03956585,0.23506378,0.03918954,0.23506843,47021.21291393,28000.00000000,19021.21291393,0.67932903,0.24431780,0.27168865,1.31934782,0.17826549,1.94342785,1.72928636,-0.14128244,552,2023,0.33950301,2022,-0.07047045,218775.86953949,73.06364574,1.56761336,0.00260942,,,0.49538462,0.17030014,0.16478590,0.05651482,,,,,,,,,0.33846659,0.03820947
VT TQQQ/BTAL50+KMLM50 t20 w0-80 QQQ:VOL_EWMA80 gate QQQ<SMA200,sens,sens_2021-06-18,2021-06-18,2024-06-18,true,true,"{""*"": 6, ""BIL"": 0.5, ""BTAL"": 6, ""DBMF"": 2.5, ""KMLM"": 6, ""QQQ"": 1, ""SPY"": 0.7, ""TQQQ"": 1.5}",0.03000000,tests/data/2026-08-24-net15,,0.04050051,0.23546276,0.03996791,0.23546996,46861.29680794,28000.00000000,18861.29680794,0.67361774,0.25089291,0.26977599,1.29746738,0.18651736,1.88046067,1.66660260,-0.15054153,524,2023,0.37313755,2022,-0.04407304,224086.74906761,85.69181601,1.56454107,0.00306042,,,0.33052878,0.11314735,,,0.33027059,0.11348582,,,,,,,0.33768858,0.03780794
SPY benchmark,sens,sens_2021-06-18,2021-06-18,2024-06-18,true,true,"{""*"": 6, ""BIL"": 0.5, ""BTAL"": 6, ""DBMF"": 2.5, ""KMLM"": 6, ""QQQ"": 1, ""SPY"": 0.7, ""TQQQ"": 1.5}",0.03000000,tests/data/2026-08-24-net15,,0.01305644,0.03356229,0.01305829,0.03356354,36798.47644478,28000.00000000,8798.47644478,0.31423130,0.10958263,0.13853035,0.69665576,0.17059980,1.00066295,0.45487298,-0.24090819,709,2023,0.25564345,2022,-0.17936457,27684.44040194,1.93791083,0.22648326,0.00006921,,,,,,,,,,,,,0.98694171,0.96643646,,
NTSX100,sens,sens_2021-12-20,2021-12-20,2024-12-18,false,true,"{""*"": 6, ""BIL"": 0.5, ""BTAL"": 6, ""DBMF"": 2.5, ""KMLM"": 6, ""QQQ"": 1, ""SPY"": 0.7, ""TQQQ"": 1.5}",0.03000000,tests/data/2026-08-24-net15,"{""NTSX"":1.0}",0.00097737,0.00388529,0.00099422,0.00418403,33909.17629738,28000.00000000,5909.17629738,0.21104201,0.04126385,0.09610696,0.31598925,0.17891714,0.44568168,0.13130829,-0.31425164,898,2023,0.22435612,2022,-0.25979036,27949.82165899,16.76989300,0.24347060,0.00059892,,,,,,,,,0.99900578,0.99581597,,,,,,
RPAR100,sens,sens_2021-12-20,2021-12-20,2024-12-18,false,true,"{""*"": 6, ""BIL"": 0.5, ""BTAL"": 6, ""DBMF"": 2.5, ""KMLM"": 6, ""QQQ"": 1, ""SPY"": 0.7, ""TQQQ"": 1.5}",0.03000000,tests/data/2026-08-24-net15,"{""RPAR"":1.0}",0.00065641,0.00202152,0.00067367,0.00232082,26287.28439907,28000.00000000,-1712.71560093,-0.06116841,-0.05961202,-0.03066562,-0.38514447,0.13597782,-0.53598957,-0.20169732,-0.29555189,,2023,0.05494292,2022,-0.23268690,27972.72291323,16.78363375,0.27007295,0.00059942,,,,,,,,,,,0.99932633,0.99767918,,,,
NTSX50/RPAR50,sens,sens_2021-12-20,2021-12-20,2024-12-18,false,true,"{""*"": 6, ""BIL"": 0.5, ""BTAL"": 6, ""DBMF"": 2.5, ""KMLM"": 6, ""QQQ"": 1, ""SPY"": 0.7, ""TQQQ"": 1.5}",0.03000000,tests/data/2026-08-24-net15,"{""NTSX"":0.5,""RPAR"":0.5}",0.00146486,0.00406416,0.00114057,0.00265594,29884.13414804,28000.00000000,1884.13414804,0.06729051,-0.00940264,0.03215571,0.00633456,0.14417935,0.00887497,-0.03115829,-0.30177018,,2023,0.13686021,2022,-0.24497470,28231.61306587,16.93896784,0.25888518,0.00060496,,,,,,,,,0.49899526,0.49734406,0.49952277,0.49857947,,,,
NTSX75/BIL25,sens,sens_2021-12-20,2021-12-20,2024-12-18,false,true,"{""*"": 6, ""BIL"": 0.5, ""BTAL"": 6, ""DBMF"": 2.5, ""KMLM"": 6, ""QQQ"": 1, ""SPY"": 0.7, ""TQQQ"": 1.5}",0.03000000,tests/data/2026-08-24-net15,"{""BIL"":0.25,""NTSX"":0.75}",0.00345891,0.00885307,0.00254263,0.00594338,33073.14645454,28000.00000000,5073.14645454,0.18118380,0.04244599,0.08330480,0.37855994,0.13366346,0.53530366,0.17576925,-0.24148700,814,2023,0.17866199,2022,-0.19459454,29036.80129126,12.45645737,0.25023703,0.00044487,0.24763759,0.24405662,,,,,,,0.74889069,0.74708032,,,,,,
NTSX50/BIL50,sens,sens_2021-12-20,2021-12-20,2024-12-18,false,true,"{""*"": 6, ""BIL"": 0.5, ""BTAL"": 6, ""DBMF"": 2.5, ""KMLM"": 6, ""QQQ"": 1, ""SPY"": 0.7, ""TQQQ"": 1.5}",0.03000000,tests/data/2026-08-24-net15,"{""BIL"":0.5,""NTSX"":0.5}",0.00370161,0.00816302,0.00271596,0.00525659,32155.07310471,28000.00000000,4155.07310471,0.14839547,0.04124091,0.06896820,0.50035111,0.08884997,0.71093555,0.25111792,-0.16422926,763,2023,0.13318021,2022,-0.12754865,29846.60515786,9.07375776,0.25493340,0.00032406,0.49731416,0.49474341,,,,,,,0.49897504,0.49605563,,,,,,
VT TQQQ/BTAL75+KMLM25 t20 w0-80 QQQ:VOL_EWMA80 gate QQQ<SMA200,sens,sens_2021-12-20,2021-12-20,2024-12-18,true,true,"{""*"": 6, ""BIL"": 0.5, ""BTAL"": 6, ""DBMF"": 2.5, ""KMLM"": 6, ""QQQ"": 1, ""SPY"": 0.7, ""TQQQ"": 1.5}",0.03000000,tests/data/2026-08-24-net15,,0.04092438,0.23932664,0.04051504,0.23933626,40589.27848505,28000.00000000,12589.27848505,0.44961709,0.15946532,0.19088031,0.87817856,0.18942490,1.22310001,0.97338028,-0.16382633,,2023,0.34756325,2022,-0.05423403,245819.80690349,94.49704542,1.78859527,0.00337489,,,0.50917134,0.16976586,,,0.16910254,0.05583821,,,,,,,0.32006296,0.03394163
VT TQQQ/BTAL75+DBMF25 t20 w0-80 QQQ:VOL_EWMA80 gate QQQ<SMA200,sens,sens_2021-12-20,2021-12-20,2024-12-18,true,true,"{""*"": 6, ""BIL"": 0.5, ""BTAL"": 6, ""DBMF"": 2.5, ""KMLM"": 6, ""QQQ"": 1, ""SPY"": 0.7, ""TQQQ"": 1.5}",0.03000000,tests/data/2026-08-24-net15,,0.04114125,0.23968615,0.04073958,0.23969312,40639.21499055,28000.00000000,12639.21499055,0.45140054,0.15732160,0.19154429,0.86747600,0.18968257,1.20803842,0.93543237,-0.16818063,,2023,0.33653273,2022,-0.06445245,245956.07408714,82.78566604,1.79804412,0.00295663,,,0.50935136,0.17016577,0.16921726,0.05604845,,,,,,,,,0.31978643,0.03358477
VT TQQQ/BTAL50+KMLM50 t20 w0-80 QQQ:VOL_EWMA80 gate QQQ<SMA200,sens,sens_2021-12-20,2021-12-20,2024-12-18,true,true,"{""*"": 6, ""BIL"": 0.5, ""BTAL"": 6, ""DBMF"": 2.5, ""KMLM"": 6, ""QQQ"": 1, ""SPY"": 0.7, ""TQQQ"": 1.5}",0.03000000,tests/data/2026-08-24-net15,,0.04153358,0.23948473,0.04110532,0.23949346,40714.33573582,28000.00000000,12714.33573582,0.45408342,0.16758883,0.19254203,0.88523212,0.19762612,1.22867283,1.01801649,-0.16462290,,2023,0.37133722,2022,-0.03976167,248907.76189504,95.61599075,1.78609244,0.00341486,,,0.33953398,0.11297698,,,0.33938227,0.11342290,,,,,,,0.31949469,0.03378444
SPY benchmark,sens,sens_2021-12-20,2021-12-20,2024-12-18,true,true,"{""*"": 6, ""BIL"": 0.5, ""BTAL"": 6, ""DBMF"": 2.5, ""KMLM"": 6, ""QQQ"": 1, ""SPY"": 0.7, ""TQQQ"": 1.5}",0.03000000,tests/data/2026-08-24-net15,,0.01036235,0.02853707,0.01036423,0.02853833,37154.48737506,28000.00000000,9154.48737506,0.32694598,0.10029625,0.14370727,0.64071401,0.17287560,0.91416688,0.41173444,-0.24359452,709,2023,0.25583662,2022,-0.18197208,27739.70744952,1.94177952,0.22279974,0.00006935,,,,,,,,,,,,,0.98963577,0.97146167,,
NTSX100,sens,sens_2022-06-21,2022-06-21,2025-06-18,false,true,"{""*"": 6, ""BIL"": 0.5, ""BTAL"": 6, ""DBMF"": 2.5, ""KMLM"": 6, ""QQQ"": 1, ""SPY"": 0.7, ""TQQQ"": 1.5}",0.03000000,tests/data/2026-08-24-net15,"{""NTSX"":1.0}",0.00074417,0.00252675,0.00075955,0.00254023,37720.50125548,28000.00000000,9720.50125548,0.34716076,0.14866294,0.15185531,0.87762983,0.17626809,1.29903002,0.76920317,-0.19326875,332,2023,0.22434512,2022,-0.00371148,27952.32515746,16.77139509,0.20276497,0.00059898,,,,,,,,,0.99924045,0.99745977,,,,,,
RPAR100,sens,sens_2022-06-21,2022-06-21,2025-06-18,false,true,"{""*"": 6, ""BIL"": 0.5, ""BTAL"": 6, ""DBMF"": 2.5, ""KMLM"": 6, ""QQQ"": 1, ""SPY"": 0.7, ""TQQQ"": 1.5}",0.03000000,tests/data/2026-08-24-net15,"{""RPAR"":1.0}",0.00052319,0.00179731,0.00053948,0.00209668,30032.99597716,28000.00000000,2032.99597716,0.07260700,0.02487889,0.03466781,0.25265862,0.13212176,0.36673931,0.15259764,-0.16303588,715,2025,0.06473644,2022,-0.03877371,27979.80508985,16.78788305,0.24023040,0.00059957,,,,,,,,,,,0.99946052,0.99790332,,,,
NTSX50/RPAR50,sens,sens_2022-06-21,2022-06-21,2025-06-18,false,true,"{""*"": 6, ""BIL"": 0.5, ""BTAL"": 6, ""DBMF"": 2.5, ""KMLM"": 6, ""QQQ"": 1, ""SPY"": 0.7, ""TQQQ"": 1.5}",0.03000000,tests/data/2026-08-24-net15,"{""NTSX"":0.5,""RPAR"":0.5}",0.00150827,0.00387548,0.00110619,0.00277778,33667.19592609,28000.00000000,5667.19592609,0.20239985,0.08610273,0.09252358,0.65645149,0.14157546,0.97385407,0.50027060,-0.17211232,486,2023,0.13690115,2022,-0.02052197,28917.27809970,17.35036686,0.22829959,0.00061966,,,,,,,,,0.49893621,0.49722222,0.49953947,0.49883704,,,,
NTSX75/BIL25,sens,sens_2022-06-21,2022-06-21,2025-06-18,false,true,"{""*"": 6, ""BIL"": 0.5, ""BTAL"": 6, ""DBMF"": 2.5, ""KMLM"": 6, ""QQQ"": 1, ""SPY"": 0.7, ""TQQQ"": 1.5}",0.03000000,tests/data/2026-08-24-net15,"{""BIL"":0.25,""NTSX"":0.75}",0.00301697,0.00767370,0.00220887,0.00539729,35845.56128542,28000.00000000,7845.56128542,0.28019862,0.12294348,0.12502340,0.95006169,0.13168384,1.40821330,0.84016430,-0.14633266,304,2023,0.17859316,2022,0.00392162,29262.75119827,12.30888849,0.21931261,0.00043960,0.24789658,0.24460271,,,,,,,0.74907483,0.74749323,,,,,,
NTSX50/BIL50,sens,sens_2022-06-21,2022-06-21,2025-06-18,false,true,"{""*"": 6, ""BIL"": 0.5, ""BTAL"": 6, ""DBMF"": 2.5, ""KMLM"": 6, ""QQQ"": 1, ""SPY"": 0.7, ""TQQQ"": 1.5}",0.03000000,tests/data/2026-08-24-net15,"{""BIL"":0.5,""NTSX"":0.5}",0.00328577,0.00841253,0.00239906,0.00632730,33978.55674745,28000.00000000,5978.55674745,0.21351988,0.09584849,0.09726186,1.09550484,0.08738816,1.63152146,0.97847340,-0.09795718,291,2023,0.13310940,2022,0.00863233,30182.98426581,8.96046082,0.23418533,0.00032002,0.49773934,0.49367270,,,,,,,0.49896651,0.49747414,,,,,,
VT TQQQ/BTAL75+KMLM25 t20 w0-80 QQQ:VOL_EWMA80 gate QQQ<SMA200,sens,sens_2022-06-21,2022-06-21,2025-06-18,true,true,"{""*"": 6, ""BIL"": 0.5, ""BTAL"": 6, ""DBMF"": 2.5, ""KMLM"": 6, ""QQQ"": 1, ""SPY"": 0.7, ""TQQQ"": 1.5}",0.03000000,tests/data/2026-08-24-net15,,0.04881013,0.27326684,0.04836976,0.27327789,36635.52854588,28000.00000000,8635.52854588,0.30841173,0.13645573,0.13645083,0.75079717,0.19705848,1.04256142,0.77176965,-0.17680889,,2023,0.32926105,2025,-0.03628059,240260.39188732,93.34425035,1.68493783,0.00333372,,,0.50763167,0.16983061,,,0.16870806,0.05612269,,,,,,,0.32208752,0.00000000
VT TQQQ/BTAL75+DBMF25 t20 w0-80 QQQ:VOL_EWMA80 gate QQQ<SMA200,sens,sens_2022-06-21,2022-06-21,2025-06-18,true,true,"{""*"": 6, ""BIL"": 0.5, ""BTAL"": 6, ""DBMF"": 2.5, ""KMLM"": 6, ""QQQ"": 1, ""SPY"": 0.7, ""TQQQ"": 1.5}",0.03000000,tests/data/2026-08-24-net15,,0.04869940,0.27326975,0.04830807,0.27327789,37454.69186246,28000.00000000,9454.69186246,0.33766757,0.14627867,0.14811162,0.79202779,0.19794315,1.10021671,0.79970872,-0.18291494,,2023,0.31849735,2025,-0.02307686,243247.93508075,82.42921280,1.69418962,0.00294390,,,0.50780908,0.17011082,0.16883641,0.05626382,,,,,,,,,0.32208359,0.00000000
VT TQQQ/BTAL50+KMLM50 t20 w0-80 QQQ:VOL_EWMA80 gate QQQ<SMA200,sens,sens_2022-06-21,2022-06-21,2025-06-18,true,true,"{""*"": 6, ""BIL"": 0.5, ""BTAL"": 6, ""DBMF"": 2.5, ""KMLM"": 6, ""QQQ"": 1, ""SPY"": 0.7, ""TQQQ"": 1.5}",0.03000000,tests/data/2026-08-24-net15,,0.04882387,0.27326676,0.04830727,0.27327789,35612.57255218,28000.00000000,7612.57255218,0.27187759,0.12292843,0.12161783,0.67235219,0.20433429,0.92976328,0.58881679,-0.20877195,,2023,0.35328223,2025,-0.05048728,238859.22748544,92.88985585,1.69836648,0.00331749,,,0.33817344,0.11344543,,,0.33792096,0.11301180,,,,,,,0.32221999,0.00000000
SPY benchmark,sens,sens_2022-06-21,2022-06-21,2025-06-18,true,true,"{""*"": 6, ""BIL"": 0.5, ""BTAL"": 6, ""DBMF"": 2.5, ""KMLM"": 6, ""QQQ"": 1, ""SPY"": 0.7, ""TQQQ"": 1.5}",0.03000000,tests/data/2026-08-24-net15,,0.01300693,0.03227619,0.01300869,0.03231006,39711.10365518,28000.00000000,11711.10365518,0.41825370,0.18054493,0.17929622,1.04394150,0.17412158,1.58463964,0.96873098,-0.18637262,,2023,0.25475887,2025,0.02204046,27867.34190562,1.95071393,0.19292624,0.00006967,,,,,,,,,,,,,0.98699131,0.96768994,,
NTSX100,sens,sens_2022-12-19,2022-12-19,2025-12-18,false,true,"{""*"": 6, ""BIL"": 0.5, ""BTAL"": 6, ""DBMF"": 2.5, ""KMLM"": 6, ""QQQ"": 1, ""SPY"": 0.7, ""TQQQ"": 1.5}",0.03000000,tests/data/2026-08-24-net15,"{""NTSX"":1.0}",0.00087774,0.00326133,0.00089276,0.00356026,41062.28435925,28000.00000000,13062.28435925,0.46651016,0.19946259,0.19707260,1.26847995,0.15335000,1.86238494,1.18139617,-0.16883633,200,2023,0.22413555,2022,-0.00418663,27947.41485330,16.76844891,0.19122910,0.00059887,,,,,,,,,0.99910724,0.99643974,,,,,,
RPAR100,sens,sens_2022-12-19,2022-12-19,2025-12-18,false,true,"{""*"": 6, ""BIL"": 0.5, ""BTAL"": 6, ""DBMF"": 2.5, ""KMLM"": 6, ""QQQ"": 1, ""SPY"": 0.7, ""TQQQ"": 1.5}",0.03000000,tests/data/2026-08-24-net15,"{""RPAR"":1.0}",0.00052090,0.00196983,0.00053695,0.00226915,32838.02189624,28000.00000000,4838.02189624,0.17278650,0.06653677,0.07963782,0.62021617,0.11500185,0.89685455,0.44478325,-0.14959370,503,2025,0.17451020,2022,-0.01783544,27976.82944683,16.78609767,0.23069620,0.00059950,,,,,,,,,,,0.99946305,0.99773085,,,,
NTSX50/RPAR50,sens,sens_2022-12-19,2022-12-19,2025-12-18,false,true,"{""*"": 6, ""BIL"": 0.5, ""BTAL"": 6, ""DBMF"": 2.5, ""KMLM"": 6, ""QQQ"": 1, ""SPY"": 0.7, ""TQQQ"": 1.5}",0.03000000,tests/data/2026-08-24-net15,"{""NTSX"":0.5,""RPAR"":0.5}",0.00146771,0.00370240,0.00112249,0.00265319,36691.81696235,28000.00000000,8691.81696235,0.31042203,0.13177221,0.13706664,1.08381062,0.12157466,1.59733678,1.03226198,-0.12765384,148,2025,0.17802619,2022,-0.01100093,28641.86490722,17.18511894,0.21532725,0.00061375,,,,,,,,,0.49897390,0.49734681,0.49954268,0.49799176,,,,
NTSX75/BIL25,sens,sens_2022-12-19,2022-12-19,2025-12-18,false,true,"{""*"": 6, ""BIL"": 0.5, ""BTAL"": 6, ""DBMF"": 2.5, ""KMLM"": 6, ""QQQ"": 1, ""SPY"": 0.7, ""TQQQ"": 1.5}",0.03000000,tests/data/2026-08-24-net15,"{""BIL"":0.25,""NTSX"":0.75}",0.00343423,0.00852285,0.00250300,0.00691673,38119.15442418,28000.00000000,10119.15442418,0.36139837,0.15934617,0.15721204,1.35437197,0.11454418,1.99168073,1.26218503,-0.12624629,125,2023,0.17866617,2022,-0.00276249,28651.63179976,11.89708240,0.20549697,0.00042490,0.24757971,0.24308327,,,,,,,0.74897487,0.74757089,,,,,,
NTSX50/BIL50,sens,sens_2022-12-19,2022-12-19,2025-12-18,false,true,"{""*"": 6, ""BIL"": 0.5, ""BTAL"": 6, ""DBMF"": 2.5, ""KMLM"": 6, ""QQQ"": 1, ""SPY"": 0.7, ""TQQQ"": 1.5}",0.03000000,tests/data/2026-08-24-net15,"{""BIL"":0.5,""NTSX"":0.5}",0.00302439,0.00667570,0.00241204,0.00609451,35354.43518757,28000.00000000,7354.43518757,0.26265840,0.11948321,0.11766278,1.52900122,0.07606558,2.26143906,1.42674427,-0.08374536,111,2023,0.13321137,2022,-0.00133914,29530.70520013,8.36096443,0.22212666,0.00029861,0.49780973,0.49390549,,,,,,,0.49915794,0.49800572,,,,,,
VT TQQQ/BTAL75+KMLM25 t20 w0-80 QQQ:VOL_EWMA80 gate QQQ<SMA200,sens,sens_2022-12-19,2022-12-19,2025-12-18,true,true,"{""*"": 6, ""BIL"": 0.5, ""BTAL"": 6, ""DBMF"": 2.5, ""KMLM"": 6, ""QQQ"": 1, ""SPY"": 0.7, ""TQQQ"": 1.5}",0.03000000,tests/data/2026-08-24-net15,,0.01768411,0.27326373,0.01707446,0.27327789,42328.48440139,28000.00000000,14328.48440139,0.51173159,0.22130300,0.21358294,1.08238348,0.20515691,1.52056979,1.25461736,-0.17639083,448,2023,0.32885526,2022,0.01084122,309001.64095777,118.44433485,2.02958127,0.00423015,,,0.43954848,0.14978881,,,0.14606900,0.04956413,,,,,,,0.41273569,0.00000000
VT TQQQ/BTAL75+DBMF25 t20 w0-80 QQQ:VOL_EWMA80 gate QQQ<SMA200,sens,sens_2022-12-19,2022-12-19,2025-12-18,true,true,"{""*"": 6, ""BIL"": 0.5, ""BTAL"": 6, ""DBMF"": 2.5, ""KMLM"": 6, ""QQQ"": 1, ""SPY"": 0.7, ""TQQQ"": 1.5}",0.03000000,tests/data/2026-08-24-net15,,0.01751600,0.27326611,0.01699575,0.27327789,43288.55639326,28000.00000000,15288.55639326,0.54601987,0.23130524,0.22586417,1.10901352,0.20820243,1.55538972,1.26722436,-0.18252903,447,2023,0.31899796,2022,0.01373663,313607.42665210,105.10024170,2.04161256,0.00375358,,,0.43968413,0.14963971,0.14611231,0.04945043,,,,,,,,,0.41278094,0.00000000
VT TQQQ/BTAL50+KMLM50 t20 w0-80 QQQ:VOL_EWMA80 gate QQQ<SMA200,sens,sens_2022-12-19,2022-12-19,2025-12-18,true,true,"{""*"": 6, ""BIL"": 0.5, ""BTAL"": 6, ""DBMF"": 2.5, ""KMLM"": 6, ""QQQ"": 1, ""SPY"": 0.7, ""TQQQ"": 1.5}",0.03000000,tests/data/2026-08-24-net15,,0.01742713,0.27326387,0.01691428,0.27327789,42674.79286923,28000.00000000,14674.79286923,0.52409975,0.22526737,0.21803599,1.05751797,0.21502366,1.48657532,1.08111643,-0.20836550,448,2023,0.35285593,2022,0.00465926,310939.70457351,119.23040453,2.04753085,0.00425823,,,0.29290471,0.09975871,,,0.29266410,0.09935293,,,,,,,0.41292799,0.00000000
SPY benchmark,sens,sens_2022-12-19,2022-12-19,2025-12-18,true,true,"{""*"": 6, ""BIL"": 0.5, ""BTAL"": 6, ""DBMF"": 2.5, ""KMLM"": 6, ""QQQ"": 1, ""SPY"": 0.7, ""TQQQ"": 1.5}",0.03000000,tests/data/2026-08-24-net15,,0.01373062,0.03102931,0.01373233,0.03103048,42350.05039969,28000.00000000,14350.05039969,0.51250180,0.22127549,0.21386102,1.39615725,0.15212746,2.09948175,1.19339310,-0.18541710,127,2023,0.25343313,2022,0.00627264,27994.95365024,1.95964676,0.18523395,0.00006999,,,,,,,,,,,,,0.98626767,0.96896952,,
NTSX100,sens,sens_2023-06-20,2023-06-20,2026-06-18,false,true,"{""*"": 6, ""BIL"": 0.5, ""BTAL"": 6, ""DBMF"": 2.5, ""KMLM"": 6, ""QQQ"": 1, ""SPY"": 0.7, ""TQQQ"": 1.5}",0.03000000,tests/data/2026-08-24-net15,"{""NTSX"":1.0}",0.00122145,0.00321872,0.00123665,0.00323138,40336.80767253,28000.00000000,12336.80767253,0.44060027,0.18346177,0.18764997,1.17976635,0.15330610,1.69952843,1.08637736,-0.16887481,200,2024,0.19958460,2023,0.07576338,27984.66224524,16.79079735,0.19696575,0.00059967,,,,,,,,,0.99876335,0.99676862,,,,,,
RPAR100,sens,sens_2023-06-20,2023-06-20,2026-06-18,false,true,"{""*"": 6, ""BIL"": 0.5, ""BTAL"": 6, ""DBMF"": 2.5, ""KMLM"": 6, ""QQQ"": 1, ""SPY"": 0.7, ""TQQQ"": 1.5}",0.03000000,tests/data/2026-08-24-net15,"{""RPAR"":1.0}",0.00056979,0.00186151,0.00058581,0.00216087,33782.74748721,28000.00000000,5782.74748721,0.20652670,0.07761602,0.09425719,0.70242974,0.11648038,0.99915672,0.58368869,-0.13297503,161,2025,0.17407320,2024,-0.00321270,27963.37592414,16.77802555,0.22600718,0.00059922,,,,,,,,,,,0.99941419,0.99783913,,,,
NTSX50/RPAR50,sens,sens_2023-06-20,2023-06-20,2026-06-18,false,true,"{""*"": 6, ""BIL"": 0.5, ""BTAL"": 6, ""DBMF"": 2.5, ""KMLM"": 6, ""QQQ"": 1, ""SPY"": 0.7, ""TQQQ"": 1.5}",0.03000000,tests/data/2026-08-24-net15,"{""NTSX"":0.5,""RPAR"":0.5}",0.00155146,0.00322590,0.00120863,0.00276639,36966.06215546,28000.00000000,8966.06215546,0.32021651,0.13061747,0.14113309,1.06252335,0.12312053,1.54047290,1.02471877,-0.12746665,148,2025,0.18096697,2023,0.03930565,29721.78175941,17.83306906,0.22411983,0.00063690,,,,,,,,,0.49884334,0.49723361,0.49958918,0.49867804,,,,
NTSX75/BIL25,sens,sens_2023-06-20,2023-06-20,2026-06-18,false,true,"{""*"": 6, ""BIL"": 0.5, ""BTAL"": 6, ""DBMF"": 2.5, ""KMLM"": 6, ""QQQ"": 1, ""SPY"": 0.7, ""TQQQ"": 1.5}",0.03000000,tests/data/2026-08-24-net15,"{""BIL"":0.25,""NTSX"":0.75}",0.00280309,0.00797833,0.00212211,0.00633952,37607.09181153,28000.00000000,9607.09181153,0.34311042,0.14757704,0.15021128,1.26541056,0.11437913,1.82549622,1.16959498,-0.12617790,125,2024,0.15995255,2023,0.06424448,29206.94729389,12.16008333,0.21414919,0.00043429,0.24803612,0.24366048,,,,,,,0.74914937,0.74784572,,,,,,
NTSX50/BIL50,sens,sens_2023-06-20,2023-06-20,2026-06-18,false,true,"{""*"": 6, ""BIL"": 0.5, ""BTAL"": 6, ""DBMF"": 2.5, ""KMLM"": 6, ""QQQ"": 1, ""SPY"": 0.7, ""TQQQ"": 1.5}",0.03000000,tests/data/2026-08-24-net15,"{""BIL"":0.5,""NTSX"":0.5}",0.00387810,0.00901215,0.00270547,0.00643382,35001.67161004,28000.00000000,7001.67161004,0.25005970,0.11141616,0.11257500,1.43717899,0.07578614,2.08446140,1.33114937,-0.08369922,111,2024,0.12073611,2026,0.04958196,30177.51156226,8.79355055,0.23067318,0.00031406,0.49751717,0.49356618,,,,,,,0.49859655,0.49677447,,,,,,
VT TQQQ/BTAL75+KMLM25 t20 w0-80 QQQ:VOL_EWMA80 gate QQQ<SMA200,sens,sens_2023-06-20,2023-06-20,2026-06-18,true,true,"{""*"": 6, ""BIL"": 0.5, ""BTAL"": 6, ""DBMF"": 2.5, ""KMLM"": 6, ""QQQ"": 1, ""SPY"": 0.7, ""TQQQ"": 1.5}",0.03000000,tests/data/2026-08-24-net15,,0.00407349,0.06762984,0.00333224,0.06763601,38626.91824577,28000.00000000,10626.91824577,0.37953279,0.17508186,0.16442353,0.87261674,0.21136446,1.19848023,0.99543636,-0.17588453,448,2024,0.16935399,2026,0.02315336,285461.46553371,107.77767904,1.98312006,0.00384920,,,0.41048740,0.14947589,,,0.13624398,0.04912462,,,,,,,0.45140900,0.19917217
VT TQQQ/BTAL75+DBMF25 t20 w0-80 QQQ:VOL_EWMA80 gate QQQ<SMA200,sens,sens_2023-06-20,2023-06-20,2026-06-18,true,true,"{""*"": 6, ""BIL"": 0.5, ""BTAL"": 6, ""DBMF"": 2.5, ""KMLM"": 6, ""QQQ"": 1, ""SPY"": 0.7, ""TQQQ"": 1.5}",0.03000000,tests/data/2026-08-24-net15,,0.00413753,0.06608763,0.00332852,0.06609068,39527.65794902,28000.00000000,11527.65794902,0.41170207,0.18742263,0.17675014,0.91088533,0.21482720,1.25019882,1.02728922,-0.18244388,447,2025,0.18519711,2026,0.02275029,289566.24119968,95.87292144,1.98052597,0.00342403,,,0.41049263,0.14957812,0.13620543,0.04954692,,,,,,,,,0.45133736,0.19930254
VT TQQQ/BTAL50+KMLM50 t20 w0-80 QQQ:VOL_EWMA80 gate QQQ<SMA200,sens,sens_2023-06-20,2023-06-20,2026-06-18,true,true,"{""*"": 6, ""BIL"": 0.5, ""BTAL"": 6, ""DBMF"": 2.5, ""KMLM"": 6, ""QQQ"": 1, ""SPY"": 0.7, ""TQQQ"": 1.5}",0.03000000,tests/data/2026-08-24-net15,,0.00381388,0.06514127,0.00321026,0.06514825,40735.97975070,28000.00000000,12735.97975070,0.45485642,0.19401416,0.19296856,0.91121960,0.22274715,1.25482336,0.93186347,-0.20820020,448,2025,0.17757147,2026,0.07932018,285103.45731926,107.71797178,1.98755505,0.00384707,,,0.27356058,0.09966655,,,0.27327209,0.09920084,,,,,,,0.45140349,0.20172445
SPY benchmark,sens,sens_2023-06-20,2023-06-20,2026-06-18,true,true,"{""*"": 6, ""BIL"": 0.5, ""BTAL"": 6, ""DBMF"": 2.5, ""KMLM"": 6, ""QQQ"": 1, ""SPY"": 0.7, ""TQQQ"": 1.5}",0.03000000,tests/data/2026-08-24-net15,,0.01319629,0.03362596,0.01319803,0.03362731,41873.86989185,28000.00000000,13873.86989185,0.49549535,0.20584829,0.20792477,1.32130241,0.15079038,1.96688717,1.10739347,-0.18588541,127,2024,0.24356756,2023,0.09159990,27966.92029269,1.95768442,0.19207650,0.00006992,,,,,,,,,,,,,0.98680197,0.96637269,,
