label,kind,window,start,end,is_baseline,feasible,cost_bps,cash_yield,data_dir,params.safe,params.gate,avg_misallocation,max_misallocation,avg_asset_deviation,max_asset_deviation,final_value,total_contributed,net_profit,net_profit_pct,cagr,xirr,sharpe,volatility,sortino,calmar,max_drawdown,max_drawdown_days,best_year,best_year_return,worst_year,worst_year_return,traded_value,total_fees,turnover,fee_drag,exposure.BTAL.avg,exposure.BTAL.min,exposure.DBMF.avg,exposure.DBMF.min,exposure.KMLM.avg,exposure.KMLM.min,exposure.SPY.avg,exposure.SPY.min,exposure.TQQQ.avg,exposure.TQQQ.min
VT TQQQ/BTAL75+KMLM25 t20 w0-80 QQQ:VOL_EWMA80,full,full,2020-12-18,2026-08-24,false,true,"{""*"": 6, ""BIL"": 0.5, ""BTAL"": 6, ""DBMF"": 2.5, ""KMLM"": 6, ""QQQ"": 1, ""SPY"": 0.7, ""TQQQ"": 1.5}",0.03000000,tests/data/2026-08-24-net15,BTAL75+KMLM25,,0.00109109,0.00317724,0.00062496,0.00156580,78857.72213715,44000.00000000,34857.72213715,0.79222096,0.16284172,0.16777684,0.85422330,0.20145277,1.19590434,0.83354496,-0.19536046,448,2023,0.47539089,2022,-0.14196050,794427.99490181,298.00409494,1.76537256,0.00677282,0.44993570,0.14979190,,,0.14961710,0.04969227,,,0.39930299,0.13807806
VT TQQQ/BTAL75+KMLM25 t20 w0-80 QQQ:VOL_EWMA80 gate QQQ<SMA200,full,full,2020-12-18,2026-08-24,false,true,"{""*"": 6, ""BIL"": 0.5, ""BTAL"": 6, ""DBMF"": 2.5, ""KMLM"": 6, ""QQQ"": 1, ""SPY"": 0.7, ""TQQQ"": 1.5}",0.03000000,tests/data/2026-08-24-net15,BTAL75+KMLM25,QQQ<SMA200,0.02225794,0.23271777,0.02193891,0.23272372,78210.87834089,44000.00000000,34210.87834089,0.77751996,0.16259332,0.16537877,0.85557255,0.20071571,1.19289746,0.85294307,-0.19062623,169,2023,0.35127130,2022,-0.06171072,763850.58088798,288.39364768,1.70129275,0.00655440,0.46603286,0.14976209,,,0.15499201,0.04972690,,,0.37794007,0.04055417
VT TQQQ/BTAL75+KMLM25 t20 w0-80 QQQ:VOL_EWMA80 gate QQQ<SMA10M,full,full,2020-12-18,2026-08-24,false,true,"{""*"": 6, ""BIL"": 0.5, ""BTAL"": 6, ""DBMF"": 2.5, ""KMLM"": 6, ""QQQ"": 1, ""SPY"": 0.7, ""TQQQ"": 1.5}",0.03000000,tests/data/2026-08-24-net15,BTAL75+KMLM25,QQQ<SMA10M,0.02225794,0.23271777,0.02193891,0.23272372,78210.87834089,44000.00000000,34210.87834089,0.77751996,0.16259332,0.16537877,0.85557255,0.20071571,1.19289746,0.85294307,-0.19062623,169,2023,0.35127130,2022,-0.06171072,763850.58088798,288.39364768,1.70129275,0.00655440,0.46603286,0.14976209,,,0.15499201,0.04972690,,,0.37794007,0.04055417
VT TQQQ/BTAL75+DBMF25 t20 w0-80 QQQ:VOL_EWMA80,full,full,2020-12-18,2026-08-24,false,true,"{""*"": 6, ""BIL"": 0.5, ""BTAL"": 6, ""DBMF"": 2.5, ""KMLM"": 6, ""QQQ"": 1, ""SPY"": 0.7, ""TQQQ"": 1.5}",0.03000000,tests/data/2026-08-24-net15,BTAL75+DBMF25,,0.00115551,0.00359694,0.00066413,0.00173904,79561.96182983,44000.00000000,35561.96182983,0.80822641,0.16360352,0.17036680,0.84683921,0.20479612,1.18565961,0.81272474,-0.20130250,439,2023,0.46407973,2022,-0.15271034,797030.98481898,263.26685826,1.76845965,0.00598334,0.44993110,0.14872668,0.14965469,0.04898819,,,,,0.39921190,0.13842966
VT TQQQ/BTAL75+DBMF25 t20 w0-80 QQQ:VOL_EWMA80 gate QQQ<SMA200,full,full,2020-12-18,2026-08-24,false,true,"{""*"": 6, ""BIL"": 0.5, ""BTAL"": 6, ""DBMF"": 2.5, ""KMLM"": 6, ""QQQ"": 1, ""SPY"": 0.7, ""TQQQ"": 1.5}",0.03000000,tests/data/2026-08-24-net15,BTAL75+DBMF25,QQQ<SMA200,0.02236651,0.23271690,0.02196205,0.23272072,78961.21449114,44000.00000000,34961.21449114,0.79457306,0.16349089,0.16815881,0.85124373,0.20325706,1.18778473,0.85739876,-0.19068245,167,2023,0.34071490,2022,-0.07342515,766971.71583606,254.24209466,1.70559042,0.00577823,0.46595248,0.14872668,0.15499753,0.04898819,,,,,0.37788537,0.04055717
VT TQQQ/BTAL75+DBMF25 t20 w0-80 QQQ:VOL_EWMA80 gate QQQ<SMA10M,full,full,2020-12-18,2026-08-24,false,true,"{""*"": 6, ""BIL"": 0.5, ""BTAL"": 6, ""DBMF"": 2.5, ""KMLM"": 6, ""QQQ"": 1, ""SPY"": 0.7, ""TQQQ"": 1.5}",0.03000000,tests/data/2026-08-24-net15,BTAL75+DBMF25,QQQ<SMA10M,0.02236651,0.23271690,0.02196205,0.23272072,78961.21449114,44000.00000000,34961.21449114,0.79457306,0.16349089,0.16815881,0.85124373,0.20325706,1.18778473,0.85739876,-0.19068245,167,2023,0.34071490,2022,-0.07342515,766971.71583606,254.24209466,1.70559042,0.00577823,0.46595248,0.14872668,0.15499753,0.04898819,,,,,0.37788537,0.04055717
VT TQQQ/BTAL50+KMLM50 t20 w0-80 QQQ:VOL_EWMA80,full,full,2020-12-18,2026-08-24,false,true,"{""*"": 6, ""BIL"": 0.5, ""BTAL"": 6, ""DBMF"": 2.5, ""KMLM"": 6, ""QQQ"": 1, ""SPY"": 0.7, ""TQQQ"": 1.5}",0.03000000,tests/data/2026-08-24-net15,BTAL50+KMLM50,,0.00119998,0.00374295,0.00067386,0.00173516,84168.23748714,44000.00000000,40168.23748714,0.91291449,0.18388579,0.18679563,0.90867272,0.21153803,1.27183537,0.81407574,-0.22588289,448,2023,0.49705097,2022,-0.13039694,818437.67640098,307.04040505,1.76569372,0.00697819,0.29985508,0.09988652,,,0.29968791,0.09942933,,,0.39920372,0.13875850
VT TQQQ/BTAL50+KMLM50 t20 w0-80 QQQ:VOL_EWMA80 gate QQQ<SMA200,full,full,2020-12-18,2026-08-24,false,true,"{""*"": 6, ""BIL"": 0.5, ""BTAL"": 6, ""DBMF"": 2.5, ""KMLM"": 6, ""QQQ"": 1, ""SPY"": 0.7, ""TQQQ"": 1.5}",0.03000000,tests/data/2026-08-24-net15,BTAL50+KMLM50,QQQ<SMA200,0.02272430,0.23306855,0.02231692,0.23307415,83801.85748202,44000.00000000,39801.85748202,0.90458767,0.18491311,0.18552007,0.91985571,0.20944300,1.28053428,0.88489974,-0.20896504,448,2023,0.37454047,2022,-0.04669946,790340.39060820,298.67865997,1.70301649,0.00678815,0.31076659,0.09980015,,,0.31061452,0.09942933,,,0.37748399,0.04020374
VT TQQQ/BTAL50+KMLM50 t20 w0-80 QQQ:VOL_EWMA80 gate QQQ<SMA10M,full,full,2020-12-18,2026-08-24,false,true,"{""*"": 6, ""BIL"": 0.5, ""BTAL"": 6, ""DBMF"": 2.5, ""KMLM"": 6, ""QQQ"": 1, ""SPY"": 0.7, ""TQQQ"": 1.5}",0.03000000,tests/data/2026-08-24-net15,BTAL50+KMLM50,QQQ<SMA10M,0.02272430,0.23306855,0.02231692,0.23307415,83801.85748202,44000.00000000,39801.85748202,0.90458767,0.18491311,0.18552007,0.91985571,0.20944300,1.28053428,0.88489974,-0.20896504,448,2023,0.37454047,2022,-0.04669946,790340.39060820,298.67865997,1.70301649,0.00678815,0.31076659,0.09980015,,,0.31061452,0.09942933,,,0.37748399,0.04020374
SPY benchmark,full,full,2020-12-18,2026-08-24,true,true,"{""*"": 6, ""BIL"": 0.5, ""BTAL"": 6, ""DBMF"": 2.5, ""KMLM"": 6, ""QQQ"": 1, ""SPY"": 0.7, ""TQQQ"": 1.5}",0.03000000,tests/data/2026-08-24-net15,,,0.00776260,0.02938556,0.00776372,0.02941953,76979.08018368,44000.00000000,32979.08018368,0.74952455,0.14815618,0.16076005,0.92053059,0.16582684,1.33958435,0.60588003,-0.24453056,709,2021,0.28166993,2022,-0.18247338,43403.08520685,3.03821596,0.10441417,0.00006905,,,,,,,0.99223628,0.97058047,,
VT TQQQ/BTAL75+KMLM25 t20 w0-80 QQQ:VOL_EWMA80,fit,fit,2020-12-18,2024-12-31,false,true,"{""*"": 6, ""BIL"": 0.5, ""BTAL"": 6, ""DBMF"": 2.5, ""KMLM"": 6, ""QQQ"": 1, ""SPY"": 0.7, ""TQQQ"": 1.5}",0.03000000,tests/data/2026-08-24-net15,BTAL75+KMLM25,,0.00127264,0.00317724,0.00070991,0.00156580,54583.27257084,34000.00000000,20583.27257084,0.60539037,0.17348040,0.18578058,0.88922061,0.20416004,1.25341952,0.91005522,-0.19062623,169,2023,0.47539089,2022,-0.14196050,417205.98059929,156.34342253,1.77074804,0.00459834,0.45388872,0.14979190,,,0.15086860,0.04996647,,,0.39391707,0.13807806
VT TQQQ/BTAL75+KMLM25 t20 w0-80 QQQ:VOL_EWMA80 gate QQQ<SMA200,fit,fit,2020-12-18,2024-12-31,false,true,"{""*"": 6, ""BIL"": 0.5, ""BTAL"": 6, ""DBMF"": 2.5, ""KMLM"": 6, ""QQQ"": 1, ""SPY"": 0.7, ""TQQQ"": 1.5}",0.03000000,tests/data/2026-08-24-net15,BTAL75+KMLM25,QQQ<SMA200,0.02953590,0.23271777,0.02916750,0.23272372,54223.75668557,34000.00000000,20223.75668557,0.59481637,0.17395975,0.18309543,0.88793662,0.20515272,1.24530655,0.91256986,-0.19062623,169,2023,0.35127130,2022,-0.06171072,399394.44142025,151.22765476,1.69067727,0.00444787,0.47538661,0.14979190,,,0.15803366,0.04996647,,,0.36538681,0.04055417
VT TQQQ/BTAL75+KMLM25 t20 w0-80 QQQ:VOL_EWMA80 gate QQQ<SMA10M,fit,fit,2020-12-18,2024-12-31,false,true,"{""*"": 6, ""BIL"": 0.5, ""BTAL"": 6, ""DBMF"": 2.5, ""KMLM"": 6, ""QQQ"": 1, ""SPY"": 0.7, ""TQQQ"": 1.5}",0.03000000,tests/data/2026-08-24-net15,BTAL75+KMLM25,QQQ<SMA10M,0.02953590,0.23271777,0.02916750,0.23272372,54223.75668557,34000.00000000,20223.75668557,0.59481637,0.17395975,0.18309543,0.88793662,0.20515272,1.24530655,0.91256986,-0.19062623,169,2023,0.35127130,2022,-0.06171072,399394.44142025,151.22765476,1.69067727,0.00444787,0.47538661,0.14979190,,,0.15803366,0.04996647,,,0.36538681,0.04055417
VT TQQQ/BTAL75+DBMF25 t20 w0-80 QQQ:VOL_EWMA80,fit,fit,2020-12-18,2024-12-31,false,true,"{""*"": 6, ""BIL"": 0.5, ""BTAL"": 6, ""DBMF"": 2.5, ""KMLM"": 6, ""QQQ"": 1, ""SPY"": 0.7, ""TQQQ"": 1.5}",0.03000000,tests/data/2026-08-24-net15,BTAL75+DBMF25,,0.00136534,0.00359694,0.00075787,0.00173904,54529.70067203,34000.00000000,20529.70067203,0.60381473,0.17126462,0.18538140,0.86985247,0.20726143,1.22559301,0.89816670,-0.19068245,167,2023,0.46407973,2022,-0.15271034,416479.32003423,137.08495341,1.78036071,0.00403191,0.45388693,0.14872668,0.15090392,0.04898819,,,,,0.39379713,0.13842966
VT TQQQ/BTAL75+DBMF25 t20 w0-80 QQQ:VOL_EWMA80 gate QQQ<SMA200,fit,fit,2020-12-18,2024-12-31,false,true,"{""*"": 6, ""BIL"": 0.5, ""BTAL"": 6, ""DBMF"": 2.5, ""KMLM"": 6, ""QQQ"": 1, ""SPY"": 0.7, ""TQQQ"": 1.5}",0.03000000,tests/data/2026-08-24-net15,BTAL75+DBMF25,QQQ<SMA200,0.02966490,0.23271690,0.02919009,0.23272072,54173.70335162,34000.00000000,20173.70335162,0.59334422,0.17174632,0.18272041,0.87226792,0.20713597,1.22446448,0.90069288,-0.19068245,167,2023,0.34071490,2022,-0.07342515,398073.45986378,132.13265634,1.69737536,0.00388625,0.47527594,0.14872668,0.15805029,0.04898819,,,,,0.36532271,0.04055717
VT TQQQ/BTAL75+DBMF25 t20 w0-80 QQQ:VOL_EWMA80 gate QQQ<SMA10M,fit,fit,2020-12-18,2024-12-31,false,true,"{""*"": 6, ""BIL"": 0.5, ""BTAL"": 6, ""DBMF"": 2.5, ""KMLM"": 6, ""QQQ"": 1, ""SPY"": 0.7, ""TQQQ"": 1.5}",0.03000000,tests/data/2026-08-24-net15,BTAL75+DBMF25,QQQ<SMA10M,0.02966490,0.23271690,0.02919009,0.23272072,54173.70335162,34000.00000000,20173.70335162,0.59334422,0.17174632,0.18272041,0.87226792,0.20713597,1.22446448,0.90069288,-0.19068245,167,2023,0.34071490,2022,-0.07342515,398073.45986378,132.13265634,1.69737536,0.00388625,0.47527594,0.14872668,0.15805029,0.04898819,,,,,0.36532271,0.04055717
VT TQQQ/BTAL50+KMLM50 t20 w0-80 QQQ:VOL_EWMA80,fit,fit,2020-12-18,2024-12-31,false,true,"{""*"": 6, ""BIL"": 0.5, ""BTAL"": 6, ""DBMF"": 2.5, ""KMLM"": 6, ""QQQ"": 1, ""SPY"": 0.7, ""TQQQ"": 1.5}",0.03000000,tests/data/2026-08-24-net15,BTAL50+KMLM50,,0.00143373,0.00374295,0.00078363,0.00173516,55380.50960290,34000.00000000,21380.50960290,0.62883852,0.18745425,0.19168242,0.92091864,0.21177511,1.29516400,1.11795317,-0.16767630,543,2023,0.49705097,2022,-0.13039694,429317.19013139,160.89986009,1.76998725,0.00473235,0.30247364,0.09988652,,,0.30227532,0.09942933,,,0.39376416,0.13875850
VT TQQQ/BTAL50+KMLM50 t20 w0-80 QQQ:VOL_EWMA80 gate QQQ<SMA200,fit,fit,2020-12-18,2024-12-31,false,true,"{""*"": 6, ""BIL"": 0.5, ""BTAL"": 6, ""DBMF"": 2.5, ""KMLM"": 6, ""QQQ"": 1, ""SPY"": 0.7, ""TQQQ"": 1.5}",0.03000000,tests/data/2026-08-24-net15,BTAL50+KMLM50,QQQ<SMA200,0.03026359,0.23306855,0.02978006,0.23307415,55198.38829729,34000.00000000,21198.38829729,0.62348201,0.18941448,0.19034051,0.93020451,0.21135449,1.29913187,1.14933002,-0.16480425,,2023,0.37454047,2022,-0.04669946,412218.49716053,156.25714349,1.68919274,0.00459580,0.31710843,0.09988652,,,0.31691690,0.09942933,,,0.36467502,0.04020374
VT TQQQ/BTAL50+KMLM50 t20 w0-80 QQQ:VOL_EWMA80 gate QQQ<SMA10M,fit,fit,2020-12-18,2024-12-31,false,true,"{""*"": 6, ""BIL"": 0.5, ""BTAL"": 6, ""DBMF"": 2.5, ""KMLM"": 6, ""QQQ"": 1, ""SPY"": 0.7, ""TQQQ"": 1.5}",0.03000000,tests/data/2026-08-24-net15,BTAL50+KMLM50,QQQ<SMA10M,0.03026359,0.23306855,0.02978006,0.23307415,55198.38829729,34000.00000000,21198.38829729,0.62348201,0.18941448,0.19034051,0.93020451,0.21135449,1.29913187,1.14933002,-0.16480425,,2023,0.37454047,2022,-0.04669946,412218.49716053,156.25714349,1.68919274,0.00459580,0.31710843,0.09988652,,,0.31691690,0.09942933,,,0.36467502,0.04020374
SPY benchmark,fit,fit,2020-12-18,2024-12-31,true,true,"{""*"": 6, ""BIL"": 0.5, ""BTAL"": 6, ""DBMF"": 2.5, ""KMLM"": 6, ""QQQ"": 1, ""SPY"": 0.7, ""TQQQ"": 1.5}",0.03000000,tests/data/2026-08-24-net15,,,0.00885396,0.02938556,0.00885542,0.02941953,49363.59276674,34000.00000000,15363.59276674,0.45187038,0.13405134,0.14524092,0.85649732,0.16299656,1.22777682,0.54819872,-0.24453056,709,2021,0.28166993,2022,-0.18247338,33760.58665248,2.36324107,0.15811837,0.00006951,,,,,,,0.99114458,0.97058047,,
VT TQQQ/BTAL75+KMLM25 t20 w0-80 QQQ:VOL_EWMA80,test,test,2025-01-02,2026-08-24,false,true,"{""*"": 6, ""BIL"": 0.5, ""BTAL"": 6, ""DBMF"": 2.5, ""KMLM"": 6, ""QQQ"": 1, ""SPY"": 0.7, ""TQQQ"": 1.5}",0.03000000,tests/data/2026-08-24-net15,BTAL75+KMLM25,,0.00280030,0.00507072,0.00168168,0.00277100,23212.41042765,19500.00000000,3712.41042765,0.19038002,0.14139813,0.14859085,0.78046196,0.19542930,1.07508047,0.87368832,-0.16184047,215,2025,0.17497477,2026,0.05722354,99639.42776931,38.27279914,1.88178802,0.00196271,0.43828791,0.14913463,,,0.14533151,0.04871862,,,0.41351915,0.21217815
VT TQQQ/BTAL75+KMLM25 t20 w0-80 QQQ:VOL_EWMA80 gate QQQ<SMA200,test,test,2025-01-02,2026-08-24,false,true,"{""*"": 6, ""BIL"": 0.5, ""BTAL"": 6, ""DBMF"": 2.5, ""KMLM"": 6, ""QQQ"": 1, ""SPY"": 0.7, ""TQQQ"": 1.5}",0.03000000,tests/data/2026-08-24-net15,BTAL75+KMLM25,QQQ<SMA200,0.00790325,0.07190527,0.00665778,0.07191910,23119.47620128,19500.00000000,3619.47620128,0.18561416,0.13687152,0.14498392,0.77671759,0.18982464,1.06645442,0.84701986,-0.16159187,215,2025,0.16657393,2026,0.05792014,98281.95150997,37.97721597,1.86421397,0.00194755,0.44195869,0.14904769,,,0.14637035,0.04842351,,,0.40844606,0.19026999
VT TQQQ/BTAL75+KMLM25 t20 w0-80 QQQ:VOL_EWMA80 gate QQQ<SMA10M,test,test,2025-01-02,2026-08-24,false,true,"{""*"": 6, ""BIL"": 0.5, ""BTAL"": 6, ""DBMF"": 2.5, ""KMLM"": 6, ""QQQ"": 1, ""SPY"": 0.7, ""TQQQ"": 1.5}",0.03000000,tests/data/2026-08-24-net15,BTAL75+KMLM25,QQQ<SMA10M,0.00790325,0.07190527,0.00665778,0.07191910,23119.47620128,19500.00000000,3619.47620128,0.18561416,0.13687152,0.14498392,0.77671759,0.18982464,1.06645442,0.84701986,-0.16159187,215,2025,0.16657393,2026,0.05792014,98281.95150997,37.97721597,1.86421397,0.00194755,0.44195869,0.14904769,,,0.14637035,0.04842351,,,0.40844606,0.19026999
VT TQQQ/BTAL75+DBMF25 t20 w0-80 QQQ:VOL_EWMA80,test,test,2025-01-02,2026-08-24,false,true,"{""*"": 6, ""BIL"": 0.5, ""BTAL"": 6, ""DBMF"": 2.5, ""KMLM"": 6, ""QQQ"": 1, ""SPY"": 0.7, ""TQQQ"": 1.5}",0.03000000,tests/data/2026-08-24-net15,BTAL75+DBMF25,,0.00283545,0.00480199,0.00171663,0.00337716,23339.77191768,19500.00000000,3839.77191768,0.19691138,0.14878593,0.15352526,0.80157905,0.19938100,1.10588151,0.90947340,-0.16359569,215,2025,0.19582922,2026,0.04983567,100285.87517845,33.93712809,1.87609240,0.00174037,0.43834624,0.14925848,0.14549481,0.04886968,,,,,0.41326986,0.21253425
VT TQQQ/BTAL75+DBMF25 t20 w0-80 QQQ:VOL_EWMA80 gate QQQ<SMA200,test,test,2025-01-02,2026-08-24,false,true,"{""*"": 6, ""BIL"": 0.5, ""BTAL"": 6, ""DBMF"": 2.5, ""KMLM"": 6, ""QQQ"": 1, ""SPY"": 0.7, ""TQQQ"": 1.5}",0.03000000,tests/data/2026-08-24-net15,BTAL75+DBMF25,QQQ<SMA200,0.00772903,0.07176103,0.00664572,0.07177044,23236.34038584,19500.00000000,3736.34038584,0.19160720,0.14406598,0.14951874,0.79789651,0.19370191,1.09625660,0.88253297,-0.16324147,215,2025,0.18771681,2026,0.04989352,98799.17890052,33.60276736,1.85591509,0.00172322,0.44201290,0.14913536,0.14673013,0.04848469,,,,,0.40829703,0.18908870
VT TQQQ/BTAL75+DBMF25 t20 w0-80 QQQ:VOL_EWMA80 gate QQQ<SMA10M,test,test,2025-01-02,2026-08-24,false,true,"{""*"": 6, ""BIL"": 0.5, ""BTAL"": 6, ""DBMF"": 2.5, ""KMLM"": 6, ""QQQ"": 1, ""SPY"": 0.7, ""TQQQ"": 1.5}",0.03000000,tests/data/2026-08-24-net15,BTAL75+DBMF25,QQQ<SMA10M,0.00772903,0.07176103,0.00664572,0.07177044,23236.34038584,19500.00000000,3736.34038584,0.19160720,0.14406598,0.14951874,0.79789651,0.19370191,1.09625660,0.88253297,-0.16324147,215,2025,0.18771681,2026,0.04989352,98799.17890052,33.60276736,1.85591509,0.00172322,0.44201290,0.14913536,0.14673013,0.04848469,,,,,0.40829703,0.18908870
VT TQQQ/BTAL50+KMLM50 t20 w0-80 QQQ:VOL_EWMA80,test,test,2025-01-02,2026-08-24,false,true,"{""*"": 6, ""BIL"": 0.5, ""BTAL"": 6, ""DBMF"": 2.5, ""KMLM"": 6, ""QQQ"": 1, ""SPY"": 0.7, ""TQQQ"": 1.5}",0.03000000,tests/data/2026-08-24-net15,BTAL50+KMLM50,,0.00294587,0.00557823,0.00180775,0.00289711,24379.96390139,19500.00000000,4879.96390139,0.25025456,0.17893108,0.19345838,0.88982730,0.21183623,1.23259432,1.12146395,-0.15955134,152,2025,0.18618819,2026,0.10429587,101690.28919538,38.98146538,1.88298114,0.00199905,0.29206881,0.09946825,,,0.29152614,0.09871829,,,0.41339783,0.21325501
VT TQQQ/BTAL50+KMLM50 t20 w0-80 QQQ:VOL_EWMA80 gate QQQ<SMA200,test,test,2025-01-02,2026-08-24,false,true,"{""*"": 6, ""BIL"": 0.5, ""BTAL"": 6, ""DBMF"": 2.5, ""KMLM"": 6, ""QQQ"": 1, ""SPY"": 0.7, ""TQQQ"": 1.5}",0.03000000,tests/data/2026-08-24-net15,BTAL50+KMLM50,QQQ<SMA200,0.00718796,0.07184905,0.00628821,0.07186361,24249.22963628,19500.00000000,4749.22963628,0.24355024,0.17342157,0.18847475,0.88946193,0.20502483,1.22852746,1.16742198,-0.14855088,191,2025,0.17872522,2026,0.10278333,100361.93841575,38.77281866,1.86635244,0.00198835,0.29440098,0.09887666,,,0.29418629,0.09920749,,,0.40884456,0.19037701
VT TQQQ/BTAL50+KMLM50 t20 w0-80 QQQ:VOL_EWMA80 gate QQQ<SMA10M,test,test,2025-01-02,2026-08-24,false,true,"{""*"": 6, ""BIL"": 0.5, ""BTAL"": 6, ""DBMF"": 2.5, ""KMLM"": 6, ""QQQ"": 1, ""SPY"": 0.7, ""TQQQ"": 1.5}",0.03000000,tests/data/2026-08-24-net15,BTAL50+KMLM50,QQQ<SMA10M,0.00718796,0.07184905,0.00628821,0.07186361,24249.22963628,19500.00000000,4749.22963628,0.24355024,0.17342157,0.18847475,0.88946193,0.20502483,1.22852746,1.16742198,-0.14855088,191,2025,0.17872522,2026,0.10278333,100361.93841575,38.77281866,1.86635244,0.00198835,0.29440098,0.09887666,,,0.29418629,0.09920749,,,0.40884456,0.19037701
SPY benchmark,test,test,2025-01-02,2026-08-24,true,true,"{""*"": 6, ""BIL"": 0.5, ""BTAL"": 6, ""DBMF"": 2.5, ""KMLM"": 6, ""QQQ"": 1, ""SPY"": 0.7, ""TQQQ"": 1.5}",0.03000000,tests/data/2026-08-24-net15,,,0.02070958,0.04757251,0.02071231,0.04757251,24320.87863722,19500.00000000,4820.87863722,0.24722455,0.18230559,0.19120726,1.08527830,0.16854631,1.63331990,0.99826430,-0.18262257,127,2025,0.17232006,2026,0.12260919,18861.35152568,1.32029461,0.34736372,0.00006771,,,,,,,0.97928769,0.95242749,,
VT TQQQ/BTAL75+KMLM25 t20 w0-80 QQQ:VOL_EWMA80,sens,sens_2020-12-18,2020-12-18,2023-12-18,false,true,"{""*"": 6, ""BIL"": 0.5, ""BTAL"": 6, ""DBMF"": 2.5, ""KMLM"": 6, ""QQQ"": 1, ""SPY"": 0.7, ""TQQQ"": 1.5}",0.03000000,tests/data/2026-08-24-net15,BTAL75+KMLM25,,0.00143502,0.00317724,0.00079710,0.00156580,40945.44067300,28000.00000000,12945.44067300,0.46233717,0.17434217,0.19559849,0.95643125,0.18689460,1.38939331,0.91457597,-0.19062623,169,2023,0.46519089,2022,-0.14196050,173902.14694102,65.08613289,1.31257679,0.00232450,0.47547588,0.14979190,,,0.15799382,0.04996647,,,0.36505055,0.13807806
VT TQQQ/BTAL75+KMLM25 t20 w0-80 QQQ:VOL_EWMA80 gate QQQ<SMA200,sens,sens_2020-12-18,2020-12-18,2023-12-18,false,true,"{""*"": 6, ""BIL"": 0.5, ""BTAL"": 6, ""DBMF"": 2.5, ""KMLM"": 6, ""QQQ"": 1, ""SPY"": 0.7, ""TQQQ"": 1.5}",0.03000000,tests/data/2026-08-24-net15,BTAL75+KMLM25,QQQ<SMA200,0.03887413,0.23271777,0.03848146,0.23272372,40634.86447671,28000.00000000,12634.86447671,0.45124516,0.17494013,0.19148246,0.95318787,0.18836418,1.37223931,0.91771277,-0.19062623,169,2023,0.34192278,2022,-0.06171072,157732.50255020,60.58336208,1.17857669,0.00216369,0.50392249,0.14979190,,,0.16747943,0.04996647,,,0.32728465,0.04055417
VT TQQQ/BTAL75+KMLM25 t20 w0-80 QQQ:VOL_EWMA80 gate QQQ<SMA10M,sens,sens_2020-12-18,2020-12-18,2023-12-18,false,true,"{""*"": 6, ""BIL"": 0.5, ""BTAL"": 6, ""DBMF"": 2.5, ""KMLM"": 6, ""QQQ"": 1, ""SPY"": 0.7, ""TQQQ"": 1.5}",0.03000000,tests/data/2026-08-24-net15,BTAL75+KMLM25,QQQ<SMA10M,0.03887413,0.23271777,0.03848146,0.23272372,40634.86447671,28000.00000000,12634.86447671,0.45124516,0.17494013,0.19148246,0.95318787,0.18836418,1.37223931,0.91771277,-0.19062623,169,2023,0.34192278,2022,-0.06171072,157732.50255020,60.58336208,1.17857669,0.00216369,0.50392249,0.14979190,,,0.16747943,0.04996647,,,0.32728465,0.04055417
VT TQQQ/BTAL75+DBMF25 t20 w0-80 QQQ:VOL_EWMA80,sens,sens_2020-12-18,2020-12-18,2023-12-18,false,true,"{""*"": 6, ""BIL"": 0.5, ""BTAL"": 6, ""DBMF"": 2.5, ""KMLM"": 6, ""QQQ"": 1, ""SPY"": 0.7, ""TQQQ"": 1.5}",0.03000000,tests/data/2026-08-24-net15,BTAL75+DBMF25,,0.00156300,0.00359694,0.00086881,0.00173904,40426.15957880,28000.00000000,12426.15957880,0.44379141,0.16691704,0.18870363,0.91231181,0.18948599,1.32635779,0.87536660,-0.19068245,167,2023,0.45452413,2022,-0.15271034,173066.28268050,56.80202786,1.32031448,0.00202864,0.47545684,0.14872668,0.15803748,0.04898819,,,,,0.36490328,0.13842966
VT TQQQ/BTAL75+DBMF25 t20 w0-80 QQQ:VOL_EWMA80 gate QQQ<SMA200,sens,sens_2020-12-18,2020-12-18,2023-12-18,false,true,"{""*"": 6, ""BIL"": 0.5, ""BTAL"": 6, ""DBMF"": 2.5, ""KMLM"": 6, ""QQQ"": 1, ""SPY"": 0.7, ""TQQQ"": 1.5}",0.03000000,tests/data/2026-08-24-net15,BTAL75+DBMF25,QQQ<SMA200,0.03907943,0.23271690,0.03852217,0.23272072,40117.34744028,28000.00000000,12117.34744028,0.43276241,0.16747072,0.18457270,0.91557374,0.18929838,1.32271855,0.87827026,-0.19068245,167,2023,0.33195622,2022,-0.07342515,156590.86117114,52.45232719,1.18282804,0.00187330,0.50378821,0.14872668,0.16747807,0.04898819,,,,,0.32717340,0.04055717
VT TQQQ/BTAL75+DBMF25 t20 w0-80 QQQ:VOL_EWMA80 gate QQQ<SMA10M,sens,sens_2020-12-18,2020-12-18,2023-12-18,false,true,"{""*"": 6, ""BIL"": 0.5, ""BTAL"": 6, ""DBMF"": 2.5, ""KMLM"": 6, ""QQQ"": 1, ""SPY"": 0.7, ""TQQQ"": 1.5}",0.03000000,tests/data/2026-08-24-net15,BTAL75+DBMF25,QQQ<SMA10M,0.03907943,0.23271690,0.03852217,0.23272072,40117.34744028,28000.00000000,12117.34744028,0.43276241,0.16747072,0.18457270,0.91557374,0.18929838,1.32271855,0.87827026,-0.19068245,167,2023,0.33195622,2022,-0.07342515,156590.86117114,52.45232719,1.18282804,0.00187330,0.50378821,0.14872668,0.16747807,0.04898819,,,,,0.32717340,0.04055717
VT TQQQ/BTAL50+KMLM50 t20 w0-80 QQQ:VOL_EWMA80,sens,sens_2020-12-18,2020-12-18,2023-12-18,false,true,"{""*"": 6, ""BIL"": 0.5, ""BTAL"": 6, ""DBMF"": 2.5, ""KMLM"": 6, ""QQQ"": 1, ""SPY"": 0.7, ""TQQQ"": 1.5}",0.03000000,tests/data/2026-08-24-net15,BTAL50+KMLM50,,0.00166382,0.00374295,0.00089451,0.00173516,42214.62910420,28000.00000000,14214.62910420,0.50766533,0.19854927,0.21218675,1.03117473,0.19465747,1.49000882,1.18412244,-0.16767630,543,2023,0.48536364,2022,-0.13039694,180018.13987406,67.40016328,1.31008913,0.00240715,0.31683261,0.09988652,,,0.31660261,0.09942933,,,0.36485607,0.13875850
VT TQQQ/BTAL50+KMLM50 t20 w0-80 QQQ:VOL_EWMA80 gate QQQ<SMA200,sens,sens_2020-12-18,2020-12-18,2023-12-18,false,true,"{""*"": 6, ""BIL"": 0.5, ""BTAL"": 6, ""DBMF"": 2.5, ""KMLM"": 6, ""QQQ"": 1, ""SPY"": 0.7, ""TQQQ"": 1.5}",0.03000000,tests/data/2026-08-24-net15,BTAL50+KMLM50,QQQ<SMA200,0.03987453,0.23306855,0.03931524,0.23307415,42051.37206960,28000.00000000,14051.37206960,0.50183472,0.20115592,0.21007347,1.04518951,0.19402619,1.49292955,1.24776413,-0.16121310,157,2023,0.36380585,2022,-0.04669946,163976.20831074,63.16464106,1.17748412,0.00225588,0.33621823,0.09988652,,,0.33599355,0.09942933,,,0.32629680,0.04020374
VT TQQQ/BTAL50+KMLM50 t20 w0-80 QQQ:VOL_EWMA80 gate QQQ<SMA10M,sens,sens_2020-12-18,2020-12-18,2023-12-18,false,true,"{""*"": 6, ""BIL"": 0.5, ""BTAL"": 6, ""DBMF"": 2.5, ""KMLM"": 6, ""QQQ"": 1, ""SPY"": 0.7, ""TQQQ"": 1.5}",0.03000000,tests/data/2026-08-24-net15,BTAL50+KMLM50,QQQ<SMA10M,0.03987453,0.23306855,0.03931524,0.23307415,42051.37206960,28000.00000000,14051.37206960,0.50183472,0.20115592,0.21007347,1.04518951,0.19402619,1.49292955,1.24776413,-0.16121310,157,2023,0.36380585,2022,-0.04669946,163976.20831074,63.16464106,1.17748412,0.00225588,0.33621823,0.09988652,,,0.33599355,0.09942933,,,0.32629680,0.04020374
SPY benchmark,sens,sens_2020-12-18,2020-12-18,2023-12-18,true,true,"{""*"": 6, ""BIL"": 0.5, ""BTAL"": 6, ""DBMF"": 2.5, ""KMLM"": 6, ""QQQ"": 1, ""SPY"": 0.7, ""TQQQ"": 1.5}",0.03000000,tests/data/2026-08-24-net15,,,0.01027565,0.02938556,0.01027746,0.02941953,34058.01624189,28000.00000000,6058.01624189,0.21635772,0.09830423,0.09836609,0.62673654,0.17438163,0.89726488,0.40201204,-0.24453056,709,2021,0.28166993,2022,-0.18247338,28012.03605312,1.96084252,0.22351374,0.00007003,,,,,,,0.98972254,0.97058047,,
VT TQQQ/BTAL75+KMLM25 t20 w0-80 QQQ:VOL_EWMA80,sens,sens_2021-06-18,2021-06-18,2024-06-18,false,true,"{""*"": 6, ""BIL"": 0.5, ""BTAL"": 6, ""DBMF"": 2.5, ""KMLM"": 6, ""QQQ"": 1, ""SPY"": 0.7, ""TQQQ"": 1.5}",0.03000000,tests/data/2026-08-24-net15,BTAL75+KMLM25,,0.00146070,0.00421763,0.00082031,0.00251271,47058.21550553,28000.00000000,19058.21550553,0.68065055,0.24312430,0.27213055,1.32530771,0.17649658,1.96615041,1.46788639,-0.16562883,544,2023,0.47545854,2022,-0.14161957,232931.71224230,87.40714704,1.66277603,0.00312168,0.46643009,0.17009251,,,0.15499361,0.05616209,,,0.37706870,0.13840580
VT TQQQ/BTAL75+KMLM25 t20 w0-80 QQQ:VOL_EWMA80 gate QQQ<SMA200,sens,sens_2021-06-18,2021-06-18,2024-06-18,false,true,"{""*"": 6, ""BIL"": 0.5, ""BTAL"": 6, ""DBMF"": 2.5, ""KMLM"": 6, ""QQQ"": 1, ""SPY"": 0.7, ""TQQQ"": 1.5}",0.03000000,tests/data/2026-08-24-net15,BTAL75+KMLM25,QQQ<SMA200,0.03967411,0.23495072,0.03916985,0.23495763,46704.33476997,28000.00000000,18704.33476997,0.66801196,0.24434417,0.26789408,1.31910180,0.17832545,1.93525456,1.77456777,-0.13769222,80,2023,0.34996238,2022,-0.05898821,219620.63060284,83.86960063,1.55911092,0.00299534,0.49535679,0.16977769,,,0.16465146,0.05661502,,,0.33855471,0.03832026
VT TQQQ/BTAL75+KMLM25 t20 w0-80 QQQ:VOL_EWMA80 gate QQQ<SMA10M,sens,sens_2021-06-18,2021-06-18,2024-06-18,false,true,"{""*"": 6, ""BIL"": 0.5, ""BTAL"": 6, ""DBMF"": 2.5, ""KMLM"": 6, ""QQQ"": 1, ""SPY"": 0.7, ""TQQQ"": 1.5}",0.03000000,tests/data/2026-08-24-net15,BTAL75+KMLM25,QQQ<SMA10M,0.03967411,0.23495072,0.03916985,0.23495763,46704.33476997,28000.00000000,18704.33476997,0.66801196,0.24434417,0.26789408,1.31910180,0.17832545,1.93525456,1.77456777,-0.13769222,80,2023,0.34996238,2022,-0.05898821,219620.63060284,83.86960063,1.55911092,0.00299534,0.49535679,0.16977769,,,0.16465146,0.05661502,,,0.33855471,0.03832026
VT TQQQ/BTAL75+DBMF25 t20 w0-80 QQQ:VOL_EWMA80,sens,sens_2021-06-18,2021-06-18,2024-06-18,false,true,"{""*"": 6, ""BIL"": 0.5, ""BTAL"": 6, ""DBMF"": 2.5, ""KMLM"": 6, ""QQQ"": 1, ""SPY"": 0.7, ""TQQQ"": 1.5}",0.03000000,tests/data/2026-08-24-net15,BTAL75+DBMF25,,0.00157535,0.00459776,0.00090839,0.00256041,47360.11109532,28000.00000000,19360.11109532,0.69143254,0.24290109,0.27572654,1.31331164,0.17820094,1.94925019,1.34593729,-0.18046984,553,2023,0.46432763,2022,-0.15248017,232030.59219573,76.35933282,1.67196966,0.00272712,0.46642755,0.17009137,0.15503788,0.05607048,,,,,0.37691805,0.13855441
VT TQQQ/BTAL75+DBMF25 t20 w0-80 QQQ:VOL_EWMA80 gate QQQ<SMA200,sens,sens_2021-06-18,2021-06-18,2024-06-18,false,true,"{""*"": 6, ""BIL"": 0.5, ""BTAL"": 6, ""DBMF"": 2.5, ""KMLM"": 6, ""QQQ"": 1, ""SPY"": 0.7, ""TQQQ"": 1.5}",0.03000000,tests/data/2026-08-24-net15,BTAL75+DBMF25,QQQ<SMA200,0.03956585,0.23506378,0.03918954,0.23506843,47021.21291393,28000.00000000,19021.21291393,0.67932903,0.24431780,0.27168865,1.31934782,0.17826549,1.94342785,1.72928636,-0.14128244,552,2023,0.33950301,2022,-0.07047045,218775.86953949,73.06364574,1.56761336,0.00260942,0.49538462,0.17030014,0.16478590,0.05651482,,,,,0.33846659,0.03820947
VT TQQQ/BTAL75+DBMF25 t20 w0-80 QQQ:VOL_EWMA80 gate QQQ<SMA10M,sens,sens_2021-06-18,2021-06-18,2024-06-18,false,true,"{""*"": 6, ""BIL"": 0.5, ""BTAL"": 6, ""DBMF"": 2.5, ""KMLM"": 6, ""QQQ"": 1, ""SPY"": 0.7, ""TQQQ"": 1.5}",0.03000000,tests/data/2026-08-24-net15,BTAL75+DBMF25,QQQ<SMA10M,0.03956585,0.23506378,0.03918954,0.23506843,47021.21291393,28000.00000000,19021.21291393,0.67932903,0.24431780,0.27168865,1.31934782,0.17826549,1.94342785,1.72928636,-0.14128244,552,2023,0.33950301,2022,-0.07047045,218775.86953949,73.06364574,1.56761336,0.00260942,0.49538462,0.17030014,0.16478590,0.05651482,,,,,0.33846659,0.03820947
VT TQQQ/BTAL50+KMLM50 t20 w0-80 QQQ:VOL_EWMA80,sens,sens_2021-06-18,2021-06-18,2024-06-18,false,true,"{""*"": 6, ""BIL"": 0.5, ""BTAL"": 6, ""DBMF"": 2.5, ""KMLM"": 6, ""QQQ"": 1, ""SPY"": 0.7, ""TQQQ"": 1.5}",0.03000000,tests/data/2026-08-24-net15,BTAL50+KMLM50,,0.00167048,0.00409809,0.00089753,0.00237072,47045.66464798,28000.00000000,19045.66464798,0.68020231,0.24725903,0.27198069,1.27930390,0.18693616,1.87825114,1.47252820,-0.16791463,543,2023,0.49686352,2022,-0.13072300,236607.03830637,88.77111090,1.66740425,0.00317040,0.31080942,0.11322511,,,0.31053479,0.11300984,,,0.37693810,0.13813500
VT TQQQ/BTAL50+KMLM50 t20 w0-80 QQQ:VOL_EWMA80 gate QQQ<SMA200,sens,sens_2021-06-18,2021-06-18,2024-06-18,false,true,"{""*"": 6, ""BIL"": 0.5, ""BTAL"": 6, ""DBMF"": 2.5, ""KMLM"": 6, ""QQQ"": 1, ""SPY"": 0.7, ""TQQQ"": 1.5}",0.03000000,tests/data/2026-08-24-net15,BTAL50+KMLM50,QQQ<SMA200,0.04050051,0.23546276,0.03996791,0.23546996,46861.29680794,28000.00000000,18861.29680794,0.67361774,0.25089291,0.26977599,1.29746738,0.18651736,1.88046067,1.66660260,-0.15054153,524,2023,0.37313755,2022,-0.04407304,224086.74906761,85.69181601,1.56454107,0.00306042,0.33052878,0.11314735,,,0.33027059,0.11348582,,,0.33768858,0.03780794
VT TQQQ/BTAL50+KMLM50 t20 w0-80 QQQ:VOL_EWMA80 gate QQQ<SMA10M,sens,sens_2021-06-18,2021-06-18,2024-06-18,false,true,"{""*"": 6, ""BIL"": 0.5, ""BTAL"": 6, ""DBMF"": 2.5, ""KMLM"": 6, ""QQQ"": 1, ""SPY"": 0.7, ""TQQQ"": 1.5}",0.03000000,tests/data/2026-08-24-net15,BTAL50+KMLM50,QQQ<SMA10M,0.04050051,0.23546276,0.03996791,0.23546996,46861.29680794,28000.00000000,18861.29680794,0.67361774,0.25089291,0.26977599,1.29746738,0.18651736,1.88046067,1.66660260,-0.15054153,524,2023,0.37313755,2022,-0.04407304,224086.74906761,85.69181601,1.56454107,0.00306042,0.33052878,0.11314735,,,0.33027059,0.11348582,,,0.33768858,0.03780794
SPY benchmark,sens,sens_2021-06-18,2021-06-18,2024-06-18,true,true,"{""*"": 6, ""BIL"": 0.5, ""BTAL"": 6, ""DBMF"": 2.5, ""KMLM"": 6, ""QQQ"": 1, ""SPY"": 0.7, ""TQQQ"": 1.5}",0.03000000,tests/data/2026-08-24-net15,,,0.01305644,0.03356229,0.01305829,0.03356354,36798.47644478,28000.00000000,8798.47644478,0.31423130,0.10958263,0.13853035,0.69665576,0.17059980,1.00066295,0.45487298,-0.24090819,709,2023,0.25564345,2022,-0.17936457,27684.44040194,1.93791083,0.22648326,0.00006921,,,,,,,0.98694171,0.96643646,,
VT TQQQ/BTAL75+KMLM25 t20 w0-80 QQQ:VOL_EWMA80,sens,sens_2021-12-20,2021-12-20,2024-12-18,false,true,"{""*"": 6, ""BIL"": 0.5, ""BTAL"": 6, ""DBMF"": 2.5, ""KMLM"": 6, ""QQQ"": 1, ""SPY"": 0.7, ""TQQQ"": 1.5}",0.03000000,tests/data/2026-08-24-net15,BTAL75+KMLM25,,0.00181126,0.00466594,0.00103588,0.00228665,40899.00752245,28000.00000000,12899.00752245,0.46067884,0.15706252,0.19498912,0.87546468,0.18713274,1.22910221,0.95892149,-0.16379080,,2023,0.47534726,2022,-0.14159765,254678.95439220,96.41076564,1.85519701,0.00344324,0.47918728,0.17033290,,,0.15904160,0.05644832,,,0.35990870,0.13854390
VT TQQQ/BTAL75+KMLM25 t20 w0-80 QQQ:VOL_EWMA80 gate QQQ<SMA200,sens,sens_2021-12-20,2021-12-20,2024-12-18,false,true,"{""*"": 6, ""BIL"": 0.5, ""BTAL"": 6, ""DBMF"": 2.5, ""KMLM"": 6, ""QQQ"": 1, ""SPY"": 0.7, ""TQQQ"": 1.5}",0.03000000,tests/data/2026-08-24-net15,BTAL75+KMLM25,QQQ<SMA200,0.04092438,0.23932664,0.04051504,0.23933626,40589.27848505,28000.00000000,12589.27848505,0.44961709,0.15946532,0.19088031,0.87817856,0.18942490,1.22310001,0.97338028,-0.16382633,,2023,0.34756325,2022,-0.05423403,245819.80690349,94.49704542,1.78859527,0.00337489,0.50917134,0.16976586,,,0.16910254,0.05583821,,,0.32006296,0.03394163
VT TQQQ/BTAL75+KMLM25 t20 w0-80 QQQ:VOL_EWMA80 gate QQQ<SMA10M,sens,sens_2021-12-20,2021-12-20,2024-12-18,false,true,"{""*"": 6, ""BIL"": 0.5, ""BTAL"": 6, ""DBMF"": 2.5, ""KMLM"": 6, ""QQQ"": 1, ""SPY"": 0.7, ""TQQQ"": 1.5}",0.03000000,tests/data/2026-08-24-net15,BTAL75+KMLM25,QQQ<SMA10M,0.04092438,0.23932664,0.04051504,0.23933626,40589.27848505,28000.00000000,12589.27848505,0.44961709,0.15946532,0.19088031,0.87817856,0.18942490,1.22310001,0.97338028,-0.16382633,,2023,0.34756325,2022,-0.05423403,245819.80690349,94.49704542,1.78859527,0.00337489,0.50917134,0.16976586,,,0.16910254,0.05583821,,,0.32006296,0.03394163
VT TQQQ/BTAL75+DBMF25 t20 w0-80 QQQ:VOL_EWMA80,sens,sens_2021-12-20,2021-12-20,2024-12-18,false,true,"{""*"": 6, ""BIL"": 0.5, ""BTAL"": 6, ""DBMF"": 2.5, ""KMLM"": 6, ""QQQ"": 1, ""SPY"": 0.7, ""TQQQ"": 1.5}",0.03000000,tests/data/2026-08-24-net15,BTAL75+DBMF25,,0.00172242,0.00566961,0.00094632,0.00312555,40911.53474569,28000.00000000,12911.53474569,0.46112624,0.15431256,0.19515482,0.85589689,0.18905103,1.19898418,0.87337305,-0.17668574,512,2023,0.46397047,2022,-0.15230125,254766.01962911,84.66378089,1.86591826,0.00302371,0.47923300,0.17017507,0.15925802,0.05651669,,,,,0.35974161,0.13802608
VT TQQQ/BTAL75+DBMF25 t20 w0-80 QQQ:VOL_EWMA80 gate QQQ<SMA200,sens,sens_2021-12-20,2021-12-20,2024-12-18,false,true,"{""*"": 6, ""BIL"": 0.5, ""BTAL"": 6, ""DBMF"": 2.5, ""KMLM"": 6, ""QQQ"": 1, ""SPY"": 0.7, ""TQQQ"": 1.5}",0.03000000,tests/data/2026-08-24-net15,BTAL75+DBMF25,QQQ<SMA200,0.04114125,0.23968615,0.04073958,0.23969312,40639.21499055,28000.00000000,12639.21499055,0.45140054,0.15732160,0.19154429,0.86747600,0.18968257,1.20803842,0.93543237,-0.16818063,,2023,0.33653273,2022,-0.06445245,245956.07408714,82.78566604,1.79804412,0.00295663,0.50935136,0.17016577,0.16921726,0.05604845,,,,,0.31978643,0.03358477
VT TQQQ/BTAL75+DBMF25 t20 w0-80 QQQ:VOL_EWMA80 gate QQQ<SMA10M,sens,sens_2021-12-20,2021-12-20,2024-12-18,false,true,"{""*"": 6, ""BIL"": 0.5, ""BTAL"": 6, ""DBMF"": 2.5, ""KMLM"": 6, ""QQQ"": 1, ""SPY"": 0.7, ""TQQQ"": 1.5}",0.03000000,tests/data/2026-08-24-net15,BTAL75+DBMF25,QQQ<SMA10M,0.04114125,0.23968615,0.04073958,0.23969312,40639.21499055,28000.00000000,12639.21499055,0.45140054,0.15732160,0.19154429,0.86747600,0.18968257,1.20803842,0.93543237,-0.16818063,,2023,0.33653273,2022,-0.06445245,245956.07408714,82.78566604,1.79804412,0.00295663,0.50935136,0.17016577,0.16921726,0.05604845,,,,,0.31978643,0.03358477
VT TQQQ/BTAL50+KMLM50 t20 w0-80 QQQ:VOL_EWMA80,sens,sens_2021-12-20,2021-12-20,2024-12-18,false,true,"{""*"": 6, ""BIL"": 0.5, ""BTAL"": 6, ""DBMF"": 2.5, ""KMLM"": 6, ""QQQ"": 1, ""SPY"": 0.7, ""TQQQ"": 1.5}",0.03000000,tests/data/2026-08-24-net15,BTAL50+KMLM50,,0.00179031,0.00461109,0.00099287,0.00241740,40901.36352334,28000.00000000,12901.36352334,0.46076298,0.16300055,0.19502028,0.86543484,0.19755521,1.21422151,0.99033774,-0.16459087,,2023,0.49680327,2022,-0.13042018,257536.81180041,97.50554525,1.85663522,0.00348234,0.31931139,0.11302584,,,0.31907190,0.11278424,,,0.35977492,0.13745985
VT TQQQ/BTAL50+KMLM50 t20 w0-80 QQQ:VOL_EWMA80 gate QQQ<SMA200,sens,sens_2021-12-20,2021-12-20,2024-12-18,false,true,"{""*"": 6, ""BIL"": 0.5, ""BTAL"": 6, ""DBMF"": 2.5, ""KMLM"": 6, ""QQQ"": 1, ""SPY"": 0.7, ""TQQQ"": 1.5}",0.03000000,tests/data/2026-08-24-net15,BTAL50+KMLM50,QQQ<SMA200,0.04153358,0.23948473,0.04110532,0.23949346,40714.33573582,28000.00000000,12714.33573582,0.45408342,0.16758883,0.19254203,0.88523212,0.19762612,1.22867283,1.01801649,-0.16462290,,2023,0.37133722,2022,-0.03976167,248907.76189504,95.61599075,1.78609244,0.00341486,0.33953398,0.11297698,,,0.33938227,0.11342290,,,0.31949469,0.03378444
VT TQQQ/BTAL50+KMLM50 t20 w0-80 QQQ:VOL_EWMA80 gate QQQ<SMA10M,sens,sens_2021-12-20,2021-12-20,2024-12-18,false,true,"{""*"": 6, ""BIL"": 0.5, ""BTAL"": 6, ""DBMF"": 2.5, ""KMLM"": 6, ""QQQ"": 1, ""SPY"": 0.7, ""TQQQ"": 1.5}",0.03000000,tests/data/2026-08-24-net15,BTAL50+KMLM50,QQQ<SMA10M,0.04153358,0.23948473,0.04110532,0.23949346,40714.33573582,28000.00000000,12714.33573582,0.45408342,0.16758883,0.19254203,0.88523212,0.19762612,1.22867283,1.01801649,-0.16462290,,2023,0.37133722,2022,-0.03976167,248907.76189504,95.61599075,1.78609244,0.00341486,0.33953398,0.11297698,,,0.33938227,0.11342290,,,0.31949469,0.03378444
SPY benchmark,sens,sens_2021-12-20,2021-12-20,2024-12-18,true,true,"{""*"": 6, ""BIL"": 0.5, ""BTAL"": 6, ""DBMF"": 2.5, ""KMLM"": 6, ""QQQ"": 1, ""SPY"": 0.7, ""TQQQ"": 1.5}",0.03000000,tests/data/2026-08-24-net15,,,0.01036235,0.02853707,0.01036423,0.02853833,37154.48737506,28000.00000000,9154.48737506,0.32694598,0.10029625,0.14370727,0.64071401,0.17287560,0.91416688,0.41173444,-0.24359452,709,2023,0.25583662,2022,-0.18197208,27739.70744952,1.94177952,0.22279974,0.00006935,,,,,,,0.98963577,0.97146167,,
VT TQQQ/BTAL75+KMLM25 t20 w0-80 QQQ:VOL_EWMA80,sens,sens_2022-06-21,2022-06-21,2025-06-18,false,true,"{""*"": 6, ""BIL"": 0.5, ""BTAL"": 6, ""DBMF"": 2.5, ""KMLM"": 6, ""QQQ"": 1, ""SPY"": 0.7, ""TQQQ"": 1.5}",0.03000000,tests/data/2026-08-24-net15,BTAL75+KMLM25,,0.00174744,0.00389039,0.00101173,0.00256727,38285.73312165,28000.00000000,10285.73312165,0.36734761,0.16769147,0.15975250,0.91608059,0.18966399,1.29186296,0.85906879,-0.19520144,,2023,0.47506988,2022,-0.04682491,260612.16945770,99.38959379,1.74498122,0.00354963,0.47184370,0.17023920,,,0.15655882,0.05566302,,,0.36979694,0.15562362
VT TQQQ/BTAL75+KMLM25 t20 w0-80 QQQ:VOL_EWMA80 gate QQQ<SMA200,sens,sens_2022-06-21,2022-06-21,2025-06-18,false,true,"{""*"": 6, ""BIL"": 0.5, ""BTAL"": 6, ""DBMF"": 2.5, ""KMLM"": 6, ""QQQ"": 1, ""SPY"": 0.7, ""TQQQ"": 1.5}",0.03000000,tests/data/2026-08-24-net15,BTAL75+KMLM25,QQQ<SMA200,0.04881013,0.27326684,0.04836976,0.27327789,36635.52854588,28000.00000000,8635.52854588,0.30841173,0.13645573,0.13645083,0.75079717,0.19705848,1.04256142,0.77176965,-0.17680889,,2023,0.32926105,2025,-0.03628059,240260.39188732,93.34425035,1.68493783,0.00333372,0.50763167,0.16983061,,,0.16870806,0.05612269,,,0.32208752,0.00000000
VT TQQQ/BTAL75+KMLM25 t20 w0-80 QQQ:VOL_EWMA80 gate QQQ<SMA10M,sens,sens_2022-06-21,2022-06-21,2025-06-18,false,true,"{""*"": 6, ""BIL"": 0.5, ""BTAL"": 6, ""DBMF"": 2.5, ""KMLM"": 6, ""QQQ"": 1, ""SPY"": 0.7, ""TQQQ"": 1.5}",0.03000000,tests/data/2026-08-24-net15,BTAL75+KMLM25,QQQ<SMA10M,0.04881013,0.27326684,0.04836976,0.27327789,36635.52854588,28000.00000000,8635.52854588,0.30841173,0.13645573,0.13645083,0.75079717,0.19705848,1.04256142,0.77176965,-0.17680889,,2023,0.32926105,2025,-0.03628059,240260.39188732,93.34425035,1.68493783,0.00333372,0.50763167,0.16983061,,,0.16870806,0.05612269,,,0.32208752,0.00000000
VT TQQQ/BTAL75+DBMF25 t20 w0-80 QQQ:VOL_EWMA80,sens,sens_2022-06-21,2022-06-21,2025-06-18,false,true,"{""*"": 6, ""BIL"": 0.5, ""BTAL"": 6, ""DBMF"": 2.5, ""KMLM"": 6, ""QQQ"": 1, ""SPY"": 0.7, ""TQQQ"": 1.5}",0.03000000,tests/data/2026-08-24-net15,BTAL75+DBMF25,,0.00147313,0.00348045,0.00081937,0.00224218,39104.48543492,28000.00000000,11104.48543492,0.39658877,0.17717724,0.17104223,0.94818053,0.19236924,1.33524636,0.87951756,-0.20144821,,2023,0.46380515,2022,-0.04010142,263261.14752964,88.07353230,1.75169878,0.00314548,0.47184441,0.16986468,0.15681595,0.05643895,,,,,0.36981994,0.15562362
VT TQQQ/BTAL75+DBMF25 t20 w0-80 QQQ:VOL_EWMA80 gate QQQ<SMA200,sens,sens_2022-06-21,2022-06-21,2025-06-18,false,true,"{""*"": 6, ""BIL"": 0.5, ""BTAL"": 6, ""DBMF"": 2.5, ""KMLM"": 6, ""QQQ"": 1, ""SPY"": 0.7, ""TQQQ"": 1.5}",0.03000000,tests/data/2026-08-24-net15,BTAL75+DBMF25,QQQ<SMA200,0.04869940,0.27326975,0.04830807,0.27327789,37454.69186246,28000.00000000,9454.69186246,0.33766757,0.14627867,0.14811162,0.79202779,0.19794315,1.10021671,0.79970872,-0.18291494,,2023,0.31849735,2025,-0.02307686,243247.93508075,82.42921280,1.69418962,0.00294390,0.50780908,0.17011082,0.16883641,0.05626382,,,,,0.32208359,0.00000000
VT TQQQ/BTAL75+DBMF25 t20 w0-80 QQQ:VOL_EWMA80 gate QQQ<SMA10M,sens,sens_2022-06-21,2022-06-21,2025-06-18,false,true,"{""*"": 6, ""BIL"": 0.5, ""BTAL"": 6, ""DBMF"": 2.5, ""KMLM"": 6, ""QQQ"": 1, ""SPY"": 0.7, ""TQQQ"": 1.5}",0.03000000,tests/data/2026-08-24-net15,BTAL75+DBMF25,QQQ<SMA10M,0.04869940,0.27326975,0.04830807,0.27327789,37454.69186246,28000.00000000,9454.69186246,0.33766757,0.14627867,0.14811162,0.79202779,0.19794315,1.10021671,0.79970872,-0.18291494,,2023,0.31849735,2025,-0.02307686,243247.93508075,82.42921280,1.69418962,0.00294390,0.50780908,0.17011082,0.16883641,0.05626382,,,,,0.32208359,0.00000000
VT TQQQ/BTAL50+KMLM50 t20 w0-80 QQQ:VOL_EWMA80,sens,sens_2022-06-21,2022-06-21,2025-06-18,false,true,"{""*"": 6, ""BIL"": 0.5, ""BTAL"": 6, ""DBMF"": 2.5, ""KMLM"": 6, ""QQQ"": 1, ""SPY"": 0.7, ""TQQQ"": 1.5}",0.03000000,tests/data/2026-08-24-net15,BTAL50+KMLM50,,0.00158785,0.00418662,0.00089808,0.00313541,37204.99580206,28000.00000000,9204.99580206,0.32874985,0.15395747,0.14457713,0.81763579,0.20055726,1.14999417,0.68280896,-0.22547664,,2023,0.49705569,2022,-0.06593445,258967.27102135,98.81721065,1.75690305,0.00352919,0.31438450,0.11289060,,,0.31416261,0.11325270,,,0.36981164,0.15562362
VT TQQQ/BTAL50+KMLM50 t20 w0-80 QQQ:VOL_EWMA80 gate QQQ<SMA200,sens,sens_2022-06-21,2022-06-21,2025-06-18,false,true,"{""*"": 6, ""BIL"": 0.5, ""BTAL"": 6, ""DBMF"": 2.5, ""KMLM"": 6, ""QQQ"": 1, ""SPY"": 0.7, ""TQQQ"": 1.5}",0.03000000,tests/data/2026-08-24-net15,BTAL50+KMLM50,QQQ<SMA200,0.04882387,0.27326676,0.04830727,0.27327789,35612.57255218,28000.00000000,7612.57255218,0.27187759,0.12292843,0.12161783,0.67235219,0.20433429,0.92976328,0.58881679,-0.20877195,,2023,0.35328223,2025,-0.05048728,238859.22748544,92.88985585,1.69836648,0.00331749,0.33817344,0.11344543,,,0.33792096,0.11301180,,,0.32221999,0.00000000
VT TQQQ/BTAL50+KMLM50 t20 w0-80 QQQ:VOL_EWMA80 gate QQQ<SMA10M,sens,sens_2022-06-21,2022-06-21,2025-06-18,false,true,"{""*"": 6, ""BIL"": 0.5, ""BTAL"": 6, ""DBMF"": 2.5, ""KMLM"": 6, ""QQQ"": 1, ""SPY"": 0.7, ""TQQQ"": 1.5}",0.03000000,tests/data/2026-08-24-net15,BTAL50+KMLM50,QQQ<SMA10M,0.04882387,0.27326676,0.04830727,0.27327789,35612.57255218,28000.00000000,7612.57255218,0.27187759,0.12292843,0.12161783,0.67235219,0.20433429,0.92976328,0.58881679,-0.20877195,,2023,0.35328223,2025,-0.05048728,238859.22748544,92.88985585,1.69836648,0.00331749,0.33817344,0.11344543,,,0.33792096,0.11301180,,,0.32221999,0.00000000
SPY benchmark,sens,sens_2022-06-21,2022-06-21,2025-06-18,true,true,"{""*"": 6, ""BIL"": 0.5, ""BTAL"": 6, ""DBMF"": 2.5, ""KMLM"": 6, ""QQQ"": 1, ""SPY"": 0.7, ""TQQQ"": 1.5}",0.03000000,tests/data/2026-08-24-net15,,,0.01300693,0.03227619,0.01300869,0.03231006,39711.10365518,28000.00000000,11711.10365518,0.41825370,0.18054493,0.17929622,1.04394150,0.17412158,1.58463964,0.96873098,-0.18637262,,2023,0.25475887,2025,0.02204046,27867.34190562,1.95071393,0.19292624,0.00006967,,,,,,,0.98699131,0.96768994,,
VT TQQQ/BTAL75+KMLM25 t20 w0-80 QQQ:VOL_EWMA80,sens,sens_2022-12-19,2022-12-19,2025-12-18,false,true,"{""*"": 6, ""BIL"": 0.5, ""BTAL"": 6, ""DBMF"": 2.5, ""KMLM"": 6, ""QQQ"": 1, ""SPY"": 0.7, ""TQQQ"": 1.5}",0.03000000,tests/data/2026-08-24-net15,BTAL75+KMLM25,,0.00147663,0.00318157,0.00088293,0.00227595,44297.90347627,28000.00000000,16297.90347627,0.58206798,0.26006755,0.23856468,1.22115567,0.20806343,1.72385299,1.33161115,-0.19530293,448,2023,0.47527236,2022,-0.00388416,327144.71302347,123.91302229,2.03661792,0.00442547,0.42741652,0.14975188,,,0.14201068,0.04941369,,,0.42903476,0.21659857
VT TQQQ/BTAL75+KMLM25 t20 w0-80 QQQ:VOL_EWMA80 gate QQQ<SMA200,sens,sens_2022-12-19,2022-12-19,2025-12-18,false,true,"{""*"": 6, ""BIL"": 0.5, ""BTAL"": 6, ""DBMF"": 2.5, ""KMLM"": 6, ""QQQ"": 1, ""SPY"": 0.7, ""TQQQ"": 1.5}",0.03000000,tests/data/2026-08-24-net15,BTAL75+KMLM25,QQQ<SMA200,0.01768411,0.27326373,0.01707446,0.27327789,42328.48440139,28000.00000000,14328.48440139,0.51173159,0.22130300,0.21358294,1.08238348,0.20515691,1.52056979,1.25461736,-0.17639083,448,2023,0.32885526,2022,0.01084122,309001.64095777,118.44433485,2.02958127,0.00423015,0.43954848,0.14978881,,,0.14606900,0.04956413,,,0.41273569,0.00000000
VT TQQQ/BTAL75+KMLM25 t20 w0-80 QQQ:VOL_EWMA80 gate QQQ<SMA10M,sens,sens_2022-12-19,2022-12-19,2025-12-18,false,true,"{""*"": 6, ""BIL"": 0.5, ""BTAL"": 6, ""DBMF"": 2.5, ""KMLM"": 6, ""QQQ"": 1, ""SPY"": 0.7, ""TQQQ"": 1.5}",0.03000000,tests/data/2026-08-24-net15,BTAL75+KMLM25,QQQ<SMA10M,0.01768411,0.27326373,0.01707446,0.27327789,42328.48440139,28000.00000000,14328.48440139,0.51173159,0.22130300,0.21358294,1.08238348,0.20515691,1.52056979,1.25461736,-0.17639083,448,2023,0.32885526,2022,0.01084122,309001.64095777,118.44433485,2.02958127,0.00423015,0.43954848,0.14978881,,,0.14606900,0.04956413,,,0.41273569,0.00000000
VT TQQQ/BTAL75+DBMF25 t20 w0-80 QQQ:VOL_EWMA80,sens,sens_2022-12-19,2022-12-19,2025-12-18,false,true,"{""*"": 6, ""BIL"": 0.5, ""BTAL"": 6, ""DBMF"": 2.5, ""KMLM"": 6, ""QQQ"": 1, ""SPY"": 0.7, ""TQQQ"": 1.5}",0.03000000,tests/data/2026-08-24-net15,BTAL75+DBMF25,,0.00157121,0.00382231,0.00088695,0.00206260,45255.36236854,28000.00000000,17255.36236854,0.61626294,0.26965349,0.25042017,1.24188781,0.21127789,1.74933585,1.34032885,-0.20118458,439,2023,0.46350120,2022,-0.00171205,331309.19399073,110.17317712,2.04645694,0.00393476,0.42740039,0.14967593,0.14203587,0.04974449,,,,,0.42893844,0.21640253
VT TQQQ/BTAL75+DBMF25 t20 w0-80 QQQ:VOL_EWMA80 gate QQQ<SMA200,sens,sens_2022-12-19,2022-12-19,2025-12-18,false,true,"{""*"": 6, ""BIL"": 0.5, ""BTAL"": 6, ""DBMF"": 2.5, ""KMLM"": 6, ""QQQ"": 1, ""SPY"": 0.7, ""TQQQ"": 1.5}",0.03000000,tests/data/2026-08-24-net15,BTAL75+DBMF25,QQQ<SMA200,0.01751600,0.27326611,0.01699575,0.27327789,43288.55639326,28000.00000000,15288.55639326,0.54601987,0.23130524,0.22586417,1.10901352,0.20820243,1.55538972,1.26722436,-0.18252903,447,2023,0.31899796,2022,0.01373663,313607.42665210,105.10024170,2.04161256,0.00375358,0.43968413,0.14963971,0.14611231,0.04945043,,,,,0.41278094,0.00000000
VT TQQQ/BTAL75+DBMF25 t20 w0-80 QQQ:VOL_EWMA80 gate QQQ<SMA10M,sens,sens_2022-12-19,2022-12-19,2025-12-18,false,true,"{""*"": 6, ""BIL"": 0.5, ""BTAL"": 6, ""DBMF"": 2.5, ""KMLM"": 6, ""QQQ"": 1, ""SPY"": 0.7, ""TQQQ"": 1.5}",0.03000000,tests/data/2026-08-24-net15,BTAL75+DBMF25,QQQ<SMA10M,0.01751600,0.27326611,0.01699575,0.27327789,43288.55639326,28000.00000000,15288.55639326,0.54601987,0.23130524,0.22586417,1.10901352,0.20820243,1.55538972,1.26722436,-0.18252903,447,2023,0.31899796,2022,0.01373663,313607.42665210,105.10024170,2.04161256,0.00375358,0.43968413,0.14963971,0.14611231,0.04945043,,,,,0.41278094,0.00000000
VT TQQQ/BTAL50+KMLM50 t20 w0-80 QQQ:VOL_EWMA80,sens,sens_2022-12-19,2022-12-19,2025-12-18,false,true,"{""*"": 6, ""BIL"": 0.5, ""BTAL"": 6, ""DBMF"": 2.5, ""KMLM"": 6, ""QQQ"": 1, ""SPY"": 0.7, ""TQQQ"": 1.5}",0.03000000,tests/data/2026-08-24-net15,BTAL50+KMLM50,,0.00164900,0.00351981,0.00096602,0.00279403,44577.84620398,28000.00000000,16577.84620398,0.59206594,0.26289706,0.24205002,1.18168939,0.21887149,1.66980438,1.16617160,-0.22543600,448,2023,0.49706758,2022,-0.00855721,328129.29589403,124.25832735,2.05063870,0.00443780,0.28483331,0.09982457,,,0.28454472,0.09965641,,,0.42891125,0.21621335
VT TQQQ/BTAL50+KMLM50 t20 w0-80 QQQ:VOL_EWMA80 gate QQQ<SMA200,sens,sens_2022-12-19,2022-12-19,2025-12-18,false,true,"{""*"": 6, ""BIL"": 0.5, ""BTAL"": 6, ""DBMF"": 2.5, ""KMLM"": 6, ""QQQ"": 1, ""SPY"": 0.7, ""TQQQ"": 1.5}",0.03000000,tests/data/2026-08-24-net15,BTAL50+KMLM50,QQQ<SMA200,0.01742713,0.27326387,0.01691428,0.27327789,42674.79286923,28000.00000000,14674.79286923,0.52409975,0.22526737,0.21803599,1.05751797,0.21502366,1.48657532,1.08111643,-0.20836550,448,2023,0.35285593,2022,0.00465926,310939.70457351,119.23040453,2.04753085,0.00425823,0.29290471,0.09975871,,,0.29266410,0.09935293,,,0.41292799,0.00000000
VT TQQQ/BTAL50+KMLM50 t20 w0-80 QQQ:VOL_EWMA80 gate QQQ<SMA10M,sens,sens_2022-12-19,2022-12-19,2025-12-18,false,true,"{""*"": 6, ""BIL"": 0.5, ""BTAL"": 6, ""DBMF"": 2.5, ""KMLM"": 6, ""QQQ"": 1, ""SPY"": 0.7, ""TQQQ"": 1.5}",0.03000000,tests/data/2026-08-24-net15,BTAL50+KMLM50,QQQ<SMA10M,0.01742713,0.27326387,0.01691428,0.27327789,42674.79286923,28000.00000000,14674.79286923,0.52409975,0.22526737,0.21803599,1.05751797,0.21502366,1.48657532,1.08111643,-0.20836550,448,2023,0.35285593,2022,0.00465926,310939.70457351,119.23040453,2.04753085,0.00425823,0.29290471,0.09975871,,,0.29266410,0.09935293,,,0.41292799,0.00000000
SPY benchmark,sens,sens_2022-12-19,2022-12-19,2025-12-18,true,true,"{""*"": 6, ""BIL"": 0.5, ""BTAL"": 6, ""DBMF"": 2.5, ""KMLM"": 6, ""QQQ"": 1, ""SPY"": 0.7, ""TQQQ"": 1.5}",0.03000000,tests/data/2026-08-24-net15,,,0.01373062,0.03102931,0.01373233,0.03103048,42350.05039969,28000.00000000,14350.05039969,0.51250180,0.22127549,0.21386102,1.39615725,0.15212746,2.09948175,1.19339310,-0.18541710,127,2023,0.25343313,2022,0.00627264,27994.95365024,1.95964676,0.18523395,0.00006999,,,,,,,0.98626767,0.96896952,,
VT TQQQ/BTAL75+KMLM25 t20 w0-80 QQQ:VOL_EWMA80,sens,sens_2023-06-20,2023-06-20,2026-06-18,false,true,"{""*"": 6, ""BIL"": 0.5, ""BTAL"": 6, ""DBMF"": 2.5, ""KMLM"": 6, ""QQQ"": 1, ""SPY"": 0.7, ""TQQQ"": 1.5}",0.03000000,tests/data/2026-08-24-net15,BTAL75+KMLM25,,0.00191673,0.00473045,0.00115192,0.00234064,38762.52102499,28000.00000000,10762.52102499,0.38437575,0.17676447,0.16629257,0.87133910,0.21395521,1.19827077,0.90653504,-0.19498912,448,2024,0.16935399,2026,0.02301575,289469.12410617,109.06785606,2.00746269,0.00389528,0.40875451,0.14985634,,,0.13567917,0.04979887,,,0.45358504,0.21391545
VT TQQQ/BTAL75+KMLM25 t20 w0-80 QQQ:VOL_EWMA80 gate QQQ<SMA200,sens,sens_2023-06-20,2023-06-20,2026-06-18,false,true,"{""*"": 6, ""BIL"": 0.5, ""BTAL"": 6, ""DBMF"": 2.5, ""KMLM"": 6, ""QQQ"": 1, ""SPY"": 0.7, ""TQQQ"": 1.5}",0.03000000,tests/data/2026-08-24-net15,BTAL75+KMLM25,QQQ<SMA200,0.00407349,0.06762984,0.00333224,0.06763601,38626.91824577,28000.00000000,10626.91824577,0.37953279,0.17508186,0.16442353,0.87261674,0.21136446,1.19848023,0.99543636,-0.17588453,448,2024,0.16935399,2026,0.02315336,285461.46553371,107.77767904,1.98312006,0.00384920,0.41048740,0.14947589,,,0.13624398,0.04912462,,,0.45140900,0.19917217
VT TQQQ/BTAL75+KMLM25 t20 w0-80 QQQ:VOL_EWMA80 gate QQQ<SMA10M,sens,sens_2023-06-20,2023-06-20,2026-06-18,false,true,"{""*"": 6, ""BIL"": 0.5, ""BTAL"": 6, ""DBMF"": 2.5, ""KMLM"": 6, ""QQQ"": 1, ""SPY"": 0.7, ""TQQQ"": 1.5}",0.03000000,tests/data/2026-08-24-net15,BTAL75+KMLM25,QQQ<SMA10M,0.00407349,0.06762984,0.00333224,0.06763601,38626.91824577,28000.00000000,10626.91824577,0.37953279,0.17508186,0.16442353,0.87261674,0.21136446,1.19848023,0.99543636,-0.17588453,448,2024,0.16935399,2026,0.02315336,285461.46553371,107.77767904,1.98312006,0.00384920,0.41048740,0.14947589,,,0.13624398,0.04912462,,,0.45140900,0.19917217
VT TQQQ/BTAL75+DBMF25 t20 w0-80 QQQ:VOL_EWMA80,sens,sens_2023-06-20,2023-06-20,2026-06-18,false,true,"{""*"": 6, ""BIL"": 0.5, ""BTAL"": 6, ""DBMF"": 2.5, ""KMLM"": 6, ""QQQ"": 1, ""SPY"": 0.7, ""TQQQ"": 1.5}",0.03000000,tests/data/2026-08-24-net15,BTAL75+DBMF25,,0.00199503,0.00378611,0.00110811,0.00229797,39623.28772334,28000.00000000,11623.28772334,0.41511742,0.18862507,0.17804676,0.90711149,0.21747045,1.24705386,0.93896061,-0.20088709,439,2025,0.18965908,2026,0.02200791,293745.26104660,97.29744861,2.00634941,0.00347491,0.40880770,0.14963019,0.13562067,0.04938128,,,,,0.45351986,0.21342063
VT TQQQ/BTAL75+DBMF25 t20 w0-80 QQQ:VOL_EWMA80 gate QQQ<SMA200,sens,sens_2023-06-20,2023-06-20,2026-06-18,false,true,"{""*"": 6, ""BIL"": 0.5, ""BTAL"": 6, ""DBMF"": 2.5, ""KMLM"": 6, ""QQQ"": 1, ""SPY"": 0.7, ""TQQQ"": 1.5}",0.03000000,tests/data/2026-08-24-net15,BTAL75+DBMF25,QQQ<SMA200,0.00413753,0.06608763,0.00332852,0.06609068,39527.65794902,28000.00000000,11527.65794902,0.41170207,0.18742263,0.17675014,0.91088533,0.21482720,1.25019882,1.02728922,-0.18244388,447,2025,0.18519711,2026,0.02275029,289566.24119968,95.87292144,1.98052597,0.00342403,0.41049263,0.14957812,0.13620543,0.04954692,,,,,0.45133736,0.19930254
VT TQQQ/BTAL75+DBMF25 t20 w0-80 QQQ:VOL_EWMA80 gate QQQ<SMA10M,sens,sens_2023-06-20,2023-06-20,2026-06-18,false,true,"{""*"": 6, ""BIL"": 0.5, ""BTAL"": 6, ""DBMF"": 2.5, ""KMLM"": 6, ""QQQ"": 1, ""SPY"": 0.7, ""TQQQ"": 1.5}",0.03000000,tests/data/2026-08-24-net15,BTAL75+DBMF25,QQQ<SMA10M,0.00413753,0.06608763,0.00332852,0.06609068,39527.65794902,28000.00000000,11527.65794902,0.41170207,0.18742263,0.17675014,0.91088533,0.21482720,1.25019882,1.02728922,-0.18244388,447,2025,0.18519711,2026,0.02275029,289566.24119968,95.87292144,1.98052597,0.00342403,0.41049263,0.14957812,0.13620543,0.04954692,,,,,0.45133736,0.19930254
VT TQQQ/BTAL50+KMLM50 t20 w0-80 QQQ:VOL_EWMA80,sens,sens_2023-06-20,2023-06-20,2026-06-18,false,true,"{""*"": 6, ""BIL"": 0.5, ""BTAL"": 6, ""DBMF"": 2.5, ""KMLM"": 6, ""QQQ"": 1, ""SPY"": 0.7, ""TQQQ"": 1.5}",0.03000000,tests/data/2026-08-24-net15,BTAL50+KMLM50,,0.00157533,0.00404604,0.00093592,0.00209356,40869.37999976,28000.00000000,12869.37999976,0.45962071,0.19556694,0.19473754,0.90671311,0.22612641,1.25011863,0.86636826,-0.22573189,448,2025,0.18165113,2026,0.07978888,289031.54019459,108.88231967,2.01213604,0.00388865,0.27246434,0.09990529,,,0.27221141,0.09932095,,,0.45368412,0.21409505
VT TQQQ/BTAL50+KMLM50 t20 w0-80 QQQ:VOL_EWMA80 gate QQQ<SMA200,sens,sens_2023-06-20,2023-06-20,2026-06-18,false,true,"{""*"": 6, ""BIL"": 0.5, ""BTAL"": 6, ""DBMF"": 2.5, ""KMLM"": 6, ""QQQ"": 1, ""SPY"": 0.7, ""TQQQ"": 1.5}",0.03000000,tests/data/2026-08-24-net15,BTAL50+KMLM50,QQQ<SMA200,0.00381388,0.06514127,0.00321026,0.06514825,40735.97975070,28000.00000000,12735.97975070,0.45485642,0.19401416,0.19296856,0.91121960,0.22274715,1.25482336,0.93186347,-0.20820020,448,2025,0.17757147,2026,0.07932018,285103.45731926,107.71797178,1.98755505,0.00384707,0.27356058,0.09966655,,,0.27327209,0.09920084,,,0.45140349,0.20172445
VT TQQQ/BTAL50+KMLM50 t20 w0-80 QQQ:VOL_EWMA80 gate QQQ<SMA10M,sens,sens_2023-06-20,2023-06-20,2026-06-18,false,true,"{""*"": 6, ""BIL"": 0.5, ""BTAL"": 6, ""DBMF"": 2.5, ""KMLM"": 6, ""QQQ"": 1, ""SPY"": 0.7, ""TQQQ"": 1.5}",0.03000000,tests/data/2026-08-24-net15,BTAL50+KMLM50,QQQ<SMA10M,0.00381388,0.06514127,0.00321026,0.06514825,40735.97975070,28000.00000000,12735.97975070,0.45485642,0.19401416,0.19296856,0.91121960,0.22274715,1.25482336,0.93186347,-0.20820020,448,2025,0.17757147,2026,0.07932018,285103.45731926,107.71797178,1.98755505,0.00384707,0.27356058,0.09966655,,,0.27327209,0.09920084,,,0.45140349,0.20172445
SPY benchmark,sens,sens_2023-06-20,2023-06-20,2026-06-18,true,true,"{""*"": 6, ""BIL"": 0.5, ""BTAL"": 6, ""DBMF"": 2.5, ""KMLM"": 6, ""QQQ"": 1, ""SPY"": 0.7, ""TQQQ"": 1.5}",0.03000000,tests/data/2026-08-24-net15,,,0.01319629,0.03362596,0.01319803,0.03362731,41873.86989185,28000.00000000,13873.86989185,0.49549535,0.20584829,0.20792477,1.32130241,0.15079038,1.96688717,1.10739347,-0.18588541,127,2024,0.24356756,2023,0.09159990,27966.92029269,1.95768442,0.19207650,0.00006992,,,,,,,0.98680197,0.96637269,,
