label,kind,window,start,end,is_baseline,feasible,cost_bps,cash_yield,data_dir,params.score,avg_misallocation,max_misallocation,avg_asset_deviation,max_asset_deviation,final_value,total_contributed,net_profit,net_profit_pct,cagr,xirr,sharpe,volatility,sortino,calmar,max_drawdown,max_drawdown_days,best_year,best_year_return,worst_year,worst_year_return,traded_value,total_fees,turnover,fee_drag,exposure.AGG.avg,exposure.AGG.min,exposure.EEM.avg,exposure.EEM.min,exposure.EFA.avg,exposure.EFA.min,exposure.IEF.avg,exposure.IEF.min,exposure.LQD.avg,exposure.LQD.min,exposure.SHY.avg,exposure.SHY.min,exposure.SPY.avg,exposure.SPY.min
ROT SPY+EFA+EEM+AGG top1 13612W can SPY+EFA+EEM+AGG/1 fb best(LQD+IEF+SHY),full,full,2012-01-03,2026-08-24,false,true,"{""*"": 6, ""ACWX"": 3, ""AGG"": 1, ""BIL"": 1, ""BND"": 1.5, ""BTAL"": 6, ""DBC"": 3, ""DBMF"": 3, ""EEM"": 1, ""EFA"": 1, ""IEF"": 1, ""IWM"": 1, ""KMLM"": 6, ""LQD"": 1.5, ""QQQ"": 1, ""SCZ"": 5, ""SHY"": 1, ""SPY"": 0.7, ""TIP"": 2, ""TLT"": 1, ""TQQQ"": 1.5, ""VEA"": 1.5, ""VEU"": 2, ""VNQ"": 1.5, ""VTI"": 1, ""VWO"": 2}",0.03000000,tests/data/2026-08-24-net15,13612W,0.00101163,0.00814187,0.00107996,0.00814313,152237.68243105,97500.00000000,54737.68243105,0.56141213,0.06175826,0.05313557,0.60764389,0.10860226,0.85298717,0.30467975,-0.20269893,1621,2012,0.22745270,2022,-0.12102932,16998134.99358172,1781.44911310,7.80447790,0.01827127,0.00000000,0.00000000,0.18173304,0.00000000,0.07947749,0.00000000,0.13621632,0.00000000,0.16462596,0.00000000,0.28954053,0.00000000,0.14732670,0.00000000
ROT SPY+EFA+EEM+AGG top1 1-3-6-12U can SPY+EFA+EEM+AGG/1 fb best(LQD+IEF+SHY),full,full,2012-01-03,2026-08-24,false,true,"{""*"": 6, ""ACWX"": 3, ""AGG"": 1, ""BIL"": 1, ""BND"": 1.5, ""BTAL"": 6, ""DBC"": 3, ""DBMF"": 3, ""EEM"": 1, ""EFA"": 1, ""IEF"": 1, ""IWM"": 1, ""KMLM"": 6, ""LQD"": 1.5, ""QQQ"": 1, ""SCZ"": 5, ""SHY"": 1, ""SPY"": 0.7, ""TIP"": 2, ""TLT"": 1, ""TQQQ"": 1.5, ""VEA"": 1.5, ""VEU"": 2, ""VNQ"": 1.5, ""VTI"": 1, ""VWO"": 2}",0.03000000,tests/data/2026-08-24-net15,1-3-6-12U,0.00123284,0.00748667,0.00127429,0.00756878,214514.84831576,97500.00000000,117014.84831576,1.20015229,0.08318665,0.09192404,0.79398895,0.10830696,1.11889510,0.51437504,-0.16172372,1335,2020,0.19314006,2015,-0.06352443,10518989.23412200,1103.25756483,4.39200380,0.01131546,0.00000000,0.00000000,0.18176133,0.00000000,0.03406589,0.00000000,0.14177360,0.00000000,0.15887354,0.00000000,0.27255518,0.00000000,0.20969618,0.00000000
SPY25/EFA25/EEM25/AGG25,full,full,2012-01-03,2026-08-24,true,true,"{""*"": 6, ""ACWX"": 3, ""AGG"": 1, ""BIL"": 1, ""BND"": 1.5, ""BTAL"": 6, ""DBC"": 3, ""DBMF"": 3, ""EEM"": 1, ""EFA"": 1, ""IEF"": 1, ""IWM"": 1, ""KMLM"": 6, ""LQD"": 1.5, ""QQQ"": 1, ""SCZ"": 5, ""SHY"": 1, ""SPY"": 0.7, ""TIP"": 2, ""TLT"": 1, ""TQQQ"": 1.5, ""VEA"": 1.5, ""VEU"": 2, ""VNQ"": 1.5, ""VTI"": 1, ""VWO"": 2}",0.03000000,tests/data/2026-08-24-net15,,0.00420052,0.01692793,0.00251033,0.00773457,194858.01132007,97500.00000000,97358.01132007,0.99854371,0.07597416,0.08119309,0.64610929,0.12594683,0.90228740,0.29590149,-0.25675491,208,2025,0.21801487,2022,-0.16430118,258086.06397536,24.08697727,0.11512326,0.00024705,0.24901564,0.24338176,0.24964099,0.24710291,0.24950741,0.24748038,,,,,,,0.24763424,0.24226543
SPY60/AGG40,full,full,2012-01-03,2026-08-24,true,true,"{""*"": 6, ""ACWX"": 3, ""AGG"": 1, ""BIL"": 1, ""BND"": 1.5, ""BTAL"": 6, ""DBC"": 3, ""DBMF"": 3, ""EEM"": 1, ""EFA"": 1, ""IEF"": 1, ""IWM"": 1, ""KMLM"": 6, ""LQD"": 1.5, ""QQQ"": 1, ""SCZ"": 5, ""SHY"": 1, ""SPY"": 0.7, ""TIP"": 2, ""TLT"": 1, ""TQQQ"": 1.5, ""VEA"": 1.5, ""VEU"": 2, ""VNQ"": 1.5, ""VTI"": 1, ""VWO"": 2}",0.03000000,tests/data/2026-08-24-net15,,0.00287809,0.01398803,0.00216615,0.00784154,218679.30034456,97500.00000000,121179.30034456,1.24286462,0.09426728,0.09405963,0.94118936,0.10144465,1.32770855,0.43641913,-0.21600171,152,2019,0.21474260,2022,-0.15989938,255935.67929349,21.97246082,0.09858285,0.00022536,0.39905573,0.39261535,,,,,,,,,,,0.59806518,0.59215846
SPY benchmark,full,full,2012-01-03,2026-08-24,true,true,"{""*"": 6, ""ACWX"": 3, ""AGG"": 1, ""BIL"": 1, ""BND"": 1.5, ""BTAL"": 6, ""DBC"": 3, ""DBMF"": 3, ""EEM"": 1, ""EFA"": 1, ""IEF"": 1, ""IWM"": 1, ""KMLM"": 6, ""LQD"": 1.5, ""QQQ"": 1, ""SCZ"": 5, ""SHY"": 1, ""SPY"": 0.7, ""TIP"": 2, ""TLT"": 1, ""TQQQ"": 1.5, ""VEA"": 1.5, ""VEU"": 2, ""VNQ"": 1.5, ""VTI"": 1, ""VWO"": 2}",0.03000000,tests/data/2026-08-24-net15,,0.00165763,0.00887397,0.00165813,0.00887535,353051.02493906,97500.00000000,255551.02493906,2.62103615,0.14643292,0.14631590,0.91192795,0.16527492,1.29098146,0.43404677,-0.33736669,173,2013,0.31819168,2022,-0.18365542,97233.05567962,6.80631390,0.02779235,0.00006981,,,,,,,,,,,,,0.99834187,0.99112465
ROT SPY+EFA+EEM+AGG top1 13612W can SPY+EFA+EEM+AGG/1 fb best(LQD+IEF+SHY),fit,fit,2012-01-03,2022-12-30,false,true,"{""*"": 6, ""ACWX"": 3, ""AGG"": 1, ""BIL"": 1, ""BND"": 1.5, ""BTAL"": 6, ""DBC"": 3, ""DBMF"": 3, ""EEM"": 1, ""EFA"": 1, ""IEF"": 1, ""IWM"": 1, ""KMLM"": 6, ""LQD"": 1.5, ""QQQ"": 1, ""SCZ"": 5, ""SHY"": 1, ""SPY"": 0.7, ""TIP"": 2, ""TLT"": 1, ""TQQQ"": 1.5, ""VEA"": 1.5, ""VEU"": 2, ""VNQ"": 1.5, ""VTI"": 1, ""VWO"": 2}",0.03000000,tests/data/2026-08-24-net15,13612W,0.00105902,0.00814187,0.00112731,0.00814313,101605.14380492,75500.00000000,26105.14380492,0.34576349,0.06146638,0.04670907,0.68025502,0.09431866,0.96842165,0.33316113,-0.18449447,,2012,0.22745270,2022,-0.12085313,9941051.81386017,1073.39176197,7.75104477,0.01421711,0.00000000,0.00000000,0.15142600,0.00000000,0.08325382,0.00000000,0.16647790,0.00000000,0.18921628,0.00000000,0.27247275,0.00000000,0.13602593,0.00000000
ROT SPY+EFA+EEM+AGG top1 1-3-6-12U can SPY+EFA+EEM+AGG/1 fb best(LQD+IEF+SHY),fit,fit,2012-01-03,2022-12-30,false,true,"{""*"": 6, ""ACWX"": 3, ""AGG"": 1, ""BIL"": 1, ""BND"": 1.5, ""BTAL"": 6, ""DBC"": 3, ""DBMF"": 3, ""EEM"": 1, ""EFA"": 1, ""IEF"": 1, ""IWM"": 1, ""KMLM"": 6, ""LQD"": 1.5, ""QQQ"": 1, ""SCZ"": 5, ""SHY"": 1, ""SPY"": 0.7, ""TIP"": 2, ""TLT"": 1, ""TQQQ"": 1.5, ""VEA"": 1.5, ""VEU"": 2, ""VNQ"": 1.5, ""VTI"": 1, ""VWO"": 2}",0.03000000,tests/data/2026-08-24-net15,1-3-6-12U,0.00139705,0.00748667,0.00143921,0.00756878,118766.87588450,75500.00000000,43266.87588450,0.57307120,0.06885295,0.07063148,0.80378978,0.08771666,1.12529083,0.48121170,-0.14308245,732,2020,0.19314006,2015,-0.06352443,5923539.83225175,639.57413362,4.54240568,0.00847118,0.00000000,0.00000000,0.14387839,0.00000000,0.01513104,0.00000000,0.18903146,0.00000000,0.18912374,0.00000000,0.28010175,0.00000000,0.18129441,0.00000000
SPY25/EFA25/EEM25/AGG25,fit,fit,2012-01-03,2022-12-30,true,true,"{""*"": 6, ""ACWX"": 3, ""AGG"": 1, ""BIL"": 1, ""BND"": 1.5, ""BTAL"": 6, ""DBC"": 3, ""DBMF"": 3, ""EEM"": 1, ""EFA"": 1, ""IEF"": 1, ""IWM"": 1, ""KMLM"": 6, ""LQD"": 1.5, ""QQQ"": 1, ""SCZ"": 5, ""SHY"": 1, ""SPY"": 0.7, ""TIP"": 2, ""TLT"": 1, ""TQQQ"": 1.5, ""VEA"": 1.5, ""VEU"": 2, ""VNQ"": 1.5, ""VTI"": 1, ""VWO"": 2}",0.03000000,tests/data/2026-08-24-net15,,0.00466550,0.01692793,0.00265148,0.00773457,97980.74785315,75500.00000000,22480.74785315,0.29775825,0.05125984,0.04108668,0.45233334,0.12913860,0.62102264,0.19964504,-0.25675491,208,2017,0.20946828,2022,-0.16430025,160967.60655824,15.03661919,0.13127791,0.00019916,0.24879398,0.24338176,0.24957631,0.24710291,0.24942680,0.24748038,,,,,,,0.24753603,0.24226543
SPY60/AGG40,fit,fit,2012-01-03,2022-12-30,true,true,"{""*"": 6, ""ACWX"": 3, ""AGG"": 1, ""BIL"": 1, ""BND"": 1.5, ""BTAL"": 6, ""DBC"": 3, ""DBMF"": 3, ""EEM"": 1, ""EFA"": 1, ""IEF"": 1, ""IWM"": 1, ""KMLM"": 6, ""LQD"": 1.5, ""QQQ"": 1, ""SCZ"": 5, ""SHY"": 1, ""SPY"": 0.7, ""TIP"": 2, ""TLT"": 1, ""TQQQ"": 1.5, ""VEA"": 1.5, ""VEU"": 2, ""VNQ"": 1.5, ""VTI"": 1, ""VWO"": 2}",0.03000000,tests/data/2026-08-24-net15,,0.00320658,0.01398803,0.00234504,0.00784154,116882.50989644,75500.00000000,41382.50989644,0.54811271,0.07841074,0.06819615,0.78381157,0.10322534,1.08600233,0.36300981,-0.21600171,152,2019,0.21474260,2022,-0.15989758,166093.05426057,14.22208790,0.11992011,0.00018837,0.39883244,0.39261535,,,,,,,,,,,0.59795982,0.59215846
SPY benchmark,fit,fit,2012-01-03,2022-12-30,true,true,"{""*"": 6, ""ACWX"": 3, ""AGG"": 1, ""BIL"": 1, ""BND"": 1.5, ""BTAL"": 6, ""DBC"": 3, ""DBMF"": 3, ""EEM"": 1, ""EFA"": 1, ""IEF"": 1, ""IWM"": 1, ""KMLM"": 6, ""LQD"": 1.5, ""QQQ"": 1, ""SCZ"": 5, ""SHY"": 1, ""SPY"": 0.7, ""TIP"": 2, ""TLT"": 1, ""TQQQ"": 1.5, ""VEA"": 1.5, ""VEU"": 2, ""VNQ"": 1.5, ""VTI"": 1, ""VWO"": 2}",0.03000000,tests/data/2026-08-24-net15,,0.00181713,0.00887397,0.00181778,0.00887535,155037.99589010,75500.00000000,79537.99589010,1.05348339,0.12272174,0.11077065,0.76728635,0.16992121,1.07071696,0.36376365,-0.33736669,173,2013,0.31819168,2022,-0.18365528,75481.94120423,5.28373588,0.04442562,0.00006998,,,,,,,,,,,,,0.99818222,0.99112465
ROT SPY+EFA+EEM+AGG top1 13612W can SPY+EFA+EEM+AGG/1 fb best(LQD+IEF+SHY),test,test,2023-01-03,2026-08-24,false,true,"{""*"": 6, ""ACWX"": 3, ""AGG"": 1, ""BIL"": 1, ""BND"": 1.5, ""BTAL"": 6, ""DBC"": 3, ""DBMF"": 3, ""EEM"": 1, ""EFA"": 1, ""IEF"": 1, ""IWM"": 1, ""KMLM"": 6, ""LQD"": 1.5, ""QQQ"": 1, ""SCZ"": 5, ""SHY"": 1, ""SPY"": 0.7, ""TIP"": 2, ""TLT"": 1, ""TQQQ"": 1.5, ""VEA"": 1.5, ""VEU"": 2, ""VNQ"": 1.5, ""VTI"": 1, ""VWO"": 2}",0.03000000,tests/data/2026-08-24-net15,13612W,0.00352022,0.02357097,0.00358687,0.02365362,37256.90471806,31500.00000000,5756.90471806,0.18275888,0.06263513,0.07103985,0.49808358,0.14333881,0.68716021,0.44010551,-0.14231843,,2025,0.13367119,2024,-0.00542212,1204761.99214746,119.56545957,7.31888242,0.00379573,0.00000000,0.00000000,0.27248267,0.00000000,0.06798246,0.00000000,0.04540223,0.00000000,0.09061155,0.00000000,0.34008380,0.00000000,0.17985042,0.00000000
ROT SPY+EFA+EEM+AGG top1 1-3-6-12U can SPY+EFA+EEM+AGG/1 fb best(LQD+IEF+SHY),test,test,2023-01-03,2026-08-24,false,true,"{""*"": 6, ""ACWX"": 3, ""AGG"": 1, ""BIL"": 1, ""BND"": 1.5, ""BTAL"": 6, ""DBC"": 3, ""DBMF"": 3, ""EEM"": 1, ""EFA"": 1, ""IEF"": 1, ""IWM"": 1, ""KMLM"": 6, ""LQD"": 1.5, ""QQQ"": 1, ""SCZ"": 5, ""SHY"": 1, ""SPY"": 0.7, ""TIP"": 2, ""TLT"": 1, ""TQQQ"": 1.5, ""VEA"": 1.5, ""VEU"": 2, ""VNQ"": 1.5, ""VTI"": 1, ""VWO"": 2}",0.03000000,tests/data/2026-08-24-net15,1-3-6-12U,0.00444595,0.02421885,0.00448615,0.02421885,45133.65864051,31500.00000000,13633.65864051,0.43281456,0.12720774,0.15484932,0.85663829,0.15453423,1.21537799,0.89415234,-0.14226630,,2026,0.17929569,2023,0.02046191,670758.62081462,66.19456517,3.80099500,0.00210141,0.00000000,0.00000000,0.29522540,0.00000000,0.09077501,0.00000000,0.00000000,0.00000000,0.06776122,0.00000000,0.24939156,0.00000000,0.29236065,0.00000000
SPY25/EFA25/EEM25/AGG25,test,test,2023-01-03,2026-08-24,true,true,"{""*"": 6, ""ACWX"": 3, ""AGG"": 1, ""BIL"": 1, ""BND"": 1.5, ""BTAL"": 6, ""DBC"": 3, ""DBMF"": 3, ""EEM"": 1, ""EFA"": 1, ""IEF"": 1, ""IWM"": 1, ""KMLM"": 6, ""LQD"": 1.5, ""QQQ"": 1, ""SCZ"": 5, ""SHY"": 1, ""SPY"": 0.7, ""TIP"": 2, ""TLT"": 1, ""TQQQ"": 1.5, ""VEA"": 1.5, ""VEU"": 2, ""VNQ"": 1.5, ""VTI"": 1, ""VWO"": 2}",0.03000000,tests/data/2026-08-24-net15,,0.01674246,0.04231539,0.01251120,0.03004420,45355.24628634,31500.00000000,13855.24628634,0.43984909,0.15094968,0.15702890,1.29662385,0.11404478,1.94069575,1.40154085,-0.10770266,81,2025,0.21465590,2024,0.08313733,36102.42641552,3.38392105,0.19430150,0.00010743,0.24809907,0.24430593,0.24906795,0.24656591,0.24843963,0.24570771,,,,,,,0.23764866,0.21995580
SPY60/AGG40,test,test,2023-01-03,2026-08-24,true,true,"{""*"": 6, ""ACWX"": 3, ""AGG"": 1, ""BIL"": 1, ""BND"": 1.5, ""BTAL"": 6, ""DBC"": 3, ""DBMF"": 3, ""EEM"": 1, ""EFA"": 1, ""IEF"": 1, ""IWM"": 1, ""KMLM"": 6, ""LQD"": 1.5, ""QQQ"": 1, ""SCZ"": 5, ""SHY"": 1, ""SPY"": 0.7, ""TIP"": 2, ""TLT"": 1, ""TQQQ"": 1.5, ""VEA"": 1.5, ""VEU"": 2, ""VNQ"": 1.5, ""VTI"": 1, ""VWO"": 2}",0.03000000,tests/data/2026-08-24-net15,,0.01557129,0.03546620,0.01361286,0.03154341,43324.97228881,31500.00000000,11824.97228881,0.37539595,0.14154653,0.13672668,1.45904250,0.09428314,2.20536102,1.27300344,-0.11119100,113,2023,0.16923494,2026,0.07215220,34411.09175870,2.90627890,0.18442972,0.00009226,0.39803253,0.39259771,,,,,,,,,,,0.58639424,0.56845659
SPY benchmark,test,test,2023-01-03,2026-08-24,true,true,"{""*"": 6, ""ACWX"": 3, ""AGG"": 1, ""BIL"": 1, ""BND"": 1.5, ""BTAL"": 6, ""DBC"": 3, ""DBMF"": 3, ""EEM"": 1, ""EFA"": 1, ""IEF"": 1, ""IWM"": 1, ""KMLM"": 6, ""LQD"": 1.5, ""QQQ"": 1, ""SCZ"": 5, ""SHY"": 1, ""SPY"": 0.7, ""TIP"": 2, ""TLT"": 1, ""TQQQ"": 1.5, ""VEA"": 1.5, ""VEU"": 2, ""VNQ"": 1.5, ""VTI"": 1, ""VWO"": 2}",0.03000000,tests/data/2026-08-24-net15,,0.01118127,0.02889993,0.01118276,0.02890110,51462.51865568,31500.00000000,19962.51865568,0.63373075,0.22151929,0.21396638,1.42521974,0.14894780,2.14327329,1.18927495,-0.18626415,127,2023,0.26134206,2026,0.12377263,31218.24766906,2.18527734,0.14948196,0.00006937,,,,,,,,,,,,,0.98881724,0.97109890
ROT SPY+EFA+EEM+AGG top1 13612W can SPY+EFA+EEM+AGG/1 fb best(LQD+IEF+SHY),sens,sens_2012-01-03,2012-01-03,2017-01-03,false,true,"{""*"": 6, ""ACWX"": 3, ""AGG"": 1, ""BIL"": 1, ""BND"": 1.5, ""BTAL"": 6, ""DBC"": 3, ""DBMF"": 3, ""EEM"": 1, ""EFA"": 1, ""IEF"": 1, ""IWM"": 1, ""KMLM"": 6, ""LQD"": 1.5, ""QQQ"": 1, ""SCZ"": 5, ""SHY"": 1, ""SPY"": 0.7, ""TIP"": 2, ""TLT"": 1, ""TQQQ"": 1.5, ""VEA"": 1.5, ""VEU"": 2, ""VNQ"": 1.5, ""VTI"": 1, ""VWO"": 2}",0.03000000,tests/data/2026-08-24-net15,13612W,0.00150887,0.00814187,0.00157094,0.00814313,46461.23314320,40000.00000000,6461.23314320,0.16153083,0.06869305,0.04836468,0.75243179,0.09440706,1.07686186,0.52688164,-0.13037663,,2012,0.22745270,2015,-0.00539193,2054705.45667223,209.74888423,7.10235292,0.00524372,0.00000000,0.00000000,0.14743084,0.00000000,0.09823864,0.00000000,0.21280685,0.00000000,0.14734547,0.00000000,0.22916943,0.00000000,0.16343783,0.00000000
ROT SPY+EFA+EEM+AGG top1 1-3-6-12U can SPY+EFA+EEM+AGG/1 fb best(LQD+IEF+SHY),sens,sens_2012-01-03,2012-01-03,2017-01-03,false,true,"{""*"": 6, ""ACWX"": 3, ""AGG"": 1, ""BIL"": 1, ""BND"": 1.5, ""BTAL"": 6, ""DBC"": 3, ""DBMF"": 3, ""EEM"": 1, ""EFA"": 1, ""IEF"": 1, ""IWM"": 1, ""KMLM"": 6, ""LQD"": 1.5, ""QQQ"": 1, ""SCZ"": 5, ""SHY"": 1, ""SPY"": 0.7, ""TIP"": 2, ""TLT"": 1, ""TQQQ"": 1.5, ""VEA"": 1.5, ""VEU"": 2, ""VNQ"": 1.5, ""VTI"": 1, ""VWO"": 2}",0.03000000,tests/data/2026-08-24-net15,1-3-6-12U,0.00215129,0.00748667,0.00219560,0.00756878,43890.49155066,40000.00000000,3890.49155066,0.09726229,0.03887459,0.02994170,0.49183789,0.08506665,0.67552406,0.27169365,-0.14308245,732,2012,0.10718825,2015,-0.06352443,1335685.86604361,144.25516957,4.95246563,0.00360638,0.00000000,0.00000000,0.11467835,0.00000000,0.03274259,0.00000000,0.29438556,0.00000000,0.21267288,0.00000000,0.16372487,0.00000000,0.17960016,0.00000000
SPY25/EFA25/EEM25/AGG25,sens,sens_2012-01-03,2012-01-03,2017-01-03,true,true,"{""*"": 6, ""ACWX"": 3, ""AGG"": 1, ""BIL"": 1, ""BND"": 1.5, ""BTAL"": 6, ""DBC"": 3, ""DBMF"": 3, ""EEM"": 1, ""EFA"": 1, ""IEF"": 1, ""IWM"": 1, ""KMLM"": 6, ""LQD"": 1.5, ""QQQ"": 1, ""SCZ"": 5, ""SHY"": 1, ""SPY"": 0.7, ""TIP"": 2, ""TLT"": 1, ""TQQQ"": 1.5, ""VEA"": 1.5, ""VEU"": 2, ""VNQ"": 1.5, ""VTI"": 1, ""VWO"": 2}",0.03000000,tests/data/2026-08-24-net15,,0.00679357,0.01692793,0.00365089,0.00773457,45514.93627060,40000.00000000,5514.93627060,0.13787341,0.05350759,0.04169849,0.52517274,0.11125264,0.74150565,0.30566677,-0.17505203,,2012,0.12054121,2015,-0.04160195,47003.16561685,4.44001812,0.16802317,0.00011100,0.24804413,0.24338176,0.24936849,0.24710291,0.24918900,0.24748038,,,,,,,0.24660294,0.24226543
SPY60/AGG40,sens,sens_2012-01-03,2012-01-03,2017-01-03,true,true,"{""*"": 6, ""ACWX"": 3, ""AGG"": 1, ""BIL"": 1, ""BND"": 1.5, ""BTAL"": 6, ""DBC"": 3, ""DBMF"": 3, ""EEM"": 1, ""EFA"": 1, ""IEF"": 1, ""IWM"": 1, ""KMLM"": 6, ""LQD"": 1.5, ""QQQ"": 1, ""SCZ"": 5, ""SHY"": 1, ""SPY"": 0.7, ""TIP"": 2, ""TLT"": 1, ""TQQQ"": 1.5, ""VEA"": 1.5, ""VEU"": 2, ""VNQ"": 1.5, ""VTI"": 1, ""VWO"": 2}",0.03000000,tests/data/2026-08-24-net15,,0.00426682,0.01398803,0.00298032,0.00784154,51562.38616024,40000.00000000,11562.38616024,0.28905965,0.09098044,0.08222853,1.20824967,0.07452294,1.75758855,1.25970837,-0.07222341,314,2013,0.17062393,2017,0.00498661,45946.30447108,3.87497068,0.15248394,0.00009687,0.39809707,0.39261535,,,,,,,,,,,0.59763451,0.59215846
SPY benchmark,sens,sens_2012-01-03,2012-01-03,2017-01-03,true,true,"{""*"": 6, ""ACWX"": 3, ""AGG"": 1, ""BIL"": 1, ""BND"": 1.5, ""BTAL"": 6, ""DBC"": 3, ""DBMF"": 3, ""EEM"": 1, ""EFA"": 1, ""IEF"": 1, ""IWM"": 1, ""KMLM"": 6, ""LQD"": 1.5, ""QQQ"": 1, ""SCZ"": 5, ""SHY"": 1, ""SPY"": 0.7, ""TIP"": 2, ""TLT"": 1, ""TQQQ"": 1.5, ""VEA"": 1.5, ""VEU"": 2, ""VNQ"": 1.5, ""VTI"": 1, ""VWO"": 2}",0.03000000,tests/data/2026-08-24-net15,,0.00239049,0.00887397,0.00239169,0.00887535,59070.77871491,40000.00000000,19070.77871491,0.47676947,0.13984583,0.12676115,1.09225606,0.12755911,1.57511286,1.06101226,-0.13180416,334,2013,0.31819168,2017,0.00763075,39853.28689682,2.78973008,0.11934910,0.00006974,,,,,,,,,,,,,0.99760831,0.99112465
ROT SPY+EFA+EEM+AGG top1 13612W can SPY+EFA+EEM+AGG/1 fb best(LQD+IEF+SHY),sens,sens_2012-07-03,2012-07-03,2017-07-03,false,true,"{""*"": 6, ""ACWX"": 3, ""AGG"": 1, ""BIL"": 1, ""BND"": 1.5, ""BTAL"": 6, ""DBC"": 3, ""DBMF"": 3, ""EEM"": 1, ""EFA"": 1, ""IEF"": 1, ""IWM"": 1, ""KMLM"": 6, ""LQD"": 1.5, ""QQQ"": 1, ""SCZ"": 5, ""SHY"": 1, ""SPY"": 0.7, ""TIP"": 2, ""TLT"": 1, ""TQQQ"": 1.5, ""VEA"": 1.5, ""VEU"": 2, ""VNQ"": 1.5, ""VTI"": 1, ""VWO"": 2}",0.03000000,tests/data/2026-08-24-net15,13612W,0.00162966,0.00614270,0.00169092,0.00622659,45917.78979442,40000.00000000,5917.78979442,0.14794474,0.05076743,0.04460848,0.59335802,0.09056873,0.83934099,0.38980507,-0.13023799,990,2013,0.08071106,2015,-0.00524676,1958979.16603755,196.96265054,7.17690879,0.00492407,0.00000000,0.00000000,0.14739706,0.00000000,0.13103393,0.00000000,0.18003986,0.00000000,0.13091502,0.00000000,0.26186350,0.00000000,0.14705971,0.00000000
ROT SPY+EFA+EEM+AGG top1 1-3-6-12U can SPY+EFA+EEM+AGG/1 fb best(LQD+IEF+SHY),sens,sens_2012-07-03,2012-07-03,2017-07-03,false,true,"{""*"": 6, ""ACWX"": 3, ""AGG"": 1, ""BIL"": 1, ""BND"": 1.5, ""BTAL"": 6, ""DBC"": 3, ""DBMF"": 3, ""EEM"": 1, ""EFA"": 1, ""IEF"": 1, ""IWM"": 1, ""KMLM"": 6, ""LQD"": 1.5, ""QQQ"": 1, ""SCZ"": 5, ""SHY"": 1, ""SPY"": 0.7, ""TIP"": 2, ""TLT"": 1, ""TQQQ"": 1.5, ""VEA"": 1.5, ""VEU"": 2, ""VNQ"": 1.5, ""VTI"": 1, ""VWO"": 2}",0.03000000,tests/data/2026-08-24-net15,1-3-6-12U,0.00193998,0.00900028,0.00198699,0.00900163,44119.76004759,40000.00000000,4119.76004759,0.10299400,0.03460859,0.03166603,0.45100008,0.08332094,0.61276859,0.24205656,-0.14297727,732,2016,0.09502785,2015,-0.06340680,1439844.74087702,148.98664477,5.46094245,0.00372467,0.00000000,0.00000000,0.14744433,0.00000000,0.03271867,0.00000000,0.22918699,0.00000000,0.21262907,0.00000000,0.19640452,0.00000000,0.17962944,0.00000000
SPY25/EFA25/EEM25/AGG25,sens,sens_2012-07-03,2012-07-03,2017-07-03,true,true,"{""*"": 6, ""ACWX"": 3, ""AGG"": 1, ""BIL"": 1, ""BND"": 1.5, ""BTAL"": 6, ""DBC"": 3, ""DBMF"": 3, ""EEM"": 1, ""EFA"": 1, ""IEF"": 1, ""IWM"": 1, ""KMLM"": 6, ""LQD"": 1.5, ""QQQ"": 1, ""SCZ"": 5, ""SHY"": 1, ""SPY"": 0.7, ""TIP"": 2, ""TLT"": 1, ""TQQQ"": 1.5, ""VEA"": 1.5, ""VEU"": 2, ""VNQ"": 1.5, ""VTI"": 1, ""VWO"": 2}",0.03000000,tests/data/2026-08-24-net15,,0.00609888,0.01567061,0.00326769,0.00710592,48651.96814323,40000.00000000,8651.96814323,0.21629920,0.06594378,0.06339596,0.65912089,0.10558000,0.93163737,0.37724658,-0.17480285,659,2017,0.11096654,2015,-0.04139954,46218.89208569,4.34088059,0.16674839,0.00010852,0.24840443,0.24389619,0.24924747,0.24738440,0.24923321,0.24755426,,,,,,,0.24701415,0.24289408
SPY60/AGG40,sens,sens_2012-07-03,2012-07-03,2017-07-03,true,true,"{""*"": 6, ""ACWX"": 3, ""AGG"": 1, ""BIL"": 1, ""BND"": 1.5, ""BTAL"": 6, ""DBC"": 3, ""DBMF"": 3, ""EEM"": 1, ""EFA"": 1, ""IEF"": 1, ""IWM"": 1, ""KMLM"": 6, ""LQD"": 1.5, ""QQQ"": 1, ""SCZ"": 5, ""SHY"": 1, ""SPY"": 0.7, ""TIP"": 2, ""TLT"": 1, ""TQQQ"": 1.5, ""VEA"": 1.5, ""VEU"": 2, ""VNQ"": 1.5, ""VTI"": 1, ""VWO"": 2}",0.03000000,tests/data/2026-08-24-net15,,0.00487839,0.01351875,0.00350149,0.00752356,51935.77110192,40000.00000000,11935.77110192,0.29839428,0.09013852,0.08468639,1.24249949,0.07169700,1.80566198,1.24811245,-0.07221987,314,2013,0.17068270,2015,0.00838284,44144.76229656,3.73851659,0.14851886,0.00009346,0.39835606,0.39307223,,,,,,,,,,,0.59676397,0.59247644
SPY benchmark,sens,sens_2012-07-03,2012-07-03,2017-07-03,true,true,"{""*"": 6, ""ACWX"": 3, ""AGG"": 1, ""BIL"": 1, ""BND"": 1.5, ""BTAL"": 6, ""DBC"": 3, ""DBMF"": 3, ""EEM"": 1, ""EFA"": 1, ""IEF"": 1, ""IWM"": 1, ""KMLM"": 6, ""LQD"": 1.5, ""QQQ"": 1, ""SCZ"": 5, ""SHY"": 1, ""SPY"": 0.7, ""TIP"": 2, ""TLT"": 1, ""TQQQ"": 1.5, ""VEA"": 1.5, ""VEU"": 2, ""VNQ"": 1.5, ""VTI"": 1, ""VWO"": 2}",0.03000000,tests/data/2026-08-24-net15,,0.00260592,0.00970890,0.00260714,0.00971039,59584.96777047,40000.00000000,19584.96777047,0.48962419,0.13937750,0.12977229,1.12857229,0.12256502,1.62712006,1.05788608,-0.13175095,334,2013,0.31798024,2015,0.00918003,39976.79686136,2.79837578,0.12194151,0.00006996,,,,,,,,,,,,,0.99739286,0.99028961
ROT SPY+EFA+EEM+AGG top1 13612W can SPY+EFA+EEM+AGG/1 fb best(LQD+IEF+SHY),sens,sens_2013-01-03,2013-01-03,2018-01-03,false,true,"{""*"": 6, ""ACWX"": 3, ""AGG"": 1, ""BIL"": 1, ""BND"": 1.5, ""BTAL"": 6, ""DBC"": 3, ""DBMF"": 3, ""EEM"": 1, ""EFA"": 1, ""IEF"": 1, ""IWM"": 1, ""KMLM"": 6, ""LQD"": 1.5, ""QQQ"": 1, ""SCZ"": 5, ""SHY"": 1, ""SPY"": 0.7, ""TIP"": 2, ""TLT"": 1, ""TQQQ"": 1.5, ""VEA"": 1.5, ""VEU"": 2, ""VNQ"": 1.5, ""VTI"": 1, ""VWO"": 2}",0.03000000,tests/data/2026-08-24-net15,13612W,0.00176053,0.00631376,0.00182306,0.00639694,48973.36843720,40000.00000000,8973.36843720,0.22433421,0.05549308,0.06548015,0.64611352,0.08991381,0.90606307,0.42607504,-0.13024250,990,2017,0.13391977,2015,-0.00523773,1942331.08924683,204.11245952,7.27918047,0.00510281,0.00000000,0.00000000,0.19655885,0.00000000,0.09826534,0.00000000,0.17991923,0.00000000,0.13099467,0.00000000,0.26178292,0.00000000,0.13065594,0.00000000
ROT SPY+EFA+EEM+AGG top1 1-3-6-12U can SPY+EFA+EEM+AGG/1 fb best(LQD+IEF+SHY),sens,sens_2013-01-03,2013-01-03,2018-01-03,false,true,"{""*"": 6, ""ACWX"": 3, ""AGG"": 1, ""BIL"": 1, ""BND"": 1.5, ""BTAL"": 6, ""DBC"": 3, ""DBMF"": 3, ""EEM"": 1, ""EFA"": 1, ""IEF"": 1, ""IWM"": 1, ""KMLM"": 6, ""LQD"": 1.5, ""QQQ"": 1, ""SCZ"": 5, ""SHY"": 1, ""SPY"": 0.7, ""TIP"": 2, ""TLT"": 1, ""TQQQ"": 1.5, ""VEA"": 1.5, ""VEU"": 2, ""VNQ"": 1.5, ""VTI"": 1, ""VWO"": 2}",0.03000000,tests/data/2026-08-24-net15,1-3-6-12U,0.00189876,0.00959382,0.00193905,0.00970000,50298.53313670,40000.00000000,10298.53313670,0.25746333,0.05622728,0.07416907,0.67032939,0.08736800,0.93047100,0.39321315,-0.14299441,732,2017,0.18281285,2015,-0.06347331,1165364.94194794,120.39099363,4.45610238,0.00300977,0.00000000,0.00000000,0.24572601,0.00000000,0.01633832,0.00000000,0.21273669,0.00000000,0.18001235,0.00000000,0.19630692,0.00000000,0.14694066,0.00000000
SPY25/EFA25/EEM25/AGG25,sens,sens_2013-01-03,2013-01-03,2018-01-03,true,true,"{""*"": 6, ""ACWX"": 3, ""AGG"": 1, ""BIL"": 1, ""BND"": 1.5, ""BTAL"": 6, ""DBC"": 3, ""DBMF"": 3, ""EEM"": 1, ""EFA"": 1, ""IEF"": 1, ""IWM"": 1, ""KMLM"": 6, ""LQD"": 1.5, ""QQQ"": 1, ""SCZ"": 5, ""SHY"": 1, ""SPY"": 0.7, ""TIP"": 2, ""TLT"": 1, ""TQQQ"": 1.5, ""VEA"": 1.5, ""VEU"": 2, ""VNQ"": 1.5, ""VTI"": 1, ""VWO"": 2}",0.03000000,tests/data/2026-08-24-net15,,0.00717406,0.02096191,0.00387943,0.01037368,51162.36997999,40000.00000000,11162.36997999,0.27905925,0.06898056,0.07971805,0.70613355,0.10190131,0.98852260,0.39353030,-0.17528654,659,2017,0.20941643,2015,-0.04175190,44804.44240062,4.22197246,0.16449039,0.00010555,0.24818956,0.24289650,0.24931605,0.24699591,0.24885493,0.24687439,,,,,,,0.24646353,0.23962632
SPY60/AGG40,sens,sens_2013-01-03,2013-01-03,2018-01-03,true,true,"{""*"": 6, ""ACWX"": 3, ""AGG"": 1, ""BIL"": 1, ""BND"": 1.5, ""BTAL"": 6, ""DBC"": 3, ""DBMF"": 3, ""EEM"": 1, ""EFA"": 1, ""IEF"": 1, ""IWM"": 1, ""KMLM"": 6, ""LQD"": 1.5, ""QQQ"": 1, ""SCZ"": 5, ""SHY"": 1, ""SPY"": 0.7, ""TIP"": 2, ""TLT"": 1, ""TQQQ"": 1.5, ""VEA"": 1.5, ""VEU"": 2, ""VNQ"": 1.5, ""VTI"": 1, ""VWO"": 2}",0.03000000,tests/data/2026-08-24-net15,,0.00474105,0.01585067,0.00357518,0.01075667,53508.67237308,40000.00000000,13508.67237308,0.33771681,0.09660798,0.09435835,1.36990761,0.06912017,1.97398865,1.34170868,-0.07200369,314,2013,0.15553552,2018,0.00754819,42877.37786925,3.63809504,0.14498044,0.00009095,0.39854550,0.39438114,,,,,,,,,,,0.59671188,0.58924333
SPY benchmark,sens,sens_2013-01-03,2013-01-03,2018-01-03,true,true,"{""*"": 6, ""ACWX"": 3, ""AGG"": 1, ""BIL"": 1, ""BND"": 1.5, ""BTAL"": 6, ""DBC"": 3, ""DBMF"": 3, ""EEM"": 1, ""EFA"": 1, ""IEF"": 1, ""IWM"": 1, ""KMLM"": 6, ""LQD"": 1.5, ""QQQ"": 1, ""SCZ"": 5, ""SHY"": 1, ""SPY"": 0.7, ""TIP"": 2, ""TLT"": 1, ""TQQQ"": 1.5, ""VEA"": 1.5, ""VEU"": 2, ""VNQ"": 1.5, ""VTI"": 1, ""VWO"": 2}",0.03000000,tests/data/2026-08-24-net15,,0.00287082,0.00832314,0.00287203,0.00832416,62544.27894207,40000.00000000,22544.27894207,0.56360697,0.15059183,0.14566483,1.25082739,0.11780405,1.78798867,1.14321205,-0.13172695,334,2013,0.28753949,2015,0.00897591,39936.41762853,2.79554923,0.12315887,0.00006989,,,,,,,,,,,,,0.99712797,0.99167584
ROT SPY+EFA+EEM+AGG top1 13612W can SPY+EFA+EEM+AGG/1 fb best(LQD+IEF+SHY),sens,sens_2013-07-03,2013-07-03,2018-07-03,false,true,"{""*"": 6, ""ACWX"": 3, ""AGG"": 1, ""BIL"": 1, ""BND"": 1.5, ""BTAL"": 6, ""DBC"": 3, ""DBMF"": 3, ""EEM"": 1, ""EFA"": 1, ""IEF"": 1, ""IWM"": 1, ""KMLM"": 6, ""LQD"": 1.5, ""QQQ"": 1, ""SCZ"": 5, ""SHY"": 1, ""SPY"": 0.7, ""TIP"": 2, ""TLT"": 1, ""TQQQ"": 1.5, ""VEA"": 1.5, ""VEU"": 2, ""VNQ"": 1.5, ""VTI"": 1, ""VWO"": 2}",0.03000000,tests/data/2026-08-24-net15,13612W,0.00190298,0.00851888,0.00196284,0.00860156,50532.16044311,40000.00000000,10532.16044311,0.26330401,0.06605103,0.07575548,0.76750718,0.08850816,1.08641236,0.50713261,-0.13024410,990,2017,0.13392691,2015,-0.00518531,1909755.55401630,200.60641275,6.98595591,0.00501516,0.00000000,0.00000000,0.18022315,0.00000000,0.08190429,0.00000000,0.18005745,0.00000000,0.13084337,0.00000000,0.31076921,0.00000000,0.11423970,0.00000000
ROT SPY+EFA+EEM+AGG top1 1-3-6-12U can SPY+EFA+EEM+AGG/1 fb best(LQD+IEF+SHY),sens,sens_2013-07-03,2013-07-03,2018-07-03,false,true,"{""*"": 6, ""ACWX"": 3, ""AGG"": 1, ""BIL"": 1, ""BND"": 1.5, ""BTAL"": 6, ""DBC"": 3, ""DBMF"": 3, ""EEM"": 1, ""EFA"": 1, ""IEF"": 1, ""IWM"": 1, ""KMLM"": 6, ""LQD"": 1.5, ""QQQ"": 1, ""SCZ"": 5, ""SHY"": 1, ""SPY"": 0.7, ""TIP"": 2, ""TLT"": 1, ""TQQQ"": 1.5, ""VEA"": 1.5, ""VEU"": 2, ""VNQ"": 1.5, ""VTI"": 1, ""VWO"": 2}",0.03000000,tests/data/2026-08-24-net15,1-3-6-12U,0.00155503,0.00973650,0.00159272,0.00984354,50639.74030367,40000.00000000,10639.74030367,0.26599351,0.05900283,0.07644903,0.72378829,0.08416266,1.01522191,0.41229155,-0.14310947,732,2017,0.18279307,2015,-0.06354173,1144313.79013591,122.27280548,4.26317784,0.00305682,0.00000000,0.00000000,0.22938187,0.00000000,0.00000000,0.00000000,0.21275895,0.00000000,0.17998988,0.00000000,0.26192197,0.00000000,0.11435462,0.00000000
SPY25/EFA25/EEM25/AGG25,sens,sens_2013-07-03,2013-07-03,2018-07-03,true,true,"{""*"": 6, ""ACWX"": 3, ""AGG"": 1, ""BIL"": 1, ""BND"": 1.5, ""BTAL"": 6, ""DBC"": 3, ""DBMF"": 3, ""EEM"": 1, ""EFA"": 1, ""IEF"": 1, ""IWM"": 1, ""KMLM"": 6, ""LQD"": 1.5, ""QQQ"": 1, ""SCZ"": 5, ""SHY"": 1, ""SPY"": 0.7, ""TIP"": 2, ""TLT"": 1, ""TQQQ"": 1.5, ""VEA"": 1.5, ""VEU"": 2, ""VNQ"": 1.5, ""VTI"": 1, ""VWO"": 2}",0.03000000,tests/data/2026-08-24-net15,,0.00673833,0.01660597,0.00363952,0.00935268,48184.87095026,40000.00000000,8184.87095026,0.20462177,0.06277866,0.06026634,0.63997196,0.10361090,0.89428585,0.35943826,-0.17465769,659,2017,0.20943667,2015,-0.04159749,46346.75217615,4.34770402,0.16577760,0.00010869,0.24808306,0.24505518,0.24934208,0.24804512,0.24897547,0.24626161,,,,,,,0.24685919,0.24064732
SPY60/AGG40,sens,sens_2013-07-03,2013-07-03,2018-07-03,true,true,"{""*"": 6, ""ACWX"": 3, ""AGG"": 1, ""BIL"": 1, ""BND"": 1.5, ""BTAL"": 6, ""DBC"": 3, ""DBMF"": 3, ""EEM"": 1, ""EFA"": 1, ""IEF"": 1, ""IWM"": 1, ""KMLM"": 6, ""LQD"": 1.5, ""QQQ"": 1, ""SCZ"": 5, ""SHY"": 1, ""SPY"": 0.7, ""TIP"": 2, ""TLT"": 1, ""TQQQ"": 1.5, ""VEA"": 1.5, ""VEU"": 2, ""VNQ"": 1.5, ""VTI"": 1, ""VWO"": 2}",0.03000000,tests/data/2026-08-24-net15,,0.00546338,0.01572626,0.00408088,0.01175099,51075.35511467,40000.00000000,11075.35511467,0.27688388,0.08406416,0.07924331,1.15926889,0.07191627,1.64490515,1.16389284,-0.07222671,314,2017,0.13730577,2018,0.00713519,44235.33808058,3.72921461,0.15107589,0.00009323,0.39833296,0.39440168,,,,,,,,,,,0.59620206,0.58824901
SPY benchmark,sens,sens_2013-07-03,2013-07-03,2018-07-03,true,true,"{""*"": 6, ""ACWX"": 3, ""AGG"": 1, ""BIL"": 1, ""BND"": 1.5, ""BTAL"": 6, ""DBC"": 3, ""DBMF"": 3, ""EEM"": 1, ""EFA"": 1, ""IEF"": 1, ""IWM"": 1, ""KMLM"": 6, ""LQD"": 1.5, ""QQQ"": 1, ""SCZ"": 5, ""SHY"": 1, ""SPY"": 0.7, ""TIP"": 2, ""TLT"": 1, ""TQQQ"": 1.5, ""VEA"": 1.5, ""VEU"": 2, ""VNQ"": 1.5, ""VTI"": 1, ""VWO"": 2}",0.03000000,tests/data/2026-08-24-net15,,0.00333273,0.01120590,0.00333396,0.01120708,58377.87129095,40000.00000000,18377.87129095,0.45944678,0.12783394,0.12304346,1.04054177,0.12299664,1.46440622,0.97652677,-0.13090674,334,2017,0.21310750,2015,0.00996807,39770.47898550,2.78393353,0.12552873,0.00006960,,,,,,,,,,,,,0.99666604,0.98879292
ROT SPY+EFA+EEM+AGG top1 13612W can SPY+EFA+EEM+AGG/1 fb best(LQD+IEF+SHY),sens,sens_2014-01-03,2014-01-03,2019-01-03,false,true,"{""*"": 6, ""ACWX"": 3, ""AGG"": 1, ""BIL"": 1, ""BND"": 1.5, ""BTAL"": 6, ""DBC"": 3, ""DBMF"": 3, ""EEM"": 1, ""EFA"": 1, ""IEF"": 1, ""IWM"": 1, ""KMLM"": 6, ""LQD"": 1.5, ""QQQ"": 1, ""SCZ"": 5, ""SHY"": 1, ""SPY"": 0.7, ""TIP"": 2, ""TLT"": 1, ""TQQQ"": 1.5, ""VEA"": 1.5, ""VEU"": 2, ""VNQ"": 1.5, ""VTI"": 1, ""VWO"": 2}",0.03000000,tests/data/2026-08-24-net15,13612W,0.00184498,0.00871322,0.00190855,0.00879620,48932.29907493,40000.00000000,8932.29907493,0.22330748,0.05347252,0.06521687,0.64287213,0.08705482,0.90237395,0.41133200,-0.12999846,987,2017,0.13393073,2015,-0.00502778,2019956.14030936,220.31141975,7.43082665,0.00550779,0.00000000,0.00000000,0.18019387,0.00000000,0.06549573,0.00000000,0.22897952,0.00000000,0.16352483,0.00000000,0.26198071,0.00000000,0.09791679,0.00000000
ROT SPY+EFA+EEM+AGG top1 1-3-6-12U can SPY+EFA+EEM+AGG/1 fb best(LQD+IEF+SHY),sens,sens_2014-01-03,2014-01-03,2019-01-03,false,true,"{""*"": 6, ""ACWX"": 3, ""AGG"": 1, ""BIL"": 1, ""BND"": 1.5, ""BTAL"": 6, ""DBC"": 3, ""DBMF"": 3, ""EEM"": 1, ""EFA"": 1, ""IEF"": 1, ""IWM"": 1, ""KMLM"": 6, ""LQD"": 1.5, ""QQQ"": 1, ""SCZ"": 5, ""SHY"": 1, ""SPY"": 0.7, ""TIP"": 2, ""TLT"": 1, ""TQQQ"": 1.5, ""VEA"": 1.5, ""VEU"": 2, ""VNQ"": 1.5, ""VTI"": 1, ""VWO"": 2}",0.03000000,tests/data/2026-08-24-net15,1-3-6-12U,0.00182503,0.01215021,0.00186261,0.01225640,50697.19980203,40000.00000000,10697.19980203,0.26743000,0.06265726,0.07675209,0.76479622,0.08422874,1.07374669,0.43831604,-0.14294996,732,2017,0.18283637,2015,-0.06335010,1087819.70846561,115.71995844,3.94891913,0.00289300,0.00000000,0.00000000,0.22936151,0.00000000,0.00000000,0.00000000,0.22895121,0.00000000,0.17985205,0.00000000,0.24571584,0.00000000,0.11425677,0.00000000
SPY25/EFA25/EEM25/AGG25,sens,sens_2014-01-03,2014-01-03,2019-01-03,true,true,"{""*"": 6, ""ACWX"": 3, ""AGG"": 1, ""BIL"": 1, ""BND"": 1.5, ""BTAL"": 6, ""DBC"": 3, ""DBMF"": 3, ""EEM"": 1, ""EFA"": 1, ""IEF"": 1, ""IWM"": 1, ""KMLM"": 6, ""LQD"": 1.5, ""QQQ"": 1, ""SCZ"": 5, ""SHY"": 1, ""SPY"": 0.7, ""TIP"": 2, ""TLT"": 1, ""TQQQ"": 1.5, ""VEA"": 1.5, ""VEU"": 2, ""VNQ"": 1.5, ""VTI"": 1, ""VWO"": 2}",0.03000000,tests/data/2026-08-24-net15,,0.00791894,0.01951788,0.00457370,0.01204015,43024.39139015,40000.00000000,3024.39139015,0.07560978,0.02905792,0.02351456,0.32402123,0.10584779,0.44457809,0.16643698,-0.17458811,659,2017,0.20903814,2018,-0.08563530,47419.72663219,4.43817596,0.17405842,0.00011095,0.24810321,0.24390377,0.24926085,0.24752466,0.24889643,0.24677340,,,,,,,0.24581866,0.23795985
SPY60/AGG40,sens,sens_2014-01-03,2014-01-03,2019-01-03,true,true,"{""*"": 6, ""ACWX"": 3, ""AGG"": 1, ""BIL"": 1, ""BND"": 1.5, ""BTAL"": 6, ""DBC"": 3, ""DBMF"": 3, ""EEM"": 1, ""EFA"": 1, ""IEF"": 1, ""IWM"": 1, ""KMLM"": 6, ""LQD"": 1.5, ""QQQ"": 1, ""SCZ"": 5, ""SHY"": 1, ""SPY"": 0.7, ""TIP"": 2, ""TLT"": 1, ""TQQQ"": 1.5, ""VEA"": 1.5, ""VEU"": 2, ""VNQ"": 1.5, ""VTI"": 1, ""VWO"": 2}",0.03000000,tests/data/2026-08-24-net15,,0.00546494,0.01692832,0.00405972,0.01277591,46361.87493404,40000.00000000,6361.87493404,0.15904687,0.05644840,0.04769483,0.75763786,0.07645132,1.05203149,0.49830112,-0.11328169,,2017,0.13741265,2018,-0.02729831,45907.54580049,3.87025203,0.16012186,0.00009676,0.39839857,0.39584619,,,,,,,,,,,0.59613487,0.58722409
SPY benchmark,sens,sens_2014-01-03,2014-01-03,2019-01-03,true,true,"{""*"": 6, ""ACWX"": 3, ""AGG"": 1, ""BIL"": 1, ""BND"": 1.5, ""BTAL"": 6, ""DBC"": 3, ""DBMF"": 3, ""EEM"": 1, ""EFA"": 1, ""IEF"": 1, ""IWM"": 1, ""KMLM"": 6, ""LQD"": 1.5, ""QQQ"": 1, ""SCZ"": 5, ""SHY"": 1, ""SPY"": 0.7, ""TIP"": 2, ""TLT"": 1, ""TQQQ"": 1.5, ""VEA"": 1.5, ""VEU"": 2, ""VNQ"": 1.5, ""VTI"": 1, ""VWO"": 2}",0.03000000,tests/data/2026-08-24-net15,,0.00365583,0.01291590,0.00365709,0.01291736,49038.74707454,40000.00000000,9038.74707454,0.22596868,0.07717736,0.06592361,0.63076599,0.13185498,0.86984000,0.39713771,-0.19433399,,2017,0.21301839,2018,-0.04830958,39846.10862632,2.78922760,0.13007717,0.00006973,,,,,,,,,,,,,0.99634291,0.98708264
ROT SPY+EFA+EEM+AGG top1 13612W can SPY+EFA+EEM+AGG/1 fb best(LQD+IEF+SHY),sens,sens_2014-07-03,2014-07-03,2019-07-03,false,true,"{""*"": 6, ""ACWX"": 3, ""AGG"": 1, ""BIL"": 1, ""BND"": 1.5, ""BTAL"": 6, ""DBC"": 3, ""DBMF"": 3, ""EEM"": 1, ""EFA"": 1, ""IEF"": 1, ""IWM"": 1, ""KMLM"": 6, ""LQD"": 1.5, ""QQQ"": 1, ""SCZ"": 5, ""SHY"": 1, ""SPY"": 0.7, ""TIP"": 2, ""TLT"": 1, ""TQQQ"": 1.5, ""VEA"": 1.5, ""VEU"": 2, ""VNQ"": 1.5, ""VTI"": 1, ""VWO"": 2}",0.03000000,tests/data/2026-08-24-net15,13612W,0.00239974,0.01444844,0.00246466,0.01448294,47877.74009324,40000.00000000,7877.74009324,0.19694350,0.04056344,0.05819271,0.50103641,0.08705015,0.69879938,0.31147704,-0.13022931,990,2017,0.13394816,2014,-0.06952646,2120239.18084666,228.31940605,7.85912085,0.00570799,0.00000000,0.00000000,0.19658457,0.00000000,0.03276247,0.00000000,0.24522092,0.00000000,0.14718600,0.00000000,0.26174926,0.00000000,0.11403211,0.00000000
ROT SPY+EFA+EEM+AGG top1 1-3-6-12U can SPY+EFA+EEM+AGG/1 fb best(LQD+IEF+SHY),sens,sens_2014-07-03,2014-07-03,2019-07-03,false,true,"{""*"": 6, ""ACWX"": 3, ""AGG"": 1, ""BIL"": 1, ""BND"": 1.5, ""BTAL"": 6, ""DBC"": 3, ""DBMF"": 3, ""EEM"": 1, ""EFA"": 1, ""IEF"": 1, ""IWM"": 1, ""KMLM"": 6, ""LQD"": 1.5, ""QQQ"": 1, ""SCZ"": 5, ""SHY"": 1, ""SPY"": 0.7, ""TIP"": 2, ""TLT"": 1, ""TQQQ"": 1.5, ""VEA"": 1.5, ""VEU"": 2, ""VNQ"": 1.5, ""VTI"": 1, ""VWO"": 2}",0.03000000,tests/data/2026-08-24-net15,1-3-6-12U,0.00222969,0.01444844,0.00227131,0.01448294,49809.53480121,40000.00000000,9809.53480121,0.24523837,0.04942930,0.07106710,0.61268875,0.08473105,0.85426016,0.34647068,-0.14266517,710,2017,0.18273783,2015,-0.06311596,1281975.94359378,133.66695122,4.68248088,0.00334167,0.00000000,0.00000000,0.22927418,0.00000000,0.00000000,0.00000000,0.26163624,0.00000000,0.14716137,0.00000000,0.24564389,0.00000000,0.11401303,0.00000000
SPY25/EFA25/EEM25/AGG25,sens,sens_2014-07-03,2014-07-03,2019-07-03,true,true,"{""*"": 6, ""ACWX"": 3, ""AGG"": 1, ""BIL"": 1, ""BND"": 1.5, ""BTAL"": 6, ""DBC"": 3, ""DBMF"": 3, ""EEM"": 1, ""EFA"": 1, ""IEF"": 1, ""IWM"": 1, ""KMLM"": 6, ""LQD"": 1.5, ""QQQ"": 1, ""SCZ"": 5, ""SHY"": 1, ""SPY"": 0.7, ""TIP"": 2, ""TLT"": 1, ""TQQQ"": 1.5, ""VEA"": 1.5, ""VEU"": 2, ""VNQ"": 1.5, ""VTI"": 1, ""VWO"": 2}",0.03000000,tests/data/2026-08-24-net15,,0.00864231,0.02650746,0.00514744,0.01614849,47627.21798491,40000.00000000,7627.21798491,0.19068045,0.04239438,0.05648733,0.44371984,0.10651941,0.61272039,0.24323504,-0.17429389,659,2017,0.20875930,2018,-0.08655758,48916.81035206,4.56573823,0.18245507,0.00011414,0.24823634,0.24408192,0.24922284,0.24700827,0.24893210,0.24652049,,,,,,,0.24496445,0.23385151
SPY60/AGG40,sens,sens_2014-07-03,2014-07-03,2019-07-03,true,true,"{""*"": 6, ""ACWX"": 3, ""AGG"": 1, ""BIL"": 1, ""BND"": 1.5, ""BTAL"": 6, ""DBC"": 3, ""DBMF"": 3, ""EEM"": 1, ""EFA"": 1, ""IEF"": 1, ""IWM"": 1, ""KMLM"": 6, ""LQD"": 1.5, ""QQQ"": 1, ""SCZ"": 5, ""SHY"": 1, ""SPY"": 0.7, ""TIP"": 2, ""TLT"": 1, ""TQQQ"": 1.5, ""VEA"": 1.5, ""VEU"": 2, ""VNQ"": 1.5, ""VTI"": 1, ""VWO"": 2}",0.03000000,tests/data/2026-08-24-net15,,0.00595447,0.02206926,0.00423248,0.01537123,51557.92498353,40000.00000000,11557.92498353,0.28894812,0.07458861,0.08232032,0.96840969,0.07750552,1.36677350,0.65570368,-0.11375353,179,2019,0.14727032,2018,-0.02751990,48764.19467444,4.12373869,0.17218104,0.00010309,0.39792526,0.39326185,,,,,,,,,,,0.59611859,0.58462877
SPY benchmark,sens,sens_2014-07-03,2014-07-03,2019-07-03,true,true,"{""*"": 6, ""ACWX"": 3, ""AGG"": 1, ""BIL"": 1, ""BND"": 1.5, ""BTAL"": 6, ""DBC"": 3, ""DBMF"": 3, ""EEM"": 1, ""EFA"": 1, ""IEF"": 1, ""IWM"": 1, ""KMLM"": 6, ""LQD"": 1.5, ""QQQ"": 1, ""SCZ"": 5, ""SHY"": 1, ""SPY"": 0.7, ""TIP"": 2, ""TLT"": 1, ""TQQQ"": 1.5, ""VEA"": 1.5, ""VEU"": 2, ""VNQ"": 1.5, ""VTI"": 1, ""VWO"": 2}",0.03000000,tests/data/2026-08-24-net15,,0.00437642,0.01525139,0.00437770,0.01525306,56955.48498840,40000.00000000,16955.48498840,0.42388712,0.10378685,0.11493801,0.80901358,0.13324510,1.13249979,0.53398664,-0.19436226,204,2017,0.21277693,2018,-0.04797647,39764.95617225,2.78354693,0.13182634,0.00006959,,,,,,,,,,,,,0.99562230,0.98474694
ROT SPY+EFA+EEM+AGG top1 13612W can SPY+EFA+EEM+AGG/1 fb best(LQD+IEF+SHY),sens,sens_2015-01-05,2015-01-05,2020-01-03,false,true,"{""*"": 6, ""ACWX"": 3, ""AGG"": 1, ""BIL"": 1, ""BND"": 1.5, ""BTAL"": 6, ""DBC"": 3, ""DBMF"": 3, ""EEM"": 1, ""EFA"": 1, ""IEF"": 1, ""IWM"": 1, ""KMLM"": 6, ""LQD"": 1.5, ""QQQ"": 1, ""SCZ"": 5, ""SHY"": 1, ""SPY"": 0.7, ""TIP"": 2, ""TLT"": 1, ""TQQQ"": 1.5, ""VEA"": 1.5, ""VEU"": 2, ""VNQ"": 1.5, ""VTI"": 1, ""VWO"": 2}",0.03000000,tests/data/2026-08-24-net15,13612W,0.00197304,0.01067378,0.00203781,0.01075609,51063.95276957,40000.00000000,11063.95276957,0.27659882,0.06801340,0.07915025,0.80969597,0.08585904,1.15550915,0.71242702,-0.09546719,112,2017,0.13392632,2015,-0.01626716,2242488.22372554,239.23628215,7.94218689,0.00598091,0.00000000,0.00000000,0.19656526,0.00000000,0.04914854,0.00000000,0.21266931,0.00000000,0.18006604,0.00000000,0.24541921,0.00000000,0.11409383,0.00000000
ROT SPY+EFA+EEM+AGG top1 1-3-6-12U can SPY+EFA+EEM+AGG/1 fb best(LQD+IEF+SHY),sens,sens_2015-01-05,2015-01-05,2020-01-03,false,true,"{""*"": 6, ""ACWX"": 3, ""AGG"": 1, ""BIL"": 1, ""BND"": 1.5, ""BTAL"": 6, ""DBC"": 3, ""DBMF"": 3, ""EEM"": 1, ""EFA"": 1, ""IEF"": 1, ""IWM"": 1, ""KMLM"": 6, ""LQD"": 1.5, ""QQQ"": 1, ""SCZ"": 5, ""SHY"": 1, ""SPY"": 0.7, ""TIP"": 2, ""TLT"": 1, ""TQQQ"": 1.5, ""VEA"": 1.5, ""VEU"": 2, ""VNQ"": 1.5, ""VTI"": 1, ""VWO"": 2}",0.03000000,tests/data/2026-08-24-net15,1-3-6-12U,0.00194199,0.01067378,0.00198201,0.01075609,54132.61928745,40000.00000000,14132.61928745,0.35331548,0.07937287,0.09822592,0.98063383,0.08129964,1.39913011,0.70788914,-0.11212613,553,2017,0.18276825,2015,-0.07377287,1293608.91620947,135.78712544,4.50831297,0.00339468,0.00000000,0.00000000,0.19653350,0.00000000,0.00000000,0.00000000,0.24524277,0.00000000,0.16354723,0.00000000,0.24565609,0.00000000,0.14703840,0.00000000
SPY25/EFA25/EEM25/AGG25,sens,sens_2015-01-05,2015-01-05,2020-01-03,true,true,"{""*"": 6, ""ACWX"": 3, ""AGG"": 1, ""BIL"": 1, ""BND"": 1.5, ""BTAL"": 6, ""DBC"": 3, ""DBMF"": 3, ""EEM"": 1, ""EFA"": 1, ""IEF"": 1, ""IWM"": 1, ""KMLM"": 6, ""LQD"": 1.5, ""QQQ"": 1, ""SCZ"": 5, ""SHY"": 1, ""SPY"": 0.7, ""TIP"": 2, ""TLT"": 1, ""TQQQ"": 1.5, ""VEA"": 1.5, ""VEU"": 2, ""VNQ"": 1.5, ""VTI"": 1, ""VWO"": 2}",0.03000000,tests/data/2026-08-24-net15,,0.00800837,0.02052338,0.00509222,0.01399966,50218.15967090,40000.00000000,10218.15967090,0.25545399,0.06557016,0.07370386,0.65248698,0.10600608,0.90354640,0.37525674,-0.17473412,659,2017,0.20878997,2018,-0.08610356,50436.82337364,4.68068762,0.18067529,0.00011702,0.24831481,0.24386040,0.24933482,0.24733032,0.24911951,0.24631562,,,,,,,0.24522055,0.23600034
SPY60/AGG40,sens,sens_2015-01-05,2015-01-05,2020-01-03,true,true,"{""*"": 6, ""ACWX"": 3, ""AGG"": 1, ""BIL"": 1, ""BND"": 1.5, ""BTAL"": 6, ""DBC"": 3, ""DBMF"": 3, ""EEM"": 1, ""EFA"": 1, ""IEF"": 1, ""IWM"": 1, ""KMLM"": 6, ""LQD"": 1.5, ""QQQ"": 1, ""SCZ"": 5, ""SHY"": 1, ""SPY"": 0.7, ""TIP"": 2, ""TLT"": 1, ""TQQQ"": 1.5, ""VEA"": 1.5, ""VEU"": 2, ""VNQ"": 1.5, ""VTI"": 1, ""VWO"": 2}",0.03000000,tests/data/2026-08-24-net15,,0.00665858,0.02023584,0.00488208,0.01697325,52991.66940711,40000.00000000,12991.66940711,0.32479174,0.08167754,0.09125433,1.05306398,0.07744395,1.48270769,0.72332056,-0.11292025,179,2019,0.21454155,2018,-0.02688903,46952.85027463,4.00105052,0.16393019,0.00010003,0.39784711,0.39198291,,,,,,,,,,,0.59549265,0.58302675
SPY benchmark,sens,sens_2015-01-05,2015-01-05,2020-01-03,true,true,"{""*"": 6, ""ACWX"": 3, ""AGG"": 1, ""BIL"": 1, ""BND"": 1.5, ""BTAL"": 6, ""DBC"": 3, ""DBMF"": 3, ""EEM"": 1, ""EFA"": 1, ""IEF"": 1, ""IWM"": 1, ""KMLM"": 6, ""LQD"": 1.5, ""QQQ"": 1, ""SCZ"": 5, ""SHY"": 1, ""SPY"": 0.7, ""TIP"": 2, ""TLT"": 1, ""TQQQ"": 1.5, ""VEA"": 1.5, ""VEU"": 2, ""VNQ"": 1.5, ""VTI"": 1, ""VWO"": 2}",0.03000000,tests/data/2026-08-24-net15,,0.00382762,0.01320083,0.00382889,0.01320188,59441.27275406,40000.00000000,19441.27275406,0.48603182,0.11686189,0.12896707,0.89463541,0.13360211,1.24787435,0.60289987,-0.19383301,204,2019,0.30821065,2018,-0.04793330,39874.05988105,2.79118419,0.12963557,0.00006978,,,,,,,,,,,,,0.99617111,0.98679812
ROT SPY+EFA+EEM+AGG top1 13612W can SPY+EFA+EEM+AGG/1 fb best(LQD+IEF+SHY),sens,sens_2015-07-06,2015-07-06,2020-07-02,false,true,"{""*"": 6, ""ACWX"": 3, ""AGG"": 1, ""BIL"": 1, ""BND"": 1.5, ""BTAL"": 6, ""DBC"": 3, ""DBMF"": 3, ""EEM"": 1, ""EFA"": 1, ""IEF"": 1, ""IWM"": 1, ""KMLM"": 6, ""LQD"": 1.5, ""QQQ"": 1, ""SCZ"": 5, ""SHY"": 1, ""SPY"": 0.7, ""TIP"": 2, ""TLT"": 1, ""TQQQ"": 1.5, ""VEA"": 1.5, ""VEU"": 2, ""VNQ"": 1.5, ""VTI"": 1, ""VWO"": 2}",0.03000000,tests/data/2026-08-24-net15,13612W,0.00197610,0.00837897,0.00204620,0.00846138,52284.09453453,40000.00000000,12284.09453453,0.30710236,0.08040175,0.08697286,0.88315194,0.09239909,1.25160127,0.84202762,-0.09548589,112,2017,0.13388288,2015,-0.00003543,2424605.76265427,265.80913508,8.40025913,0.00664523,0.00000000,0.00000000,0.21294898,0.00000000,0.04915065,0.00000000,0.21266851,0.00000000,0.21273564,0.00000000,0.21261855,0.00000000,0.09783147,0.00000000
ROT SPY+EFA+EEM+AGG top1 1-3-6-12U can SPY+EFA+EEM+AGG/1 fb best(LQD+IEF+SHY),sens,sens_2015-07-06,2015-07-06,2020-07-02,false,true,"{""*"": 6, ""ACWX"": 3, ""AGG"": 1, ""BIL"": 1, ""BND"": 1.5, ""BTAL"": 6, ""DBC"": 3, ""DBMF"": 3, ""EEM"": 1, ""EFA"": 1, ""IEF"": 1, ""IWM"": 1, ""KMLM"": 6, ""LQD"": 1.5, ""QQQ"": 1, ""SCZ"": 5, ""SHY"": 1, ""SPY"": 0.7, ""TIP"": 2, ""TLT"": 1, ""TQQQ"": 1.5, ""VEA"": 1.5, ""VEU"": 2, ""VNQ"": 1.5, ""VTI"": 1, ""VWO"": 2}",0.03000000,tests/data/2026-08-24-net15,1-3-6-12U,0.00173855,0.00711563,0.00177631,0.00711758,57163.62263098,40000.00000000,17163.62263098,0.42909057,0.10975174,0.11625199,1.31416391,0.08178805,1.91032955,1.66564858,-0.06589130,311,2017,0.18279605,2015,-0.00084480,1404300.66580778,148.82283803,4.59676576,0.00372057,0.00000000,0.00000000,0.18020436,0.00000000,0.00000000,0.00000000,0.24542719,0.00000000,0.17997578,0.00000000,0.24542037,0.00000000,0.14719599,0.00000000
SPY25/EFA25/EEM25/AGG25,sens,sens_2015-07-06,2015-07-06,2020-07-02,true,true,"{""*"": 6, ""ACWX"": 3, ""AGG"": 1, ""BIL"": 1, ""BND"": 1.5, ""BTAL"": 6, ""DBC"": 3, ""DBMF"": 3, ""EEM"": 1, ""EFA"": 1, ""IEF"": 1, ""IWM"": 1, ""KMLM"": 6, ""LQD"": 1.5, ""QQQ"": 1, ""SCZ"": 5, ""SHY"": 1, ""SPY"": 0.7, ""TIP"": 2, ""TLT"": 1, ""TQQQ"": 1.5, ""VEA"": 1.5, ""VEU"": 2, ""VNQ"": 1.5, ""VTI"": 1, ""VWO"": 2}",0.03000000,tests/data/2026-08-24-net15,,0.00852750,0.01666748,0.00513514,0.01418804,47538.88365119,40000.00000000,7538.88365119,0.18847209,0.05222702,0.05593619,0.42986785,0.14209063,0.57142715,0.20364278,-0.25646389,,2017,0.20856214,2018,-0.08563984,52835.00739786,4.94779796,0.19006529,0.00012369,0.24820988,0.24293278,0.24930933,0.24767557,0.24889442,0.24740529,,,,,,,0.24505687,0.23581196
SPY60/AGG40,sens,sens_2015-07-06,2015-07-06,2020-07-02,true,true,"{""*"": 6, ""ACWX"": 3, ""AGG"": 1, ""BIL"": 1, ""BND"": 1.5, ""BTAL"": 6, ""DBC"": 3, ""DBMF"": 3, ""EEM"": 1, ""EFA"": 1, ""IEF"": 1, ""IWM"": 1, ""KMLM"": 6, ""LQD"": 1.5, ""QQQ"": 1, ""SCZ"": 5, ""SHY"": 1, ""SPY"": 0.7, ""TIP"": 2, ""TLT"": 1, ""TQQQ"": 1.5, ""VEA"": 1.5, ""VEU"": 2, ""VNQ"": 1.5, ""VTI"": 1, ""VWO"": 2}",0.03000000,tests/data/2026-08-24-net15,,0.00627335,0.02173244,0.00455042,0.01549123,52078.04781723,40000.00000000,12078.04781723,0.30195120,0.08028668,0.08568117,0.73859147,0.11328488,1.00046714,0.37167674,-0.21601213,,2019,0.21390265,2018,-0.02766101,51419.06371312,4.39069490,0.17794191,0.00010977,0.39800954,0.39363832,,,,,,,,,,,0.59571539,0.58450877
SPY benchmark,sens,sens_2015-07-06,2015-07-06,2020-07-02,true,true,"{""*"": 6, ""ACWX"": 3, ""AGG"": 1, ""BIL"": 1, ""BND"": 1.5, ""BTAL"": 6, ""DBC"": 3, ""DBMF"": 3, ""EEM"": 1, ""EFA"": 1, ""IEF"": 1, ""IWM"": 1, ""KMLM"": 6, ""LQD"": 1.5, ""QQQ"": 1, ""SCZ"": 5, ""SHY"": 1, ""SPY"": 0.7, ""TIP"": 2, ""TLT"": 1, ""TQQQ"": 1.5, ""VEA"": 1.5, ""VEU"": 2, ""VNQ"": 1.5, ""VTI"": 1, ""VWO"": 2}",0.03000000,tests/data/2026-08-24-net15,,0.00415058,0.01469591,0.00415184,0.01469694,55750.26941665,40000.00000000,15750.26941665,0.39375674,0.10444333,0.10801829,0.61870231,0.18987379,0.84786384,0.30942092,-0.33754451,,2019,0.30794819,2018,-0.04791782,39865.36701110,2.79057569,0.12904449,0.00006976,,,,,,,,,,,,,0.99584816,0.98530306
ROT SPY+EFA+EEM+AGG top1 13612W can SPY+EFA+EEM+AGG/1 fb best(LQD+IEF+SHY),sens,sens_2016-01-04,2016-01-04,2020-12-31,false,true,"{""*"": 6, ""ACWX"": 3, ""AGG"": 1, ""BIL"": 1, ""BND"": 1.5, ""BTAL"": 6, ""DBC"": 3, ""DBMF"": 3, ""EEM"": 1, ""EFA"": 1, ""IEF"": 1, ""IWM"": 1, ""KMLM"": 6, ""LQD"": 1.5, ""QQQ"": 1, ""SCZ"": 5, ""SHY"": 1, ""SPY"": 0.7, ""TIP"": 2, ""TLT"": 1, ""TQQQ"": 1.5, ""VEA"": 1.5, ""VEU"": 2, ""VNQ"": 1.5, ""VTI"": 1, ""VWO"": 2}",0.03000000,tests/data/2026-08-24-net15,13612W,0.00171536,0.00765065,0.00178584,0.00773389,55318.80205003,39500.00000000,15818.80205003,0.40047600,0.10107730,0.10846581,0.97024405,0.10491666,1.38721208,1.05902918,-0.09544335,112,2020,0.14876857,2016,0.04876144,2487068.57107459,265.93720743,8.38123675,0.00673259,0.00000000,0.00000000,0.24975751,0.00000000,0.06661322,0.00000000,0.16628918,0.00000000,0.19951162,0.00000000,0.21637065,0.00000000,0.09967197,0.00000000
ROT SPY+EFA+EEM+AGG top1 1-3-6-12U can SPY+EFA+EEM+AGG/1 fb best(LQD+IEF+SHY),sens,sens_2016-01-04,2016-01-04,2020-12-31,false,true,"{""*"": 6, ""ACWX"": 3, ""AGG"": 1, ""BIL"": 1, ""BND"": 1.5, ""BTAL"": 6, ""DBC"": 3, ""DBMF"": 3, ""EEM"": 1, ""EFA"": 1, ""IEF"": 1, ""IWM"": 1, ""KMLM"": 6, ""LQD"": 1.5, ""QQQ"": 1, ""SCZ"": 5, ""SHY"": 1, ""SPY"": 0.7, ""TIP"": 2, ""TLT"": 1, ""TQQQ"": 1.5, ""VEA"": 1.5, ""VEU"": 2, ""VNQ"": 1.5, ""VTI"": 1, ""VWO"": 2}",0.03000000,tests/data/2026-08-24-net15,1-3-6-12U,0.00176293,0.00761525,0.00180629,0.00766487,60950.85587816,39500.00000000,21450.85587816,0.54305964,0.13418022,0.14017797,1.35539624,0.09632808,1.93692047,1.41377183,-0.09490939,106,2020,0.19284268,2018,0.07461442,1666528.27008736,174.56057394,5.29494775,0.00441926,0.00000000,0.00000000,0.21650267,0.00000000,0.00000000,0.00000000,0.16632144,0.00000000,0.19956715,0.00000000,0.23311473,0.00000000,0.18268773,0.00000000
SPY25/EFA25/EEM25/AGG25,sens,sens_2016-01-04,2016-01-04,2020-12-31,true,true,"{""*"": 6, ""ACWX"": 3, ""AGG"": 1, ""BIL"": 1, ""BND"": 1.5, ""BTAL"": 6, ""DBC"": 3, ""DBMF"": 3, ""EEM"": 1, ""EFA"": 1, ""IEF"": 1, ""IWM"": 1, ""KMLM"": 6, ""LQD"": 1.5, ""QQQ"": 1, ""SCZ"": 5, ""SHY"": 1, ""SPY"": 0.7, ""TIP"": 2, ""TLT"": 1, ""TQQQ"": 1.5, ""VEA"": 1.5, ""VEU"": 2, ""VNQ"": 1.5, ""VTI"": 1, ""VWO"": 2}",0.03000000,tests/data/2026-08-24-net15,,0.00782251,0.01928048,0.00457587,0.01524265,54467.90374530,39500.00000000,14967.90374530,0.37893427,0.09961956,0.10341880,0.74908096,0.13995611,1.00289059,0.38898321,-0.25610246,208,2017,0.20848418,2018,-0.08587312,52588.64004696,4.94281155,0.18063630,0.00012513,0.24833605,0.24375020,0.24925163,0.24761178,0.24894191,0.24679577,,,,,,,0.24564591,0.23475735
SPY60/AGG40,sens,sens_2016-01-04,2016-01-04,2020-12-31,true,true,"{""*"": 6, ""ACWX"": 3, ""AGG"": 1, ""BIL"": 1, ""BND"": 1.5, ""BTAL"": 6, ""DBC"": 3, ""DBMF"": 3, ""EEM"": 1, ""EFA"": 1, ""IEF"": 1, ""IWM"": 1, ""KMLM"": 6, ""LQD"": 1.5, ""QQQ"": 1, ""SCZ"": 5, ""SHY"": 1, ""SPY"": 0.7, ""TIP"": 2, ""TLT"": 1, ""TQQQ"": 1.5, ""VEA"": 1.5, ""VEU"": 2, ""VNQ"": 1.5, ""VTI"": 1, ""VWO"": 2}",0.03000000,tests/data/2026-08-24-net15,,0.00662996,0.01936807,0.00483164,0.01445746,56359.09717333,39500.00000000,16859.09717333,0.42681259,0.10769325,0.11453997,0.96353932,0.11278482,1.30973679,0.49785931,-0.21631261,152,2019,0.21385297,2018,-0.02730991,52853.22860937,4.51042643,0.17752396,0.00011419,0.39793602,0.39305156,,,,,,,,,,,0.59543226,0.58554254
SPY benchmark,sens,sens_2016-01-04,2016-01-04,2020-12-31,true,true,"{""*"": 6, ""ACWX"": 3, ""AGG"": 1, ""BIL"": 1, ""BND"": 1.5, ""BTAL"": 6, ""DBC"": 3, ""DBMF"": 3, ""EEM"": 1, ""EFA"": 1, ""IEF"": 1, ""IWM"": 1, ""KMLM"": 6, ""LQD"": 1.5, ""QQQ"": 1, ""SCZ"": 5, ""SHY"": 1, ""SPY"": 0.7, ""TIP"": 2, ""TLT"": 1, ""TQQQ"": 1.5, ""VEA"": 1.5, ""VEU"": 2, ""VNQ"": 1.5, ""VTI"": 1, ""VWO"": 2}",0.03000000,tests/data/2026-08-24-net15,,0.00438019,0.01116430,0.00438144,0.01116527,64313.55190754,39500.00000000,24813.55190754,0.62819119,0.15077401,0.15785704,0.84098770,0.18818934,1.15589326,0.44653035,-0.33765679,173,2019,0.30809701,2018,-0.04781253,39443.59218216,2.76105145,0.12267662,0.00006990,,,,,,,,,,,,,0.99561856,0.98883473
ROT SPY+EFA+EEM+AGG top1 13612W can SPY+EFA+EEM+AGG/1 fb best(LQD+IEF+SHY),sens,sens_2016-07-05,2016-07-05,2021-07-02,false,true,"{""*"": 6, ""ACWX"": 3, ""AGG"": 1, ""BIL"": 1, ""BND"": 1.5, ""BTAL"": 6, ""DBC"": 3, ""DBMF"": 3, ""EEM"": 1, ""EFA"": 1, ""IEF"": 1, ""IWM"": 1, ""KMLM"": 6, ""LQD"": 1.5, ""QQQ"": 1, ""SCZ"": 5, ""SHY"": 1, ""SPY"": 0.7, ""TIP"": 2, ""TLT"": 1, ""TQQQ"": 1.5, ""VEA"": 1.5, ""VEU"": 2, ""VNQ"": 1.5, ""VTI"": 1, ""VWO"": 2}",0.03000000,tests/data/2026-08-24-net15,13612W,0.00171936,0.00799395,0.00179082,0.00807684,57482.94858127,40000.00000000,17482.94858127,0.43707371,0.11179227,0.11810368,1.07695247,0.10336403,1.55266179,1.17756529,-0.09493509,171,2020,0.14883430,2016,0.02523842,2550923.21391213,273.85782004,8.41945039,0.00684645,0.00000000,0.00000000,0.22928653,0.00000000,0.06547462,0.00000000,0.13098895,0.00000000,0.21264360,0.00000000,0.24555541,0.00000000,0.11426008,0.00000000
ROT SPY+EFA+EEM+AGG top1 1-3-6-12U can SPY+EFA+EEM+AGG/1 fb best(LQD+IEF+SHY),sens,sens_2016-07-05,2016-07-05,2021-07-02,false,true,"{""*"": 6, ""ACWX"": 3, ""AGG"": 1, ""BIL"": 1, ""BND"": 1.5, ""BTAL"": 6, ""DBC"": 3, ""DBMF"": 3, ""EEM"": 1, ""EFA"": 1, ""IEF"": 1, ""IWM"": 1, ""KMLM"": 6, ""LQD"": 1.5, ""QQQ"": 1, ""SCZ"": 5, ""SHY"": 1, ""SPY"": 0.7, ""TIP"": 2, ""TLT"": 1, ""TQQQ"": 1.5, ""VEA"": 1.5, ""VEU"": 2, ""VNQ"": 1.5, ""VTI"": 1, ""VWO"": 2}",0.03000000,tests/data/2026-08-24-net15,1-3-6-12U,0.00165702,0.01387772,0.00170560,0.01396029,59976.42270394,40000.00000000,19976.42270394,0.49941057,0.12399457,0.13211160,1.18928174,0.10273193,1.68896887,1.31084332,-0.09459145,106,2020,0.19309363,2016,-0.00293505,1873529.64276889,202.74588516,5.93891635,0.00506865,0.00000000,0.00000000,0.24573732,0.00000000,0.00000000,0.00000000,0.11460401,0.00000000,0.17988459,0.00000000,0.27838559,0.00000000,0.17968289,0.00000000
SPY25/EFA25/EEM25/AGG25,sens,sens_2016-07-05,2016-07-05,2021-07-02,true,true,"{""*"": 6, ""ACWX"": 3, ""AGG"": 1, ""BIL"": 1, ""BND"": 1.5, ""BTAL"": 6, ""DBC"": 3, ""DBMF"": 3, ""EEM"": 1, ""EFA"": 1, ""IEF"": 1, ""IWM"": 1, ""KMLM"": 6, ""LQD"": 1.5, ""QQQ"": 1, ""SCZ"": 5, ""SHY"": 1, ""SPY"": 0.7, ""TIP"": 2, ""TLT"": 1, ""TQQQ"": 1.5, ""VEA"": 1.5, ""VEU"": 2, ""VNQ"": 1.5, ""VTI"": 1, ""VWO"": 2}",0.03000000,tests/data/2026-08-24-net15,,0.00884598,0.02576881,0.00523107,0.01433663,56570.72081759,40000.00000000,16570.72081759,0.41426802,0.10744061,0.11283808,0.82039379,0.13571257,1.09949531,0.42009483,-0.25575323,208,2017,0.20782105,2018,-0.08529063,53798.69474324,5.04184371,0.18265695,0.00012605,0.24804872,0.24268742,0.24919090,0.24753116,0.24884774,0.24604301,,,,,,,0.24506470,0.23566337
SPY60/AGG40,sens,sens_2016-07-05,2016-07-05,2021-07-02,true,true,"{""*"": 6, ""ACWX"": 3, ""AGG"": 1, ""BIL"": 1, ""BND"": 1.5, ""BTAL"": 6, ""DBC"": 3, ""DBMF"": 3, ""EEM"": 1, ""EFA"": 1, ""IEF"": 1, ""IWM"": 1, ""KMLM"": 6, ""LQD"": 1.5, ""QQQ"": 1, ""SCZ"": 5, ""SHY"": 1, ""SPY"": 0.7, ""TIP"": 2, ""TLT"": 1, ""TQQQ"": 1.5, ""VEA"": 1.5, ""VEU"": 2, ""VNQ"": 1.5, ""VTI"": 1, ""VWO"": 2}",0.03000000,tests/data/2026-08-24-net15,,0.00706216,0.02094778,0.00546632,0.01805967,58919.57041136,40000.00000000,18919.57041136,0.47298926,0.11584766,0.12624136,1.03384519,0.11214091,1.40604068,0.53684241,-0.21579454,152,2019,0.21410098,2018,-0.02734670,54626.70253259,4.65733643,0.18150152,0.00011643,0.39814860,0.39278876,,,,,,,,,,,0.59478746,0.58194033
SPY benchmark,sens,sens_2016-07-05,2016-07-05,2021-07-02,true,true,"{""*"": 6, ""ACWX"": 3, ""AGG"": 1, ""BIL"": 1, ""BND"": 1.5, ""BTAL"": 6, ""DBC"": 3, ""DBMF"": 3, ""EEM"": 1, ""EFA"": 1, ""IEF"": 1, ""IWM"": 1, ""KMLM"": 6, ""LQD"": 1.5, ""QQQ"": 1, ""SCZ"": 5, ""SHY"": 1, ""SPY"": 0.7, ""TIP"": 2, ""TLT"": 1, ""TQQQ"": 1.5, ""VEA"": 1.5, ""VEU"": 2, ""VNQ"": 1.5, ""VTI"": 1, ""VWO"": 2}",0.03000000,tests/data/2026-08-24-net15,,0.00428837,0.01794132,0.00428959,0.01797569,70801.76735332,40000.00000000,30801.76735332,0.77004418,0.17586286,0.18731559,0.96389823,0.18618663,1.32910053,0.52185180,-0.33699771,173,2019,0.30761491,2018,-0.04840182,39646.81537657,2.77527708,0.12020701,0.00006938,,,,,,,,,,,,,0.99571041,0.98202431
ROT SPY+EFA+EEM+AGG top1 13612W can SPY+EFA+EEM+AGG/1 fb best(LQD+IEF+SHY),sens,sens_2017-01-03,2017-01-03,2022-01-03,false,true,"{""*"": 6, ""ACWX"": 3, ""AGG"": 1, ""BIL"": 1, ""BND"": 1.5, ""BTAL"": 6, ""DBC"": 3, ""DBMF"": 3, ""EEM"": 1, ""EFA"": 1, ""IEF"": 1, ""IWM"": 1, ""KMLM"": 6, ""LQD"": 1.5, ""QQQ"": 1, ""SCZ"": 5, ""SHY"": 1, ""SPY"": 0.7, ""TIP"": 2, ""TLT"": 1, ""TQQQ"": 1.5, ""VEA"": 1.5, ""VEU"": 2, ""VNQ"": 1.5, ""VTI"": 1, ""VWO"": 2}",0.03000000,tests/data/2026-08-24-net15,13612W,0.00203100,0.01726735,0.00210934,0.01734928,51785.08359355,40000.00000000,11785.08359355,0.29462709,0.09222670,0.08366295,0.94237802,0.09887785,1.35253222,0.97164991,-0.09491762,171,2020,0.14874555,2022,-0.01062878,2813159.09607213,305.13719223,9.16994445,0.00762843,0.00000000,0.00000000,0.18011397,0.00000000,0.06544687,0.00000000,0.14728093,0.00000000,0.24547862,0.00000000,0.22909520,0.00000000,0.13047507,0.00000000
ROT SPY+EFA+EEM+AGG top1 1-3-6-12U can SPY+EFA+EEM+AGG/1 fb best(LQD+IEF+SHY),sens,sens_2017-01-03,2017-01-03,2022-01-03,false,true,"{""*"": 6, ""ACWX"": 3, ""AGG"": 1, ""BIL"": 1, ""BND"": 1.5, ""BTAL"": 6, ""DBC"": 3, ""DBMF"": 3, ""EEM"": 1, ""EFA"": 1, ""IEF"": 1, ""IWM"": 1, ""KMLM"": 6, ""LQD"": 1.5, ""QQQ"": 1, ""SCZ"": 5, ""SHY"": 1, ""SPY"": 0.7, ""TIP"": 2, ""TLT"": 1, ""TQQQ"": 1.5, ""VEA"": 1.5, ""VEU"": 2, ""VNQ"": 1.5, ""VTI"": 1, ""VWO"": 2}",0.03000000,tests/data/2026-08-24-net15,1-3-6-12U,0.00193842,0.01726735,0.00198617,0.01734928,57386.35733691,40000.00000000,17386.35733691,0.43465893,0.12331757,0.11728956,1.24124327,0.09761140,1.76402739,1.30614719,-0.09441323,106,2020,0.19336759,2022,-0.00116890,1945480.96556677,211.66853388,5.97503508,0.00529171,0.00000000,0.00000000,0.19657147,0.00000000,0.00000000,0.00000000,0.11458901,0.00000000,0.19647124,0.00000000,0.27808225,0.00000000,0.21229985,0.00000000
SPY25/EFA25/EEM25/AGG25,sens,sens_2017-01-03,2017-01-03,2022-01-03,true,true,"{""*"": 6, ""ACWX"": 3, ""AGG"": 1, ""BIL"": 1, ""BND"": 1.5, ""BTAL"": 6, ""DBC"": 3, ""DBMF"": 3, ""EEM"": 1, ""EFA"": 1, ""IEF"": 1, ""IWM"": 1, ""KMLM"": 6, ""LQD"": 1.5, ""QQQ"": 1, ""SCZ"": 5, ""SHY"": 1, ""SPY"": 0.7, ""TIP"": 2, ""TLT"": 1, ""TQQQ"": 1.5, ""VEA"": 1.5, ""VEU"": 2, ""VNQ"": 1.5, ""VTI"": 1, ""VWO"": 2}",0.03000000,tests/data/2026-08-24-net15,,0.00894122,0.02007300,0.00540038,0.01402480,54297.94566548,40000.00000000,14297.94566548,0.35744864,0.09846611,0.09914767,0.76314840,0.13525025,1.02024926,0.38592878,-0.25514061,208,2017,0.19964982,2018,-0.08515450,53071.89904853,5.00351368,0.17857617,0.00012509,0.24829523,0.24439176,0.24913932,0.24789203,0.24887613,0.24628110,,,,,,,0.24474613,0.23597520
SPY60/AGG40,sens,sens_2017-01-03,2017-01-03,2022-01-03,true,true,"{""*"": 6, ""ACWX"": 3, ""AGG"": 1, ""BIL"": 1, ""BND"": 1.5, ""BTAL"": 6, ""DBC"": 3, ""DBMF"": 3, ""EEM"": 1, ""EFA"": 1, ""IEF"": 1, ""IWM"": 1, ""KMLM"": 6, ""LQD"": 1.5, ""QQQ"": 1, ""SCZ"": 5, ""SHY"": 1, ""SPY"": 0.7, ""TIP"": 2, ""TLT"": 1, ""TQQQ"": 1.5, ""VEA"": 1.5, ""VEU"": 2, ""VNQ"": 1.5, ""VTI"": 1, ""VWO"": 2}",0.03000000,tests/data/2026-08-24-net15,,0.00623454,0.01689634,0.00501201,0.01273079,59497.64904556,40000.00000000,19497.64904556,0.48744123,0.12014651,0.12917782,1.06329185,0.11281401,1.44829555,0.56021892,-0.21446350,152,2019,0.21415972,2018,-0.02723452,52521.56564287,4.51219267,0.17072653,0.00011280,0.39838473,0.39443484,,,,,,,,,,,0.59537899,0.58726921
SPY benchmark,sens,sens_2017-01-03,2017-01-03,2022-01-03,true,true,"{""*"": 6, ""ACWX"": 3, ""AGG"": 1, ""BIL"": 1, ""BND"": 1.5, ""BTAL"": 6, ""DBC"": 3, ""DBMF"": 3, ""EEM"": 1, ""EFA"": 1, ""IEF"": 1, ""IWM"": 1, ""KMLM"": 6, ""LQD"": 1.5, ""QQQ"": 1, ""SCZ"": 5, ""SHY"": 1, ""SPY"": 0.7, ""TIP"": 2, ""TLT"": 1, ""TQQQ"": 1.5, ""VEA"": 1.5, ""VEU"": 2, ""VNQ"": 1.5, ""VTI"": 1, ""VWO"": 2}",0.03000000,tests/data/2026-08-24-net15,,0.00468473,0.01698335,0.00468596,0.01698468,72418.68531396,40000.00000000,32418.68531396,0.81046713,0.17924495,0.19446028,0.97214809,0.18806899,1.34124968,0.53135831,-0.33733348,173,2019,0.30750436,2018,-0.04757823,39723.78785113,2.78066515,0.11821748,0.00006952,,,,,,,,,,,,,0.99531404,0.98301532
ROT SPY+EFA+EEM+AGG top1 13612W can SPY+EFA+EEM+AGG/1 fb best(LQD+IEF+SHY),sens,sens_2017-07-03,2017-07-03,2022-07-01,false,true,"{""*"": 6, ""ACWX"": 3, ""AGG"": 1, ""BIL"": 1, ""BND"": 1.5, ""BTAL"": 6, ""DBC"": 3, ""DBMF"": 3, ""EEM"": 1, ""EFA"": 1, ""IEF"": 1, ""IWM"": 1, ""KMLM"": 6, ""LQD"": 1.5, ""QQQ"": 1, ""SCZ"": 5, ""SHY"": 1, ""SPY"": 0.7, ""TIP"": 2, ""TLT"": 1, ""TQQQ"": 1.5, ""VEA"": 1.5, ""VEU"": 2, ""VNQ"": 1.5, ""VTI"": 1, ""VWO"": 2}",0.03000000,tests/data/2026-08-24-net15,13612W,0.00181231,0.01053858,0.00188668,0.01064643,47341.13911988,40000.00000000,7341.13911988,0.18352848,0.07234558,0.05461723,0.76554908,0.09749275,1.09145833,0.55434118,-0.13050732,,2020,0.14858259,2022,-0.05609472,2445526.55486814,267.79468352,8.16768605,0.00669487,0.00000000,0.00000000,0.18012748,0.00000000,0.03275777,0.00000000,0.14730344,0.00000000,0.24550705,0.00000000,0.27821790,0.00000000,0.11419968,0.00000000
ROT SPY+EFA+EEM+AGG top1 1-3-6-12U can SPY+EFA+EEM+AGG/1 fb best(LQD+IEF+SHY),sens,sens_2017-07-03,2017-07-03,2022-07-01,false,true,"{""*"": 6, ""ACWX"": 3, ""AGG"": 1, ""BIL"": 1, ""BND"": 1.5, ""BTAL"": 6, ""DBC"": 3, ""DBMF"": 3, ""EEM"": 1, ""EFA"": 1, ""IEF"": 1, ""IWM"": 1, ""KMLM"": 6, ""LQD"": 1.5, ""QQQ"": 1, ""SCZ"": 5, ""SHY"": 1, ""SPY"": 0.7, ""TIP"": 2, ""TLT"": 1, ""TQQQ"": 1.5, ""VEA"": 1.5, ""VEU"": 2, ""VNQ"": 1.5, ""VTI"": 1, ""VWO"": 2}",0.03000000,tests/data/2026-08-24-net15,1-3-6-12U,0.00220032,0.00771329,0.00224264,0.00782123,53110.45808933,40000.00000000,13110.45808933,0.32776145,0.11019026,0.09216368,1.14179082,0.09560956,1.62529905,1.00500546,-0.10964145,,2020,0.19270935,2022,-0.02743707,1622617.81297258,178.48280798,5.03617918,0.00446207,0.00000000,0.00000000,0.18011877,0.00000000,0.00000000,0.00000000,0.11452526,0.00000000,0.19629502,0.00000000,0.32731300,0.00000000,0.17950532,0.00000000
SPY25/EFA25/EEM25/AGG25,sens,sens_2017-07-03,2017-07-03,2022-07-01,true,true,"{""*"": 6, ""ACWX"": 3, ""AGG"": 1, ""BIL"": 1, ""BND"": 1.5, ""BTAL"": 6, ""DBC"": 3, ""DBMF"": 3, ""EEM"": 1, ""EFA"": 1, ""IEF"": 1, ""IWM"": 1, ""KMLM"": 6, ""LQD"": 1.5, ""QQQ"": 1, ""SCZ"": 5, ""SHY"": 1, ""SPY"": 0.7, ""TIP"": 2, ""TLT"": 1, ""TQQQ"": 1.5, ""VEA"": 1.5, ""VEU"": 2, ""VNQ"": 1.5, ""VTI"": 1, ""VWO"": 2}",0.03000000,tests/data/2026-08-24-net15,,0.01060904,0.02704274,0.00658549,0.01771286,43067.05706297,40000.00000000,3067.05706297,0.07667643,0.03885381,0.02389752,0.33676605,0.14443941,0.44744304,0.15224906,-0.25519902,208,2019,0.19381251,2022,-0.16248207,51293.46455779,4.81621029,0.17932135,0.00012041,0.24793831,0.24255927,0.24913273,0.24674602,0.24877060,0.24642895,,,,,,,0.24354733,0.23228714
SPY60/AGG40,sens,sens_2017-07-03,2017-07-03,2022-07-01,true,true,"{""*"": 6, ""ACWX"": 3, ""AGG"": 1, ""BIL"": 1, ""BND"": 1.5, ""BTAL"": 6, ""DBC"": 3, ""DBMF"": 3, ""EEM"": 1, ""EFA"": 1, ""IEF"": 1, ""IWM"": 1, ""KMLM"": 6, ""LQD"": 1.5, ""QQQ"": 1, ""SCZ"": 5, ""SHY"": 1, ""SPY"": 0.7, ""TIP"": 2, ""TLT"": 1, ""TQQQ"": 1.5, ""VEA"": 1.5, ""VEU"": 2, ""VNQ"": 1.5, ""VTI"": 1, ""VWO"": 2}",0.03000000,tests/data/2026-08-24-net15,,0.00759346,0.02550570,0.00587022,0.01951498,47975.97569794,40000.00000000,7975.97569794,0.19939939,0.07108310,0.05895372,0.62042186,0.12298502,0.83220826,0.32893401,-0.21610139,152,2019,0.21320794,2022,-0.15255739,53981.18637055,4.59495383,0.17754501,0.00011487,0.39809865,0.39396926,,,,,,,,,,,0.59430611,0.58048502
SPY benchmark,sens,sens_2017-07-03,2017-07-03,2022-07-01,true,true,"{""*"": 6, ""ACWX"": 3, ""AGG"": 1, ""BIL"": 1, ""BND"": 1.5, ""BTAL"": 6, ""DBC"": 3, ""DBMF"": 3, ""EEM"": 1, ""EFA"": 1, ""IEF"": 1, ""IWM"": 1, ""KMLM"": 6, ""LQD"": 1.5, ""QQQ"": 1, ""SCZ"": 5, ""SHY"": 1, ""SPY"": 0.7, ""TIP"": 2, ""TLT"": 1, ""TQQQ"": 1.5, ""VEA"": 1.5, ""VEU"": 2, ""VNQ"": 1.5, ""VTI"": 1, ""VWO"": 2}",0.03000000,tests/data/2026-08-24-net15,,0.00584130,0.01606926,0.00584253,0.01607070,54369.01966217,40000.00000000,14369.01966217,0.35922549,0.11140674,0.09984374,0.62410530,0.20232808,0.85103039,0.33176814,-0.33579697,173,2019,0.30803090,2022,-0.19139933,39932.74426649,2.79529210,0.11962748,0.00006988,,,,,,,,,,,,,0.99415747,0.98392930
ROT SPY+EFA+EEM+AGG top1 13612W can SPY+EFA+EEM+AGG/1 fb best(LQD+IEF+SHY),sens,sens_2018-01-03,2018-01-03,2023-01-03,false,true,"{""*"": 6, ""ACWX"": 3, ""AGG"": 1, ""BIL"": 1, ""BND"": 1.5, ""BTAL"": 6, ""DBC"": 3, ""DBMF"": 3, ""EEM"": 1, ""EFA"": 1, ""IEF"": 1, ""IWM"": 1, ""KMLM"": 6, ""LQD"": 1.5, ""QQQ"": 1, ""SCZ"": 5, ""SHY"": 1, ""SPY"": 0.7, ""TIP"": 2, ""TLT"": 1, ""TQQQ"": 1.5, ""VEA"": 1.5, ""VEU"": 2, ""VNQ"": 1.5, ""VTI"": 1, ""VWO"": 2}",0.03000000,tests/data/2026-08-24-net15,13612W,0.00204648,0.01198251,0.00211999,0.01206579,41988.03659014,40000.00000000,1988.03659014,0.04970091,0.03428889,0.01564034,0.40281384,0.09503881,0.56330139,0.18619935,-0.18415152,,2020,0.14844530,2022,-0.12100471,2300530.55883596,251.67662631,8.10882278,0.00629192,0.00000000,0.00000000,0.11463426,0.00000000,0.04911242,0.00000000,0.14711592,0.00000000,0.22908958,0.00000000,0.34376758,0.00000000,0.11416025,0.00000000
ROT SPY+EFA+EEM+AGG top1 1-3-6-12U can SPY+EFA+EEM+AGG/1 fb best(LQD+IEF+SHY),sens,sens_2018-01-03,2018-01-03,2023-01-03,false,true,"{""*"": 6, ""ACWX"": 3, ""AGG"": 1, ""BIL"": 1, ""BND"": 1.5, ""BTAL"": 6, ""DBC"": 3, ""DBMF"": 3, ""EEM"": 1, ""EFA"": 1, ""IEF"": 1, ""IWM"": 1, ""KMLM"": 6, ""LQD"": 1.5, ""QQQ"": 1, ""SCZ"": 5, ""SHY"": 1, ""SPY"": 0.7, ""TIP"": 2, ""TLT"": 1, ""TQQQ"": 1.5, ""VEA"": 1.5, ""VEU"": 2, ""VNQ"": 1.5, ""VTI"": 1, ""VWO"": 2}",0.03000000,tests/data/2026-08-24-net15,1-3-6-12U,0.00292386,0.01085061,0.00296605,0.01095788,48342.94361602,40000.00000000,8342.94361602,0.20857359,0.07134072,0.06127562,0.83354774,0.08739171,1.16439243,0.59473499,-0.11995379,,2020,0.19259919,2022,-0.04060043,1333724.04989768,146.73805017,4.43032426,0.00366845,0.00000000,0.00000000,0.08192428,0.00000000,0.00000000,0.00000000,0.11446669,0.00000000,0.19621517,0.00000000,0.42517605,0.00000000,0.17925176,0.00000000
SPY25/EFA25/EEM25/AGG25,sens,sens_2018-01-03,2018-01-03,2023-01-03,true,true,"{""*"": 6, ""ACWX"": 3, ""AGG"": 1, ""BIL"": 1, ""BND"": 1.5, ""BTAL"": 6, ""DBC"": 3, ""DBMF"": 3, ""EEM"": 1, ""EFA"": 1, ""IEF"": 1, ""IWM"": 1, ""KMLM"": 6, ""LQD"": 1.5, ""QQQ"": 1, ""SCZ"": 5, ""SHY"": 1, ""SPY"": 0.7, ""TIP"": 2, ""TLT"": 1, ""TQQQ"": 1.5, ""VEA"": 1.5, ""VEU"": 2, ""VNQ"": 1.5, ""VTI"": 1, ""VWO"": 2}",0.03000000,tests/data/2026-08-24-net15,,0.01030407,0.03002128,0.00663289,0.02046137,41632.45533160,40000.00000000,1632.45533160,0.04081138,0.01906692,0.01289592,0.20074563,0.15247510,0.27047725,0.07465245,-0.25540916,208,2019,0.19222963,2022,-0.16389265,53819.45280652,5.01622985,0.19714689,0.00012541,0.24840466,0.24319460,0.24908323,0.24702152,0.24868322,0.24588649,,,,,,,0.24352273,0.22953863
SPY60/AGG40,sens,sens_2018-01-03,2018-01-03,2023-01-03,true,true,"{""*"": 6, ""ACWX"": 3, ""AGG"": 1, ""BIL"": 1, ""BND"": 1.5, ""BTAL"": 6, ""DBC"": 3, ""DBMF"": 3, ""EEM"": 1, ""EFA"": 1, ""IEF"": 1, ""IWM"": 1, ""KMLM"": 6, ""LQD"": 1.5, ""QQQ"": 1, ""SCZ"": 5, ""SHY"": 1, ""SPY"": 0.7, ""TIP"": 2, ""TLT"": 1, ""TQQQ"": 1.5, ""VEA"": 1.5, ""VEU"": 2, ""VNQ"": 1.5, ""VTI"": 1, ""VWO"": 2}",0.03000000,tests/data/2026-08-24-net15,,0.00928892,0.02542308,0.00733892,0.02165946,45522.11024834,40000.00000000,5522.11024834,0.13805276,0.05330840,0.04176924,0.46102563,0.13170612,0.62825572,0.24716293,-0.21568123,152,2019,0.21163038,2022,-0.15858909,53655.92534703,4.53354335,0.18188064,0.00011334,0.39802265,0.39254865,,,,,,,,,,,0.59268664,0.57834054
SPY benchmark,sens,sens_2018-01-03,2018-01-03,2023-01-03,true,true,"{""*"": 6, ""ACWX"": 3, ""AGG"": 1, ""BIL"": 1, ""BND"": 1.5, ""BTAL"": 6, ""DBC"": 3, ""DBMF"": 3, ""EEM"": 1, ""EFA"": 1, ""IEF"": 1, ""IWM"": 1, ""KMLM"": 6, ""LQD"": 1.5, ""QQQ"": 1, ""SCZ"": 5, ""SHY"": 1, ""SPY"": 0.7, ""TIP"": 2, ""TLT"": 1, ""TQQQ"": 1.5, ""VEA"": 1.5, ""VEU"": 2, ""VNQ"": 1.5, ""VTI"": 1, ""VWO"": 2}",0.03000000,tests/data/2026-08-24-net15,,0.00599019,0.01202681,0.00599144,0.01202812,50772.82943411,40000.00000000,10772.82943411,0.26932074,0.08572069,0.07723556,0.49193175,0.21439699,0.67745590,0.25514055,-0.33597439,173,2019,0.30575270,2022,-0.18346109,39839.06163598,2.78873431,0.12439080,0.00006972,,,,,,,,,,,,,0.99400856,0.98797188
ROT SPY+EFA+EEM+AGG top1 13612W can SPY+EFA+EEM+AGG/1 fb best(LQD+IEF+SHY),sens,sens_2018-07-03,2018-07-03,2023-07-03,false,true,"{""*"": 6, ""ACWX"": 3, ""AGG"": 1, ""BIL"": 1, ""BND"": 1.5, ""BTAL"": 6, ""DBC"": 3, ""DBMF"": 3, ""EEM"": 1, ""EFA"": 1, ""IEF"": 1, ""IWM"": 1, ""KMLM"": 6, ""LQD"": 1.5, ""QQQ"": 1, ""SCZ"": 5, ""SHY"": 1, ""SPY"": 0.7, ""TIP"": 2, ""TLT"": 1, ""TQQQ"": 1.5, ""VEA"": 1.5, ""VEU"": 2, ""VNQ"": 1.5, ""VTI"": 1, ""VWO"": 2}",0.03000000,tests/data/2026-08-24-net15,13612W,0.00214785,0.01049670,0.00222730,0.01060507,40683.96562285,40000.00000000,683.96562285,0.01709914,0.02154238,0.00546952,0.26908987,0.09680643,0.37455354,0.10645313,-0.20236492,,2020,0.14877158,2022,-0.12095385,2390718.99956467,263.79308975,8.72009632,0.00659483,0.00000000,0.00000000,0.09826454,0.00000000,0.08184659,0.00000000,0.13083885,0.00000000,0.26175596,0.00000000,0.31103451,0.00000000,0.11403224,0.00000000
ROT SPY+EFA+EEM+AGG top1 1-3-6-12U can SPY+EFA+EEM+AGG/1 fb best(LQD+IEF+SHY),sens,sens_2018-07-03,2018-07-03,2023-07-03,false,true,"{""*"": 6, ""ACWX"": 3, ""AGG"": 1, ""BIL"": 1, ""BND"": 1.5, ""BTAL"": 6, ""DBC"": 3, ""DBMF"": 3, ""EEM"": 1, ""EFA"": 1, ""IEF"": 1, ""IWM"": 1, ""KMLM"": 6, ""LQD"": 1.5, ""QQQ"": 1, ""SCZ"": 5, ""SHY"": 1, ""SPY"": 0.7, ""TIP"": 2, ""TLT"": 1, ""TQQQ"": 1.5, ""VEA"": 1.5, ""VEU"": 2, ""VNQ"": 1.5, ""VTI"": 1, ""VWO"": 2}",0.03000000,tests/data/2026-08-24-net15,1-3-6-12U,0.00263241,0.01321715,0.00267989,0.01321764,44971.64648471,40000.00000000,4971.64648471,0.12429116,0.05589348,0.03786862,0.65443324,0.08942071,0.90671898,0.38310159,-0.14589728,,2020,0.19350408,2022,-0.04058745,1559860.76568454,173.39237661,5.26223828,0.00433481,0.00000000,0.00000000,0.06552336,0.00000000,0.03275926,0.00000000,0.11447657,0.00000000,0.21274030,0.00000000,0.39281030,0.00000000,0.17901033,0.00000000
SPY25/EFA25/EEM25/AGG25,sens,sens_2018-07-03,2018-07-03,2023-07-03,true,true,"{""*"": 6, ""ACWX"": 3, ""AGG"": 1, ""BIL"": 1, ""BND"": 1.5, ""BTAL"": 6, ""DBC"": 3, ""DBMF"": 3, ""EEM"": 1, ""EFA"": 1, ""IEF"": 1, ""IWM"": 1, ""KMLM"": 6, ""LQD"": 1.5, ""QQQ"": 1, ""SCZ"": 5, ""SHY"": 1, ""SPY"": 0.7, ""TIP"": 2, ""TLT"": 1, ""TQQQ"": 1.5, ""VEA"": 1.5, ""VEU"": 2, ""VNQ"": 1.5, ""VTI"": 1, ""VWO"": 2}",0.03000000,tests/data/2026-08-24-net15,,0.01166425,0.02606371,0.00761336,0.01737694,45219.30495810,40000.00000000,5219.30495810,0.13048262,0.04493812,0.03964860,0.36838220,0.15054096,0.50080424,0.17773570,-0.25283676,208,2019,0.19293543,2022,-0.16411068,51704.94321911,4.83424903,0.18605141,0.00012086,0.24812063,0.24351515,0.24911844,0.24652109,0.24861327,0.24470602,,,,,,,0.24248139,0.23262306
SPY60/AGG40,sens,sens_2018-07-03,2018-07-03,2023-07-03,true,true,"{""*"": 6, ""ACWX"": 3, ""AGG"": 1, ""BIL"": 1, ""BND"": 1.5, ""BTAL"": 6, ""DBC"": 3, ""DBMF"": 3, ""EEM"": 1, ""EFA"": 1, ""IEF"": 1, ""IWM"": 1, ""KMLM"": 6, ""LQD"": 1.5, ""QQQ"": 1, ""SCZ"": 5, ""SHY"": 1, ""SPY"": 0.7, ""TIP"": 2, ""TLT"": 1, ""TQQQ"": 1.5, ""VEA"": 1.5, ""VEU"": 2, ""VNQ"": 1.5, ""VTI"": 1, ""VWO"": 2}",0.03000000,tests/data/2026-08-24-net15,,0.00780300,0.02213360,0.00611320,0.01417057,49200.24375887,40000.00000000,9200.24375887,0.23000609,0.07535246,0.06705878,0.62195701,0.13090540,0.85700754,0.35236327,-0.21384880,152,2019,0.21453422,2022,-0.15899249,52522.31136744,4.45323286,0.17784611,0.00011133,0.39805278,0.39156537,,,,,,,,,,,0.59414244,0.58582943
SPY benchmark,sens,sens_2018-07-03,2018-07-03,2023-07-03,true,true,"{""*"": 6, ""ACWX"": 3, ""AGG"": 1, ""BIL"": 1, ""BND"": 1.5, ""BTAL"": 6, ""DBC"": 3, ""DBMF"": 3, ""EEM"": 1, ""EFA"": 1, ""IEF"": 1, ""IWM"": 1, ""KMLM"": 6, ""LQD"": 1.5, ""QQQ"": 1, ""SCZ"": 5, ""SHY"": 1, ""SPY"": 0.7, ""TIP"": 2, ""TLT"": 1, ""TQQQ"": 1.5, ""VEA"": 1.5, ""VEU"": 2, ""VNQ"": 1.5, ""VTI"": 1, ""VWO"": 2}",0.03000000,tests/data/2026-08-24-net15,,0.00662307,0.02286424,0.00662431,0.02289844,57483.56015721,40000.00000000,17483.56015721,0.43708900,0.11996352,0.11797416,0.64113422,0.21252607,0.89248723,0.35904377,-0.33411949,173,2019,0.30679729,2022,-0.18242534,39722.57226327,2.78058006,0.12311025,0.00006951,,,,,,,,,,,,,0.99337569,0.97710156
ROT SPY+EFA+EEM+AGG top1 13612W can SPY+EFA+EEM+AGG/1 fb best(LQD+IEF+SHY),sens,sens_2019-01-03,2019-01-03,2024-01-03,false,true,"{""*"": 6, ""ACWX"": 3, ""AGG"": 1, ""BIL"": 1, ""BND"": 1.5, ""BTAL"": 6, ""DBC"": 3, ""DBMF"": 3, ""EEM"": 1, ""EFA"": 1, ""IEF"": 1, ""IWM"": 1, ""KMLM"": 6, ""LQD"": 1.5, ""QQQ"": 1, ""SCZ"": 5, ""SHY"": 1, ""SPY"": 0.7, ""TIP"": 2, ""TLT"": 1, ""TQQQ"": 1.5, ""VEA"": 1.5, ""VEU"": 2, ""VNQ"": 1.5, ""VTI"": 1, ""VWO"": 2}",0.03000000,tests/data/2026-08-24-net15,13612W,0.00228548,0.01850449,0.00235868,0.01850523,42210.39883643,40000.00000000,2210.39883643,0.05525997,0.03081505,0.01734754,0.35945348,0.09789618,0.50117796,0.15235438,-0.20225903,,2020,0.14836015,2022,-0.12097140,2161632.79817198,236.88658307,8.00141868,0.00592216,0.00000000,0.00000000,0.09823071,0.00000000,0.08185321,0.00000000,0.09818855,0.00000000,0.22895904,0.00000000,0.34374475,0.00000000,0.14666506,0.00000000
ROT SPY+EFA+EEM+AGG top1 1-3-6-12U can SPY+EFA+EEM+AGG/1 fb best(LQD+IEF+SHY),sens,sens_2019-01-03,2019-01-03,2024-01-03,false,true,"{""*"": 6, ""ACWX"": 3, ""AGG"": 1, ""BIL"": 1, ""BND"": 1.5, ""BTAL"": 6, ""DBC"": 3, ""DBMF"": 3, ""EEM"": 1, ""EFA"": 1, ""IEF"": 1, ""IWM"": 1, ""KMLM"": 6, ""LQD"": 1.5, ""QQQ"": 1, ""SCZ"": 5, ""SHY"": 1, ""SPY"": 0.7, ""TIP"": 2, ""TLT"": 1, ""TQQQ"": 1.5, ""VEA"": 1.5, ""VEU"": 2, ""VNQ"": 1.5, ""VTI"": 1, ""VWO"": 2}",0.03000000,tests/data/2026-08-24-net15,1-3-6-12U,0.00279218,0.01572504,0.00284130,0.01572565,45865.03221399,40000.00000000,5865.03221399,0.14662581,0.06132047,0.04420655,0.70009048,0.09107557,0.97086753,0.37978106,-0.16146268,,2020,0.19286660,2022,-0.04059243,1500656.99402594,166.07264140,5.16392567,0.00415182,0.00000000,0.00000000,0.06549795,0.00000000,0.03275255,0.00000000,0.11446747,0.00000000,0.21258935,0.00000000,0.36031564,0.00000000,0.21153575,0.00000000
SPY25/EFA25/EEM25/AGG25,sens,sens_2019-01-03,2019-01-03,2024-01-03,true,true,"{""*"": 6, ""ACWX"": 3, ""AGG"": 1, ""BIL"": 1, ""BND"": 1.5, ""BTAL"": 6, ""DBC"": 3, ""DBMF"": 3, ""EEM"": 1, ""EFA"": 1, ""IEF"": 1, ""IWM"": 1, ""KMLM"": 6, ""LQD"": 1.5, ""QQQ"": 1, ""SCZ"": 5, ""SHY"": 1, ""SPY"": 0.7, ""TIP"": 2, ""TLT"": 1, ""TQQQ"": 1.5, ""VEA"": 1.5, ""VEU"": 2, ""VNQ"": 1.5, ""VTI"": 1, ""VWO"": 2}",0.03000000,tests/data/2026-08-24-net15,,0.00950745,0.01975525,0.00606272,0.01512215,46943.93286863,40000.00000000,6943.93286863,0.17359832,0.06745503,0.05174675,0.51320958,0.14921085,0.70224184,0.26668421,-0.25293972,208,2019,0.20738442,2022,-0.16290245,49759.86241149,4.67443062,0.17372429,0.00011686,0.24811482,0.24331114,0.24917014,0.24696901,0.24894698,0.24726027,,,,,,,0.24425867,0.23487785
SPY60/AGG40,sens,sens_2019-01-03,2019-01-03,2024-01-03,true,true,"{""*"": 6, ""ACWX"": 3, ""AGG"": 1, ""BIL"": 1, ""BND"": 1.5, ""BTAL"": 6, ""DBC"": 3, ""DBMF"": 3, ""EEM"": 1, ""EFA"": 1, ""IEF"": 1, ""IWM"": 1, ""KMLM"": 6, ""LQD"": 1.5, ""QQQ"": 1, ""SCZ"": 5, ""SHY"": 1, ""SPY"": 0.7, ""TIP"": 2, ""TLT"": 1, ""TQQQ"": 1.5, ""VEA"": 1.5, ""VEU"": 2, ""VNQ"": 1.5, ""VTI"": 1, ""VWO"": 2}",0.03000000,tests/data/2026-08-24-net15,,0.00777429,0.02040202,0.00618823,0.01778082,50935.38043494,40000.00000000,10935.38043494,0.27338451,0.09558165,0.07828748,0.76975408,0.12975533,1.06678524,0.44720817,-0.21372965,152,2019,0.23013267,2022,-0.15989811,49534.59879347,4.23702078,0.16396261,0.00010593,0.39826631,0.39504634,,,,,,,,,,,0.59395769,0.58221918
SPY benchmark,sens,sens_2019-01-03,2019-01-03,2024-01-03,true,true,"{""*"": 6, ""ACWX"": 3, ""AGG"": 1, ""BIL"": 1, ""BND"": 1.5, ""BTAL"": 6, ""DBC"": 3, ""DBMF"": 3, ""EEM"": 1, ""EFA"": 1, ""IEF"": 1, ""IWM"": 1, ""KMLM"": 6, ""LQD"": 1.5, ""QQQ"": 1, ""SCZ"": 5, ""SHY"": 1, ""SPY"": 0.7, ""TIP"": 2, ""TLT"": 1, ""TQQQ"": 1.5, ""VEA"": 1.5, ""VEU"": 2, ""VNQ"": 1.5, ""VTI"": 1, ""VWO"": 2}",0.03000000,tests/data/2026-08-24-net15,,0.00587216,0.01874792,0.00587334,0.01874861,60616.98696768,40000.00000000,20616.98696768,0.51542467,0.15530550,0.13535588,0.79973859,0.20800019,1.11920167,0.46539218,-0.33370886,170,2019,0.33710726,2022,-0.18233140,39744.05943331,2.78208416,0.11612921,0.00006955,,,,,,,,,,,,,0.99412666,0.98125139
ROT SPY+EFA+EEM+AGG top1 13612W can SPY+EFA+EEM+AGG/1 fb best(LQD+IEF+SHY),sens,sens_2019-07-03,2019-07-03,2024-07-03,false,true,"{""*"": 6, ""ACWX"": 3, ""AGG"": 1, ""BIL"": 1, ""BND"": 1.5, ""BTAL"": 6, ""DBC"": 3, ""DBMF"": 3, ""EEM"": 1, ""EFA"": 1, ""IEF"": 1, ""IWM"": 1, ""KMLM"": 6, ""LQD"": 1.5, ""QQQ"": 1, ""SCZ"": 5, ""SHY"": 1, ""SPY"": 0.7, ""TIP"": 2, ""TLT"": 1, ""TQQQ"": 1.5, ""VEA"": 1.5, ""VEU"": 2, ""VNQ"": 1.5, ""VTI"": 1, ""VWO"": 2}",0.03000000,tests/data/2026-08-24-net15,13612W,0.00270616,0.01657888,0.00278029,0.01666127,42045.01494775,40000.00000000,2045.01494775,0.05112537,0.03010404,0.01608355,0.35519577,0.09689191,0.49741021,0.14893477,-0.20212901,,2020,0.14860139,2022,-0.12087338,2263612.08350433,242.24327586,8.52276357,0.00605608,0.00000000,0.00000000,0.08188207,0.00000000,0.08186890,0.00000000,0.06529125,0.00000000,0.22902909,0.00000000,0.39283705,0.00000000,0.14631135,0.00000000
ROT SPY+EFA+EEM+AGG top1 1-3-6-12U can SPY+EFA+EEM+AGG/1 fb best(LQD+IEF+SHY),sens,sens_2019-07-03,2019-07-03,2024-07-03,false,true,"{""*"": 6, ""ACWX"": 3, ""AGG"": 1, ""BIL"": 1, ""BND"": 1.5, ""BTAL"": 6, ""DBC"": 3, ""DBMF"": 3, ""EEM"": 1, ""EFA"": 1, ""IEF"": 1, ""IWM"": 1, ""KMLM"": 6, ""LQD"": 1.5, ""QQQ"": 1, ""SCZ"": 5, ""SHY"": 1, ""SPY"": 0.7, ""TIP"": 2, ""TLT"": 1, ""TQQQ"": 1.5, ""VEA"": 1.5, ""VEU"": 2, ""VNQ"": 1.5, ""VTI"": 1, ""VWO"": 2}",0.03000000,tests/data/2026-08-24-net15,1-3-6-12U,0.00325935,0.01757979,0.00330803,0.01758056,46901.63794419,40000.00000000,6901.63794419,0.17254095,0.06744478,0.05146408,0.75531656,0.09223382,1.05720241,0.41808164,-0.16131965,,2020,0.19297831,2022,-0.04055249,1562402.24247564,168.97639760,5.47219724,0.00422441,0.00000000,0.00000000,0.06551963,0.00000000,0.03274911,0.00000000,0.06540473,0.00000000,0.21266008,0.00000000,0.37658795,0.00000000,0.24377047,0.00000000
SPY25/EFA25/EEM25/AGG25,sens,sens_2019-07-03,2019-07-03,2024-07-03,true,true,"{""*"": 6, ""ACWX"": 3, ""AGG"": 1, ""BIL"": 1, ""BND"": 1.5, ""BTAL"": 6, ""DBC"": 3, ""DBMF"": 3, ""EEM"": 1, ""EFA"": 1, ""IEF"": 1, ""IWM"": 1, ""KMLM"": 6, ""LQD"": 1.5, ""QQQ"": 1, ""SCZ"": 5, ""SHY"": 1, ""SPY"": 0.7, ""TIP"": 2, ""TLT"": 1, ""TQQQ"": 1.5, ""VEA"": 1.5, ""VEU"": 2, ""VNQ"": 1.5, ""VTI"": 1, ""VWO"": 2}",0.03000000,tests/data/2026-08-24-net15,,0.01229340,0.03487727,0.00797434,0.02444806,48318.09927412,40000.00000000,8318.09927412,0.20795248,0.05698348,0.06112779,0.44899953,0.14832895,0.61363954,0.22624646,-0.25186465,202,2023,0.14104190,2022,-0.16332594,46092.63658735,4.35580651,0.16939049,0.00010890,0.24762520,0.24216976,0.24927959,0.24743033,0.24861802,0.24582678,,,,,,,0.24218187,0.22555194
SPY60/AGG40,sens,sens_2019-07-03,2019-07-03,2024-07-03,true,true,"{""*"": 6, ""ACWX"": 3, ""AGG"": 1, ""BIL"": 1, ""BND"": 1.5, ""BTAL"": 6, ""DBC"": 3, ""DBMF"": 3, ""EEM"": 1, ""EFA"": 1, ""IEF"": 1, ""IWM"": 1, ""KMLM"": 6, ""LQD"": 1.5, ""QQQ"": 1, ""SCZ"": 5, ""SHY"": 1, ""SPY"": 0.7, ""TIP"": 2, ""TLT"": 1, ""TQQQ"": 1.5, ""VEA"": 1.5, ""VEU"": 2, ""VNQ"": 1.5, ""VTI"": 1, ""VWO"": 2}",0.03000000,tests/data/2026-08-24-net15,,0.00904188,0.03147194,0.00699959,0.02469518,52312.26422524,40000.00000000,12312.26422524,0.30780661,0.08478811,0.08700568,0.69082272,0.13041271,0.95588985,0.39601688,-0.21410226,152,2023,0.17207241,2022,-0.15906794,48137.51140427,4.09795596,0.16810737,0.00010245,0.39772553,0.39270996,,,,,,,,,,,0.59323087,0.57530482
SPY benchmark,sens,sens_2019-07-03,2019-07-03,2024-07-03,true,true,"{""*"": 6, ""ACWX"": 3, ""AGG"": 1, ""BIL"": 1, ""BND"": 1.5, ""BTAL"": 6, ""DBC"": 3, ""DBMF"": 3, ""EEM"": 1, ""EFA"": 1, ""IEF"": 1, ""IWM"": 1, ""KMLM"": 6, ""LQD"": 1.5, ""QQQ"": 1, ""SCZ"": 5, ""SHY"": 1, ""SPY"": 0.7, ""TIP"": 2, ""TLT"": 1, ""TQQQ"": 1.5, ""VEA"": 1.5, ""VEU"": 2, ""VNQ"": 1.5, ""VTI"": 1, ""VWO"": 2}",0.03000000,tests/data/2026-08-24-net15,,0.00648914,0.01882444,0.00649037,0.01882524,63889.29601020,40000.00000000,23889.29601020,0.59723240,0.14498274,0.15276562,0.76045722,0.20664864,1.06215380,0.43559571,-0.33283784,173,2021,0.28279000,2022,-0.18309715,39924.31580107,2.79470211,0.12473889,0.00006987,,,,,,,,,,,,,0.99350963,0.98117476
ROT SPY+EFA+EEM+AGG top1 13612W can SPY+EFA+EEM+AGG/1 fb best(LQD+IEF+SHY),sens,sens_2020-01-03,2020-01-03,2025-01-03,false,true,"{""*"": 6, ""ACWX"": 3, ""AGG"": 1, ""BIL"": 1, ""BND"": 1.5, ""BTAL"": 6, ""DBC"": 3, ""DBMF"": 3, ""EEM"": 1, ""EFA"": 1, ""IEF"": 1, ""IWM"": 1, ""KMLM"": 6, ""LQD"": 1.5, ""QQQ"": 1, ""SCZ"": 5, ""SHY"": 1, ""SPY"": 0.7, ""TIP"": 2, ""TLT"": 1, ""TQQQ"": 1.5, ""VEA"": 1.5, ""VEU"": 2, ""VNQ"": 1.5, ""VTI"": 1, ""VWO"": 2}",0.03000000,tests/data/2026-08-24-net15,13612W,0.00227244,0.01197090,0.00234862,0.01205479,40647.65150367,40000.00000000,647.65150367,0.01619129,0.01516427,0.00517322,0.19965539,0.10119239,0.27648804,0.07503213,-0.20210364,,2020,0.14675801,2022,-0.12086464,2256051.62548771,240.68987511,8.78160159,0.00601725,0.00000000,0.00000000,0.09824870,0.00000000,0.06551004,0.00000000,0.06533721,0.00000000,0.19619694,0.00000000,0.42562129,0.00000000,0.14673720,0.00000000
ROT SPY+EFA+EEM+AGG top1 1-3-6-12U can SPY+EFA+EEM+AGG/1 fb best(LQD+IEF+SHY),sens,sens_2020-01-03,2020-01-03,2025-01-03,false,true,"{""*"": 6, ""ACWX"": 3, ""AGG"": 1, ""BIL"": 1, ""BND"": 1.5, ""BTAL"": 6, ""DBC"": 3, ""DBMF"": 3, ""EEM"": 1, ""EFA"": 1, ""IEF"": 1, ""IWM"": 1, ""KMLM"": 6, ""LQD"": 1.5, ""QQQ"": 1, ""SCZ"": 5, ""SHY"": 1, ""SPY"": 0.7, ""TIP"": 2, ""TLT"": 1, ""TQQQ"": 1.5, ""VEA"": 1.5, ""VEU"": 2, ""VNQ"": 1.5, ""VTI"": 1, ""VWO"": 2}",0.03000000,tests/data/2026-08-24-net15,1-3-6-12U,0.00361040,0.01731009,0.00365683,0.01741768,47543.46477398,40000.00000000,7543.46477398,0.18858662,0.06137858,0.05583074,0.64614421,0.10016138,0.89666106,0.37904332,-0.16193024,1335,2020,0.19104184,2022,-0.04055515,1372029.22377051,145.80372221,4.99407272,0.00364509,0.00000000,0.00000000,0.06546501,0.00000000,0.03274537,0.00000000,0.06528355,0.00000000,0.16348962,0.00000000,0.39290439,0.00000000,0.27645522,0.00000000
SPY25/EFA25/EEM25/AGG25,sens,sens_2020-01-03,2020-01-03,2025-01-03,true,true,"{""*"": 6, ""ACWX"": 3, ""AGG"": 1, ""BIL"": 1, ""BND"": 1.5, ""BTAL"": 6, ""DBC"": 3, ""DBMF"": 3, ""EEM"": 1, ""EFA"": 1, ""IEF"": 1, ""IWM"": 1, ""KMLM"": 6, ""LQD"": 1.5, ""QQQ"": 1, ""SCZ"": 5, ""SHY"": 1, ""SPY"": 0.7, ""TIP"": 2, ""TLT"": 1, ""TQQQ"": 1.5, ""VEA"": 1.5, ""VEU"": 2, ""VNQ"": 1.5, ""VTI"": 1, ""VWO"": 2}",0.03000000,tests/data/2026-08-24-net15,,0.01221578,0.02760406,0.00798859,0.01928769,47111.90521714,40000.00000000,7111.90521714,0.17779763,0.04811885,0.05287237,0.39035753,0.14939296,0.53398097,0.19112550,-0.25176572,202,2023,0.14162835,2022,-0.16237865,48147.89346663,4.48266692,0.17783868,0.00011207,0.24794961,0.24119013,0.24904193,0.24682421,0.24856835,0.24566151,,,,,,,0.24222234,0.23071231
SPY60/AGG40,sens,sens_2020-01-03,2020-01-03,2025-01-03,true,true,"{""*"": 6, ""ACWX"": 3, ""AGG"": 1, ""BIL"": 1, ""BND"": 1.5, ""BTAL"": 6, ""DBC"": 3, ""DBMF"": 3, ""EEM"": 1, ""EFA"": 1, ""IEF"": 1, ""IWM"": 1, ""KMLM"": 6, ""LQD"": 1.5, ""QQQ"": 1, ""SCZ"": 5, ""SHY"": 1, ""SPY"": 0.7, ""TIP"": 2, ""TLT"": 1, ""TQQQ"": 1.5, ""VEA"": 1.5, ""VEU"": 2, ""VNQ"": 1.5, ""VTI"": 1, ""VWO"": 2}",0.03000000,tests/data/2026-08-24-net15,,0.00986255,0.02788896,0.00779473,0.02106979,52509.06164741,40000.00000000,12509.06164741,0.31272654,0.08248210,0.08816161,0.67310718,0.13073944,0.93076392,0.38498343,-0.21424843,152,2023,0.17160538,2022,-0.15904588,45276.59834925,3.86019059,0.15857379,0.00009650,0.39775636,0.39088242,,,,,,,,,,,0.59237943,0.57893021
SPY benchmark,sens,sens_2020-01-03,2020-01-03,2025-01-03,true,true,"{""*"": 6, ""ACWX"": 3, ""AGG"": 1, ""BIL"": 1, ""BND"": 1.5, ""BTAL"": 6, ""DBC"": 3, ""DBMF"": 3, ""EEM"": 1, ""EFA"": 1, ""IEF"": 1, ""IWM"": 1, ""KMLM"": 6, ""LQD"": 1.5, ""QQQ"": 1, ""SCZ"": 5, ""SHY"": 1, ""SPY"": 0.7, ""TIP"": 2, ""TLT"": 1, ""TQQQ"": 1.5, ""VEA"": 1.5, ""VEU"": 2, ""VNQ"": 1.5, ""VTI"": 1, ""VWO"": 2}",0.03000000,tests/data/2026-08-24-net15,,0.00727444,0.01837760,0.00727567,0.01837842,64098.60236288,40000.00000000,24098.60236288,0.60246506,0.14320158,0.15373261,0.74743375,0.20874618,1.04471353,0.42536576,-0.33665516,173,2021,0.28286123,2022,-0.18106724,39528.67319861,2.76700712,0.12301764,0.00006918,,,,,,,,,,,,,0.99272433,0.98162158
ROT SPY+EFA+EEM+AGG top1 13612W can SPY+EFA+EEM+AGG/1 fb best(LQD+IEF+SHY),sens,sens_2020-07-06,2020-07-06,2025-07-03,false,true,"{""*"": 6, ""ACWX"": 3, ""AGG"": 1, ""BIL"": 1, ""BND"": 1.5, ""BTAL"": 6, ""DBC"": 3, ""DBMF"": 3, ""EEM"": 1, ""EFA"": 1, ""IEF"": 1, ""IWM"": 1, ""KMLM"": 6, ""LQD"": 1.5, ""QQQ"": 1, ""SCZ"": 5, ""SHY"": 1, ""SPY"": 0.7, ""TIP"": 2, ""TLT"": 1, ""TQQQ"": 1.5, ""VEA"": 1.5, ""VEU"": 2, ""VNQ"": 1.5, ""VTI"": 1, ""VWO"": 2}",0.03000000,tests/data/2026-08-24-net15,13612W,0.00315805,0.02322278,0.00323208,0.02330472,39723.84837707,40000.00000000,-276.15162293,-0.00690379,-0.00029118,-0.00223483,0.04465481,0.09532212,0.06084683,-0.00144060,-0.20212423,,2023,0.05702533,2022,-0.12088197,2193491.07659868,228.02890547,8.97510483,0.00570072,0.00000000,0.00000000,0.09823624,0.00000000,0.08179049,0.00000000,0.04906156,0.00000000,0.16354273,0.00000000,0.44175173,0.00000000,0.16238517,0.00000000
ROT SPY+EFA+EEM+AGG top1 1-3-6-12U can SPY+EFA+EEM+AGG/1 fb best(LQD+IEF+SHY),sens,sens_2020-07-06,2020-07-06,2025-07-03,false,true,"{""*"": 6, ""ACWX"": 3, ""AGG"": 1, ""BIL"": 1, ""BND"": 1.5, ""BTAL"": 6, ""DBC"": 3, ""DBMF"": 3, ""EEM"": 1, ""EFA"": 1, ""IEF"": 1, ""IWM"": 1, ""KMLM"": 6, ""LQD"": 1.5, ""QQQ"": 1, ""SCZ"": 5, ""SHY"": 1, ""SPY"": 0.7, ""TIP"": 2, ""TLT"": 1, ""TQQQ"": 1.5, ""VEA"": 1.5, ""VEU"": 2, ""VNQ"": 1.5, ""VTI"": 1, ""VWO"": 2}",0.03000000,tests/data/2026-08-24-net15,1-3-6-12U,0.00426345,0.02445349,0.00431063,0.02448763,46642.03877872,40000.00000000,6642.03877872,0.16605097,0.04953339,0.04972089,0.52744000,0.10169214,0.72390144,0.30736520,-0.16115486,1335,2024,0.11125163,2022,-0.04056926,1444673.38043253,148.65350973,5.44228972,0.00371634,0.00000000,0.00000000,0.08183313,0.00000000,0.06549672,0.00000000,0.00000000,0.00000000,0.14712000,0.00000000,0.40915372,0.00000000,0.29208579,0.00000000
SPY25/EFA25/EEM25/AGG25,sens,sens_2020-07-06,2020-07-06,2025-07-03,true,true,"{""*"": 6, ""ACWX"": 3, ""AGG"": 1, ""BIL"": 1, ""BND"": 1.5, ""BTAL"": 6, ""DBC"": 3, ""DBMF"": 3, ""EEM"": 1, ""EFA"": 1, ""IEF"": 1, ""IWM"": 1, ""KMLM"": 6, ""LQD"": 1.5, ""QQQ"": 1, ""SCZ"": 5, ""SHY"": 1, ""SPY"": 0.7, ""TIP"": 2, ""TLT"": 1, ""TQQQ"": 1.5, ""VEA"": 1.5, ""VEU"": 2, ""VNQ"": 1.5, ""VTI"": 1, ""VWO"": 2}",0.03000000,tests/data/2026-08-24-net15,,0.01312572,0.03438583,0.00860016,0.02258520,51285.17167709,40000.00000000,11285.17167709,0.28212929,0.07368122,0.08062946,0.64383992,0.12226556,0.93802147,0.29808364,-0.24718304,981,2023,0.14166138,2022,-0.16074464,48779.92176369,4.51549803,0.17847711,0.00011289,0.24758741,0.24203279,0.24902343,0.24677906,0.24859480,0.24614766,,,,,,,0.24166673,0.22741480
SPY60/AGG40,sens,sens_2020-07-06,2020-07-06,2025-07-03,true,true,"{""*"": 6, ""ACWX"": 3, ""AGG"": 1, ""BIL"": 1, ""BND"": 1.5, ""BTAL"": 6, ""DBC"": 3, ""DBMF"": 3, ""EEM"": 1, ""EFA"": 1, ""IEF"": 1, ""IWM"": 1, ""KMLM"": 6, ""LQD"": 1.5, ""QQQ"": 1, ""SCZ"": 5, ""SHY"": 1, ""SPY"": 0.7, ""TIP"": 2, ""TLT"": 1, ""TQQQ"": 1.5, ""VEA"": 1.5, ""VEU"": 2, ""VNQ"": 1.5, ""VTI"": 1, ""VWO"": 2}",0.03000000,tests/data/2026-08-24-net15,,0.01097165,0.02906373,0.00887860,0.02262525,53010.56847801,40000.00000000,13010.56847801,0.32526421,0.08817886,0.09144864,0.82053760,0.11068371,1.18616968,0.42688929,-0.20656142,767,2023,0.16971169,2022,-0.15846502,46413.13418285,3.93838895,0.16266755,0.00009846,0.39773029,0.39190373,,,,,,,,,,,0.59129641,0.57737475
SPY benchmark,sens,sens_2020-07-06,2020-07-06,2025-07-03,true,true,"{""*"": 6, ""ACWX"": 3, ""AGG"": 1, ""BIL"": 1, ""BND"": 1.5, ""BTAL"": 6, ""DBC"": 3, ""DBMF"": 3, ""EEM"": 1, ""EFA"": 1, ""IEF"": 1, ""IWM"": 1, ""KMLM"": 6, ""LQD"": 1.5, ""QQQ"": 1, ""SCZ"": 5, ""SHY"": 1, ""SPY"": 0.7, ""TIP"": 2, ""TLT"": 1, ""TQQQ"": 1.5, ""VEA"": 1.5, ""VEU"": 2, ""VNQ"": 1.5, ""VTI"": 1, ""VWO"": 2}",0.03000000,tests/data/2026-08-24-net15,,0.00821265,0.02579172,0.00821385,0.02579267,64485.81743768,40000.00000000,24485.81743768,0.61214544,0.15825162,0.15604504,0.93254437,0.17415177,1.35268846,0.64639103,-0.24482335,709,2021,0.28090630,2022,-0.18316873,39974.71195154,2.79822984,0.12245502,0.00006996,,,,,,,,,,,,,0.99178615,0.97420733
ROT SPY+EFA+EEM+AGG top1 13612W can SPY+EFA+EEM+AGG/1 fb best(LQD+IEF+SHY),sens,sens_2021-01-04,2021-01-04,2026-01-02,false,true,"{""*"": 6, ""ACWX"": 3, ""AGG"": 1, ""BIL"": 1, ""BND"": 1.5, ""BTAL"": 6, ""DBC"": 3, ""DBMF"": 3, ""EEM"": 1, ""EFA"": 1, ""IEF"": 1, ""IWM"": 1, ""KMLM"": 6, ""LQD"": 1.5, ""QQQ"": 1, ""SCZ"": 5, ""SHY"": 1, ""SPY"": 0.7, ""TIP"": 2, ""TLT"": 1, ""TQQQ"": 1.5, ""VEA"": 1.5, ""VEU"": 2, ""VNQ"": 1.5, ""VTI"": 1, ""VWO"": 2}",0.03000000,tests/data/2026-08-24-net15,13612W,0.00330219,0.02416464,0.00337138,0.02427098,45174.67455964,40000.00000000,5174.67455964,0.12936686,0.01722847,0.03932532,0.23259759,0.09174629,0.32411198,0.08559192,-0.20128617,1621,2025,0.13400657,2022,-0.12078760,1951708.81744151,200.54039602,8.09946784,0.00501351,0.00000000,0.00000000,0.13104115,0.00000000,0.06543799,0.00000000,0.04908963,0.00000000,0.16347059,0.00000000,0.42538667,0.00000000,0.16220258,0.00000000
ROT SPY+EFA+EEM+AGG top1 1-3-6-12U can SPY+EFA+EEM+AGG/1 fb best(LQD+IEF+SHY),sens,sens_2021-01-04,2021-01-04,2026-01-02,false,true,"{""*"": 6, ""ACWX"": 3, ""AGG"": 1, ""BIL"": 1, ""BND"": 1.5, ""BTAL"": 6, ""DBC"": 3, ""DBMF"": 3, ""EEM"": 1, ""EFA"": 1, ""IEF"": 1, ""IWM"": 1, ""KMLM"": 6, ""LQD"": 1.5, ""QQQ"": 1, ""SCZ"": 5, ""SHY"": 1, ""SPY"": 0.7, ""TIP"": 2, ""TLT"": 1, ""TQQQ"": 1.5, ""VEA"": 1.5, ""VEU"": 2, ""VNQ"": 1.5, ""VTI"": 1, ""VWO"": 2}",0.03000000,tests/data/2026-08-24-net15,1-3-6-12U,0.00403359,0.02811864,0.00407459,0.02822493,51891.52980884,40000.00000000,11891.52980884,0.29728825,0.06001946,0.08442448,0.64956199,0.09727972,0.91458678,0.37066530,-0.16192359,1335,2025,0.15784424,2022,-0.04046620,1153544.10879502,118.30426630,4.42952455,0.00295761,0.00000000,0.00000000,0.14740279,0.00000000,0.06548844,0.00000000,0.00000000,0.00000000,0.13075645,0.00000000,0.40895761,0.00000000,0.24332012,0.00000000
SPY25/EFA25/EEM25/AGG25,sens,sens_2021-01-04,2021-01-04,2026-01-02,true,true,"{""*"": 6, ""ACWX"": 3, ""AGG"": 1, ""BIL"": 1, ""BND"": 1.5, ""BTAL"": 6, ""DBC"": 3, ""DBMF"": 3, ""EEM"": 1, ""EFA"": 1, ""IEF"": 1, ""IWM"": 1, ""KMLM"": 6, ""LQD"": 1.5, ""QQQ"": 1, ""SCZ"": 5, ""SHY"": 1, ""SPY"": 0.7, ""TIP"": 2, ""TLT"": 1, ""TQQQ"": 1.5, ""VEA"": 1.5, ""VEU"": 2, ""VNQ"": 1.5, ""VTI"": 1, ""VWO"": 2}",0.03000000,tests/data/2026-08-24-net15,,0.01410007,0.03987204,0.00994362,0.03072112,52992.89618223,40000.00000000,12992.89618223,0.32482240,0.06508388,0.09129019,0.58702856,0.11994954,0.85389074,0.26219424,-0.24822773,919,2025,0.21646466,2022,-0.16133442,43114.67035678,4.07599829,0.16133351,0.00010190,0.24788884,0.24084578,0.24918981,0.24665693,0.24862062,0.24543706,,,,,,,0.24019882,0.21927888
SPY60/AGG40,sens,sens_2021-01-04,2021-01-04,2026-01-02,true,true,"{""*"": 6, ""ACWX"": 3, ""AGG"": 1, ""BIL"": 1, ""BND"": 1.5, ""BTAL"": 6, ""DBC"": 3, ""DBMF"": 3, ""EEM"": 1, ""EFA"": 1, ""IEF"": 1, ""IWM"": 1, ""KMLM"": 6, ""LQD"": 1.5, ""QQQ"": 1, ""SCZ"": 5, ""SHY"": 1, ""SPY"": 0.7, ""TIP"": 2, ""TLT"": 1, ""TQQQ"": 1.5, ""VEA"": 1.5, ""VEU"": 2, ""VNQ"": 1.5, ""VTI"": 1, ""VWO"": 2}",0.03000000,tests/data/2026-08-24-net15,,0.01096804,0.03032946,0.00907862,0.02531786,53815.77611475,40000.00000000,13815.77611475,0.34539440,0.08252479,0.09633340,0.78970122,0.10808691,1.14512544,0.39946080,-0.20659047,766,2023,0.17086887,2022,-0.15808312,43450.57980436,3.70793147,0.15371600,0.00009270,0.39790823,0.39339721,,,,,,,,,,,0.59112211,0.57468214
SPY benchmark,sens,sens_2021-01-04,2021-01-04,2026-01-02,true,true,"{""*"": 6, ""ACWX"": 3, ""AGG"": 1, ""BIL"": 1, ""BND"": 1.5, ""BTAL"": 6, ""DBC"": 3, ""DBMF"": 3, ""EEM"": 1, ""EFA"": 1, ""IEF"": 1, ""IWM"": 1, ""KMLM"": 6, ""LQD"": 1.5, ""QQQ"": 1, ""SCZ"": 5, ""SHY"": 1, ""SPY"": 0.7, ""TIP"": 2, ""TLT"": 1, ""TQQQ"": 1.5, ""VEA"": 1.5, ""VEU"": 2, ""VNQ"": 1.5, ""VTI"": 1, ""VWO"": 2}",0.03000000,tests/data/2026-08-24-net15,,0.00949653,0.03041091,0.00949777,0.03044485,64333.39602357,40000.00000000,24333.39602357,0.60833490,0.14397790,0.15517280,0.88099039,0.16937800,1.28001830,0.59534032,-0.24184134,709,2021,0.29776361,2022,-0.18015495,39631.06851642,2.77417480,0.12464179,0.00006935,,,,,,,,,,,,,0.99050223,0.96955515
ROT SPY+EFA+EEM+AGG top1 13612W can SPY+EFA+EEM+AGG/1 fb best(LQD+IEF+SHY),sens,sens_2021-07-06,2021-07-06,2026-07-02,false,true,"{""*"": 6, ""ACWX"": 3, ""AGG"": 1, ""BIL"": 1, ""BND"": 1.5, ""BTAL"": 6, ""DBC"": 3, ""DBMF"": 3, ""EEM"": 1, ""EFA"": 1, ""IEF"": 1, ""IWM"": 1, ""KMLM"": 6, ""LQD"": 1.5, ""QQQ"": 1, ""SCZ"": 5, ""SHY"": 1, ""SPY"": 0.7, ""TIP"": 2, ""TLT"": 1, ""TQQQ"": 1.5, ""VEA"": 1.5, ""VEU"": 2, ""VNQ"": 1.5, ""VTI"": 1, ""VWO"": 2}",0.03000000,tests/data/2026-08-24-net15,13612W,0.00353385,0.03834302,0.00360050,0.03844788,46091.99172427,40000.00000000,6091.99172427,0.15229979,0.01339765,0.04591443,0.17062076,0.12215626,0.23252658,0.06676674,-0.20066354,1621,2025,0.13391413,2022,-0.12076327,1810140.30816912,183.99852616,7.43051511,0.00459996,0.00000000,0.00000000,0.19654837,0.00000000,0.06544523,0.00000000,0.04906016,0.00000000,0.13070427,0.00000000,0.39257117,0.00000000,0.16207031,0.00000000
ROT SPY+EFA+EEM+AGG top1 1-3-6-12U can SPY+EFA+EEM+AGG/1 fb best(LQD+IEF+SHY),sens,sens_2021-07-06,2021-07-06,2026-07-02,false,true,"{""*"": 6, ""ACWX"": 3, ""AGG"": 1, ""BIL"": 1, ""BND"": 1.5, ""BTAL"": 6, ""DBC"": 3, ""DBMF"": 3, ""EEM"": 1, ""EFA"": 1, ""IEF"": 1, ""IWM"": 1, ""KMLM"": 6, ""LQD"": 1.5, ""QQQ"": 1, ""SCZ"": 5, ""SHY"": 1, ""SPY"": 0.7, ""TIP"": 2, ""TLT"": 1, ""TQQQ"": 1.5, ""VEA"": 1.5, ""VEU"": 2, ""VNQ"": 1.5, ""VTI"": 1, ""VWO"": 2}",0.03000000,tests/data/2026-08-24-net15,1-3-6-12U,0.00433156,0.02673849,0.00436533,0.02673980,58805.57817113,40000.00000000,18805.57817113,0.47013945,0.08563598,0.12565120,0.70431927,0.12887372,0.99681408,0.61958096,-0.13821596,1113,2026,0.20604859,2022,-0.04049917,930031.59237752,94.08292391,3.43462509,0.00235207,0.00000000,0.00000000,0.21298056,0.00000000,0.06543962,0.00000000,0.00000000,0.00000000,0.11417463,0.00000000,0.35981392,0.00000000,0.24322595,0.00000000
SPY25/EFA25/EEM25/AGG25,sens,sens_2021-07-06,2021-07-06,2026-07-02,true,true,"{""*"": 6, ""ACWX"": 3, ""AGG"": 1, ""BIL"": 1, ""BND"": 1.5, ""BTAL"": 6, ""DBC"": 3, ""DBMF"": 3, ""EEM"": 1, ""EFA"": 1, ""IEF"": 1, ""IWM"": 1, ""KMLM"": 6, ""LQD"": 1.5, ""QQQ"": 1, ""SCZ"": 5, ""SHY"": 1, ""SPY"": 0.7, ""TIP"": 2, ""TLT"": 1, ""TQQQ"": 1.5, ""VEA"": 1.5, ""VEU"": 2, ""VNQ"": 1.5, ""VTI"": 1, ""VWO"": 2}",0.03000000,tests/data/2026-08-24-net15,,0.01593139,0.04081091,0.01127262,0.03371115,55600.29368757,40000.00000000,15600.29368757,0.39000734,0.06954906,0.10719075,0.60427262,0.12443021,0.88299707,0.28176987,-0.24682930,980,2025,0.21563783,2022,-0.15876874,46202.75912239,4.37500489,0.16923975,0.00010938,0.24776824,0.24189977,0.24900888,0.24677234,0.24838311,0.24522244,,,,,,,0.23890646,0.21628885
SPY60/AGG40,sens,sens_2021-07-06,2021-07-06,2026-07-02,true,true,"{""*"": 6, ""ACWX"": 3, ""AGG"": 1, ""BIL"": 1, ""BND"": 1.5, ""BTAL"": 6, ""DBC"": 3, ""DBMF"": 3, ""EEM"": 1, ""EFA"": 1, ""IEF"": 1, ""IWM"": 1, ""KMLM"": 6, ""LQD"": 1.5, ""QQQ"": 1, ""SCZ"": 5, ""SHY"": 1, ""SPY"": 0.7, ""TIP"": 2, ""TLT"": 1, ""TQQQ"": 1.5, ""VEA"": 1.5, ""VEU"": 2, ""VNQ"": 1.5, ""VTI"": 1, ""VWO"": 2}",0.03000000,tests/data/2026-08-24-net15,,0.01229649,0.03782481,0.01040825,0.03277638,54039.70397190,40000.00000000,14039.70397190,0.35099260,0.07391471,0.09784214,0.71413334,0.10840646,1.03469274,0.35691905,-0.20709096,767,2023,0.16989866,2022,-0.15828781,43937.69966761,3.73949684,0.15658082,0.00009349,0.39806049,0.39237134,,,,,,,,,,,0.58964139,0.56722362
SPY benchmark,sens,sens_2021-07-06,2021-07-06,2026-07-02,true,true,"{""*"": 6, ""ACWX"": 3, ""AGG"": 1, ""BIL"": 1, ""BND"": 1.5, ""BTAL"": 6, ""DBC"": 3, ""DBMF"": 3, ""EEM"": 1, ""EFA"": 1, ""IEF"": 1, ""IWM"": 1, ""KMLM"": 6, ""LQD"": 1.5, ""QQQ"": 1, ""SCZ"": 5, ""SHY"": 1, ""SPY"": 0.7, ""TIP"": 2, ""TLT"": 1, ""TQQQ"": 1.5, ""VEA"": 1.5, ""VEU"": 2, ""VNQ"": 1.5, ""VTI"": 1, ""VWO"": 2}",0.03000000,tests/data/2026-08-24-net15,,0.00910463,0.03059232,0.00910591,0.03059363,64552.97874649,40000.00000000,24552.97874649,0.61382447,0.12809162,0.15654165,0.79552364,0.17018478,1.15423208,0.52709183,-0.24301576,709,2023,0.25758100,2022,-0.18012880,39530.83900651,2.76715873,0.12694097,0.00006918,,,,,,,,,,,,,0.99089409,0.96940637
