label,kind,window,start,end,is_baseline,feasible,cost_bps,cash_yield,data_dir,params.gate,avg_misallocation,max_misallocation,avg_asset_deviation,max_asset_deviation,final_value,total_contributed,net_profit,net_profit_pct,cagr,xirr,sharpe,volatility,sortino,calmar,max_drawdown,max_drawdown_days,best_year,best_year_return,worst_year,worst_year_return,traded_value,total_fees,turnover,fee_drag,exposure.BIL.avg,exposure.BIL.min,exposure.SPY.avg,exposure.SPY.min,exposure.TQQQ.avg,exposure.TQQQ.min
VT TQQQ/BIL t20 w0-80 QQQ:VOL_EWMA80,full,full,2000-01-03,2011-12-30,false,false,"{""*"": 6, ""BIL"": 0.5, ""BTAL"": 6, ""DBMF"": 2.5, ""KMLM"": 6, ""QQQ"": 1, ""SPY"": 0.7, ""TQQQ"": 1.5}",0.03000000,tests/data/2026-08-24-syn-net15,,0.00132751,0.01035393,0.00123552,0.00734422,125163.46338286,81500.00000000,43663.46338286,0.53574802,0.00627550,0.06174439,0.14119454,0.22662780,0.19510095,0.01033090,-0.60744961,3877,2009,0.43055678,2008,-0.31920831,1745990.93135711,174.50954576,1.47561743,0.00214122,0.65387846,0.19901312,,,0.34478358,0.07854543
VT TQQQ/BIL t20 w0-80 QQQ:VOL_EWMA80 gate QQQ<SMA200,full,full,2000-01-03,2011-12-30,false,true,"{""*"": 6, ""BIL"": 0.5, ""BTAL"": 6, ""DBMF"": 2.5, ""KMLM"": 6, ""QQQ"": 1, ""SPY"": 0.7, ""TQQQ"": 1.5}",0.03000000,tests/data/2026-08-24-syn-net15,QQQ<SMA200,0.04700040,0.41196349,0.04690848,0.41196375,127225.21052806,81500.00000000,45725.21052806,0.56104553,0.03750850,0.06403262,0.28679835,0.19510401,0.39414887,0.10460356,-0.35857770,896,2009,0.35719988,2008,-0.29129489,1778999.10843380,176.33958127,1.35540237,0.00216368,0.70021999,0.19959144,,,0.29854830,0.00015691
VT TQQQ/BIL t20 w0-80 QQQ:VOL_EWMA80 gate QQQ<SMA10M,full,full,2000-01-03,2011-12-30,false,true,"{""*"": 6, ""BIL"": 0.5, ""BTAL"": 6, ""DBMF"": 2.5, ""KMLM"": 6, ""QQQ"": 1, ""SPY"": 0.7, ""TQQQ"": 1.5}",0.03000000,tests/data/2026-08-24-syn-net15,QQQ<SMA10M,0.04715926,0.41195809,0.04706727,0.41195835,127415.62702393,81500.00000000,45915.62702393,0.56338193,0.03774067,0.06424189,0.28799324,0.19500545,0.39581826,0.10525207,-0.35857411,896,2009,0.35719527,2008,-0.29129006,1779908.43696776,176.36593458,1.35412288,0.00216400,0.70040812,0.19958159,,,0.29838160,0.00015691
SPY benchmark,full,full,2000-01-03,2011-12-30,true,true,"{""*"": 6, ""BIL"": 0.5, ""BTAL"": 6, ""DBMF"": 2.5, ""KMLM"": 6, ""QQQ"": 1, ""SPY"": 0.7, ""TQQQ"": 1.5}",0.03000000,tests/data/2026-08-24-syn-net15,,0.00136770,0.00828507,0.00136848,0.00828626,96152.62479824,81500.00000000,14652.62479824,0.17978681,0.00306235,0.02421908,0.12407263,0.22078484,0.17570451,0.00553231,-0.55353848,,2003,0.27835875,2008,-0.36995912,81465.60761152,5.70259253,0.07067246,0.00006997,,,0.99863152,0.99171374,,
VT TQQQ/BIL t20 w0-80 QQQ:VOL_EWMA80,fit,fit,2000-01-03,2007-12-31,false,false,"{""*"": 6, ""BIL"": 0.5, ""BTAL"": 6, ""DBMF"": 2.5, ""KMLM"": 6, ""QQQ"": 1, ""SPY"": 0.7, ""TQQQ"": 1.5}",0.03000000,tests/data/2026-08-24-syn-net15,,0.00174224,0.01035393,0.00159936,0.00734422,71319.28341041,57500.00000000,13819.28341041,0.24033536,-0.02247578,0.04545835,0.01119761,0.22485033,0.01556178,-0.03700023,-0.60744961,,2003,0.31423113,2002,-0.23634135,691498.50524254,68.84280542,1.42590685,0.00119727,0.65923667,0.19901312,,,0.33901129,0.07854543
VT TQQQ/BIL t20 w0-80 QQQ:VOL_EWMA80 gate QQQ<SMA200,fit,fit,2000-01-03,2007-12-31,false,true,"{""*"": 6, ""BIL"": 0.5, ""BTAL"": 6, ""DBMF"": 2.5, ""KMLM"": 6, ""QQQ"": 1, ""SPY"": 0.7, ""TQQQ"": 1.5}",0.03000000,tests/data/2026-08-24-syn-net15,QQQ<SMA200,0.05669814,0.41196349,0.05655545,0.41196375,77589.27069311,57500.00000000,20089.27069311,0.34937862,0.02948696,0.06307501,0.24952946,0.18683718,0.34587885,0.10802362,-0.27296775,1382,2003,0.30053845,2000,-0.20785369,740479.94616028,72.71051329,1.28456319,0.00126453,0.71510193,0.19990104,,,0.28329934,0.00015691
VT TQQQ/BIL t20 w0-80 QQQ:VOL_EWMA80 gate QQQ<SMA10M,fit,fit,2000-01-03,2007-12-31,false,true,"{""*"": 6, ""BIL"": 0.5, ""BTAL"": 6, ""DBMF"": 2.5, ""KMLM"": 6, ""QQQ"": 1, ""SPY"": 0.7, ""TQQQ"": 1.5}",0.03000000,tests/data/2026-08-24-syn-net15,QQQ<SMA10M,0.05696305,0.41195809,0.05682044,0.41195835,77743.77957188,57500.00000000,20243.77957188,0.35206573,0.02983252,0.06349002,0.25138335,0.18668269,0.34849355,0.10928953,-0.27296775,1382,2003,0.30053845,2000,-0.20785369,739415.36954323,72.55492779,1.28118161,0.00126182,0.71535474,0.19990104,,,0.28304922,0.00015691
SPY benchmark,fit,fit,2000-01-03,2007-12-31,true,true,"{""*"": 6, ""BIL"": 0.5, ""BTAL"": 6, ""DBMF"": 2.5, ""KMLM"": 6, ""QQQ"": 1, ""SPY"": 0.7, ""TQQQ"": 1.5}",0.03000000,tests/data/2026-08-24-syn-net15,,0.00175261,0.00828507,0.00175365,0.00828626,73776.85826832,57500.00000000,16276.85826832,0.28307580,0.01455078,0.05255066,0.17031551,0.17969735,0.24263534,0.03053635,-0.47650690,2434,2003,0.27835875,2002,-0.21727675,57482.73411406,4.02379139,0.10160501,0.00006998,,,0.99824635,0.99171374,,
VT TQQQ/BIL t20 w0-80 QQQ:VOL_EWMA80,test,test,2008-01-02,2011-12-30,false,false,"{""*"": 6, ""BIL"": 0.5, ""BTAL"": 6, ""DBMF"": 2.5, ""KMLM"": 6, ""QQQ"": 1, ""SPY"": 0.7, ""TQQQ"": 1.5}",0.03000000,tests/data/2026-08-24-syn-net15,,0.00152801,0.00625146,0.00153125,0.00623036,45527.08620012,33500.00000000,12027.08620012,0.35901750,0.07200138,0.12068734,0.41717859,0.22990305,0.57107471,0.19477739,-0.36965985,725,2009,0.43058099,2008,-0.30490471,329115.28645651,32.93173929,1.61299254,0.00098304,0.64264191,0.19826631,,,0.35581769,0.09566016
VT TQQQ/BIL t20 w0-80 QQQ:VOL_EWMA80 gate QQQ<SMA200,test,test,2008-01-02,2011-12-30,false,true,"{""*"": 6, ""BIL"": 0.5, ""BTAL"": 6, ""DBMF"": 2.5, ""KMLM"": 6, ""QQQ"": 1, ""SPY"": 0.7, ""TQQQ"": 1.5}",0.03000000,tests/data/2026-08-24-syn-net15,QQQ<SMA200,0.03254380,0.23451541,0.03255054,0.23451632,43322.61647729,33500.00000000,9822.61647729,0.29321243,0.05641784,0.10079778,0.36780736,0.20795280,0.49866349,0.18771366,-0.30055268,805,2009,0.35388155,2008,-0.28057268,315072.42252586,31.06960251,1.58542703,0.00092745,0.67338905,0.19765407,,,0.32445654,0.02262314
VT TQQQ/BIL t20 w0-80 QQQ:VOL_EWMA80 gate QQQ<SMA10M,test,test,2008-01-02,2011-12-30,false,true,"{""*"": 6, ""BIL"": 0.5, ""BTAL"": 6, ""DBMF"": 2.5, ""KMLM"": 6, ""QQQ"": 1, ""SPY"": 0.7, ""TQQQ"": 1.5}",0.03000000,tests/data/2026-08-24-syn-net15,QQQ<SMA10M,0.03254380,0.23451541,0.03255054,0.23451632,43322.61647729,33500.00000000,9822.61647729,0.29321243,0.05641784,0.10079778,0.36780736,0.20795280,0.49866349,0.18771366,-0.30055268,805,2009,0.35388155,2008,-0.28057268,315072.42252586,31.06960251,1.58542703,0.00092745,0.67338905,0.19765407,,,0.32445654,0.02262314
SPY benchmark,test,test,2008-01-02,2011-12-30,true,true,"{""*"": 6, ""BIL"": 0.5, ""BTAL"": 6, ""DBMF"": 2.5, ""KMLM"": 6, ""QQQ"": 1, ""SPY"": 0.7, ""TQQQ"": 1.5}",0.03000000,tests/data/2026-08-24-syn-net15,,0.00277663,0.00938381,0.00277834,0.00938525,36817.08673603,33500.00000000,3317.08673603,0.09901751,-0.01734723,0.03659655,0.08076275,0.28487761,0.11385183,-0.03339980,-0.51938125,,2009,0.25821235,2008,-0.36365932,33448.21086335,2.34137476,0.19826917,0.00006989,,,0.99722166,0.99061475,,
VT TQQQ/BIL t20 w0-80 QQQ:VOL_EWMA80,sens,sens_2000-01-03,2000-01-03,2003-01-03,false,false,"{""*"": 6, ""BIL"": 0.5, ""BTAL"": 6, ""DBMF"": 2.5, ""KMLM"": 6, ""QQQ"": 1, ""SPY"": 0.7, ""TQQQ"": 1.5}",0.03000000,tests/data/2026-08-24-syn-net15,,0.00299099,0.01035393,0.00260976,0.00734422,18897.76423273,28000.00000000,-9102.23576727,-0.32507985,-0.20414057,-0.18614467,-0.95842220,0.21503888,-1.30223747,-0.33606173,-0.60744961,,2003,0.04872569,2002,-0.23634135,56452.50822022,5.45916031,0.68017827,0.00019497,0.83486360,0.69925616,,,0.16214009,0.07854543
VT TQQQ/BIL t20 w0-80 QQQ:VOL_EWMA80 gate QQQ<SMA200,sens,sens_2000-01-03,2000-01-03,2003-01-03,false,true,"{""*"": 6, ""BIL"": 0.5, ""BTAL"": 6, ""DBMF"": 2.5, ""KMLM"": 6, ""QQQ"": 1, ""SPY"": 0.7, ""TQQQ"": 1.5}",0.03000000,tests/data/2026-08-24-syn-net15,QQQ<SMA200,0.11832128,0.29714857,0.11793898,0.29714909,25500.90646061,28000.00000000,-2499.09353939,-0.08925334,-0.06912953,-0.04582019,-0.60009075,0.10979927,-0.78608774,-0.25976480,-0.26612356,,2002,0.01134301,2000,-0.20785369,34291.60801200,2.31046553,0.34291116,0.00008252,0.95166170,0.72838347,,,0.04539873,0.00015691
VT TQQQ/BIL t20 w0-80 QQQ:VOL_EWMA80 gate QQQ<SMA10M,sens,sens_2000-01-03,2000-01-03,2003-01-03,false,true,"{""*"": 6, ""BIL"": 0.5, ""BTAL"": 6, ""DBMF"": 2.5, ""KMLM"": 6, ""QQQ"": 1, ""SPY"": 0.7, ""TQQQ"": 1.5}",0.03000000,tests/data/2026-08-24-syn-net15,QQQ<SMA10M,0.11832128,0.29714857,0.11793898,0.29714909,25500.90646061,28000.00000000,-2499.09353939,-0.08925334,-0.06912953,-0.04582019,-0.60009075,0.10979927,-0.78608774,-0.25976480,-0.26612356,,2002,0.01134301,2000,-0.20785369,34291.60801200,2.31046553,0.34291116,0.00008252,0.95166170,0.72838347,,,0.04539873,0.00015691
SPY benchmark,sens,sens_2000-01-03,2000-01-03,2003-01-03,true,true,"{""*"": 6, ""BIL"": 0.5, ""BTAL"": 6, ""DBMF"": 2.5, ""KMLM"": 6, ""QQQ"": 1, ""SPY"": 0.7, ""TQQQ"": 1.5}",0.03000000,tests/data/2026-08-24-syn-net15,,0.00281282,0.00828507,0.00281484,0.00828626,20864.14707463,28000.00000000,-7135.85292537,-0.25485189,-0.13354391,-0.14083531,-0.47805108,0.24066300,-0.68039183,-0.28025598,-0.47650690,,2003,0.03528178,2002,-0.21727675,27955.70614933,1.95689943,0.29269665,0.00006989,,,0.99718516,0.99171374,,
VT TQQQ/BIL t20 w0-80 QQQ:VOL_EWMA80,sens,sens_2000-07-03,2000-07-03,2003-07-03,false,false,"{""*"": 6, ""BIL"": 0.5, ""BTAL"": 6, ""DBMF"": 2.5, ""KMLM"": 6, ""QQQ"": 1, ""SPY"": 0.7, ""TQQQ"": 1.5}",0.03000000,tests/data/2026-08-24-syn-net15,,0.00288867,0.00706024,0.00258983,0.00562404,22770.71687758,28000.00000000,-5229.28312242,-0.18676011,-0.16649290,-0.10016014,-0.72425654,0.21934991,-0.99782493,-0.28628164,-0.58157030,,2003,0.16501104,2002,-0.23631297,60417.86111226,5.87479979,0.73603241,0.00020981,0.81280315,0.68230175,,,0.18430244,0.09320901
VT TQQQ/BIL t20 w0-80 QQQ:VOL_EWMA80 gate QQQ<SMA200,sens,sens_2000-07-03,2000-07-03,2003-07-03,false,true,"{""*"": 6, ""BIL"": 0.5, ""BTAL"": 6, ""DBMF"": 2.5, ""KMLM"": 6, ""QQQ"": 1, ""SPY"": 0.7, ""TQQQ"": 1.5}",0.03000000,tests/data/2026-08-24-syn-net15,QQQ<SMA200,0.12324428,0.29717400,0.12319406,0.29717456,30263.73754792,28000.00000000,2263.73754792,0.08084777,-0.00914645,0.03898053,-0.03571196,0.10481163,-0.05004815,-0.04228804,-0.21628932,,2003,0.15286894,2000,-0.17229235,55137.97556008,4.49664815,0.52950897,0.00016059,0.93607694,0.68300534,,,0.06172999,0.00013873
VT TQQQ/BIL t20 w0-80 QQQ:VOL_EWMA80 gate QQQ<SMA10M,sens,sens_2000-07-03,2000-07-03,2003-07-03,false,true,"{""*"": 6, ""BIL"": 0.5, ""BTAL"": 6, ""DBMF"": 2.5, ""KMLM"": 6, ""QQQ"": 1, ""SPY"": 0.7, ""TQQQ"": 1.5}",0.03000000,tests/data/2026-08-24-syn-net15,QQQ<SMA10M,0.12324428,0.29717400,0.12319406,0.29717456,30263.73754792,28000.00000000,2263.73754792,0.08084777,-0.00914645,0.03898053,-0.03571196,0.10481163,-0.05004815,-0.04228804,-0.21628932,,2003,0.15286894,2000,-0.17229235,55137.97556008,4.49664815,0.52950897,0.00016059,0.93607694,0.68300534,,,0.06172999,0.00013873
SPY benchmark,sens,sens_2000-07-03,2000-07-03,2003-07-03,true,true,"{""*"": 6, ""BIL"": 0.5, ""BTAL"": 6, ""DBMF"": 2.5, ""KMLM"": 6, ""QQQ"": 1, ""SPY"": 0.7, ""TQQQ"": 1.5}",0.03000000,tests/data/2026-08-24-syn-net15,,0.00320677,0.00793672,0.00320885,0.00793816,23726.24832174,28000.00000000,-4273.75167826,-0.15263399,-0.11403728,-0.08063056,-0.41194857,0.23076251,-0.58271340,-0.24089529,-0.47338943,,2003,0.12626625,2002,-0.21761855,27960.13318344,1.95720932,0.30622273,0.00006990,,,0.99679115,0.99206184,,
VT TQQQ/BIL t20 w0-80 QQQ:VOL_EWMA80,sens,sens_2001-01-03,2001-01-03,2004-01-02,false,false,"{""*"": 6, ""BIL"": 0.5, ""BTAL"": 6, ""DBMF"": 2.5, ""KMLM"": 6, ""QQQ"": 1, ""SPY"": 0.7, ""TQQQ"": 1.5}",0.03000000,tests/data/2026-08-24-syn-net15,,0.00206183,0.00458222,0.00200996,0.00457489,27944.61378515,28000.00000000,-55.38621485,-0.00197808,-0.07478767,-0.00098307,-0.24055493,0.22216083,-0.33384455,-0.15618924,-0.47882728,,2003,0.31423093,2002,-0.23633146,80907.42783180,7.83227439,0.86694079,0.00027972,0.78041409,0.49514433,,,0.21751766,0.04873190
VT TQQQ/BIL t20 w0-80 QQQ:VOL_EWMA80 gate QQQ<SMA200,sens,sens_2001-01-03,2001-01-03,2004-01-02,false,true,"{""*"": 6, ""BIL"": 0.5, ""BTAL"": 6, ""DBMF"": 2.5, ""KMLM"": 6, ""QQQ"": 1, ""SPY"": 0.7, ""TQQQ"": 1.5}",0.03000000,tests/data/2026-08-24-syn-net15,QQQ<SMA200,0.12249956,0.29735938,0.12250192,0.29735997,36090.16309982,28000.00000000,8090.16309982,0.28893440,0.10513996,0.13014750,0.89095073,0.12102027,1.29491628,1.07269074,-0.09801517,,2003,0.30052833,2004,-0.00422425,83451.81174400,7.30477215,0.68106086,0.00026088,0.90267760,0.49712326,,,0.09539676,0.00000000
VT TQQQ/BIL t20 w0-80 QQQ:VOL_EWMA80 gate QQQ<SMA10M,sens,sens_2001-01-03,2001-01-03,2004-01-02,false,true,"{""*"": 6, ""BIL"": 0.5, ""BTAL"": 6, ""DBMF"": 2.5, ""KMLM"": 6, ""QQQ"": 1, ""SPY"": 0.7, ""TQQQ"": 1.5}",0.03000000,tests/data/2026-08-24-syn-net15,QQQ<SMA10M,0.12249956,0.29735938,0.12250192,0.29735997,36090.16309982,28000.00000000,8090.16309982,0.28893440,0.10513996,0.13014750,0.89095073,0.12102027,1.29491628,1.07269074,-0.09801517,,2003,0.30052833,2004,-0.00422425,83451.81174400,7.30477215,0.68106086,0.00026088,0.90267760,0.49712326,,,0.09539676,0.00000000
SPY benchmark,sens,sens_2001-01-03,2001-01-03,2004-01-02,true,true,"{""*"": 6, ""BIL"": 0.5, ""BTAL"": 6, ""DBMF"": 2.5, ""KMLM"": 6, ""QQQ"": 1, ""SPY"": 0.7, ""TQQQ"": 1.5}",0.03000000,tests/data/2026-08-24-syn-net15,,0.00261178,0.00742645,0.00261383,0.00742810,28340.01389803,28000.00000000,340.01389803,0.01214335,-0.05050696,0.00600309,-0.12939685,0.21847199,-0.18308886,-0.11982156,-0.42151814,,2003,0.27828459,2002,-0.21765020,27946.43624954,1.95625054,0.28908366,0.00006987,,,0.99738617,0.99257190,,
VT TQQQ/BIL t20 w0-80 QQQ:VOL_EWMA80,sens,sens_2001-07-03,2001-07-03,2004-07-02,false,false,"{""*"": 6, ""BIL"": 0.5, ""BTAL"": 6, ""DBMF"": 2.5, ""KMLM"": 6, ""QQQ"": 1, ""SPY"": 0.7, ""TQQQ"": 1.5}",0.03000000,tests/data/2026-08-24-syn-net15,,0.00184284,0.00597077,0.00183266,0.00592936,28504.50596233,28000.00000000,504.50596233,0.01801807,-0.05004815,0.00888752,-0.10237071,0.23496364,-0.14325684,-0.12090647,-0.41394101,,2003,0.31424141,2002,-0.23633771,120251.99746868,11.85136920,1.17499363,0.00042326,0.72908745,0.40108264,,,0.26906142,0.11909262
VT TQQQ/BIL t20 w0-80 QQQ:VOL_EWMA80 gate QQQ<SMA200,sens,sens_2001-07-03,2001-07-03,2004-07-02,false,true,"{""*"": 6, ""BIL"": 0.5, ""BTAL"": 6, ""DBMF"": 2.5, ""KMLM"": 6, ""QQQ"": 1, ""SPY"": 0.7, ""TQQQ"": 1.5}",0.03000000,tests/data/2026-08-24-syn-net15,QQQ<SMA200,0.10641141,0.29735937,0.10641488,0.29735997,34020.77956615,28000.00000000,6020.77956615,0.21502784,0.08923042,0.09910428,0.62600300,0.15707678,0.90121398,0.46726653,-0.19096258,,2003,0.30053148,2004,-0.02946768,134610.29236240,12.52829970,1.06289249,0.00044744,0.83532377,0.40034989,,,0.16312944,0.00000000
VT TQQQ/BIL t20 w0-80 QQQ:VOL_EWMA80 gate QQQ<SMA10M,sens,sens_2001-07-03,2001-07-03,2004-07-02,false,true,"{""*"": 6, ""BIL"": 0.5, ""BTAL"": 6, ""DBMF"": 2.5, ""KMLM"": 6, ""QQQ"": 1, ""SPY"": 0.7, ""TQQQ"": 1.5}",0.03000000,tests/data/2026-08-24-syn-net15,QQQ<SMA10M,0.10641141,0.29735937,0.10641488,0.29735997,34020.77956615,28000.00000000,6020.77956615,0.21502784,0.08923042,0.09910428,0.62600300,0.15707678,0.90121398,0.46726653,-0.19096258,,2003,0.30053148,2004,-0.02946768,134610.29236240,12.52829970,1.06289249,0.00044744,0.83532377,0.40034989,,,0.16312944,0.00000000
SPY benchmark,sens,sens_2001-07-03,2001-07-03,2004-07-02,true,true,"{""*"": 6, ""BIL"": 0.5, ""BTAL"": 6, ""DBMF"": 2.5, ""KMLM"": 6, ""QQQ"": 1, ""SPY"": 0.7, ""TQQQ"": 1.5}",0.03000000,tests/data/2026-08-24-syn-net15,,0.00265016,0.00595845,0.00265217,0.00596022,29837.59162151,28000.00000000,1837.59162151,0.06562827,-0.01805185,0.03181417,0.01234712,0.20446771,0.01764820,-0.05016488,-0.35985035,,2003,0.27816958,2002,-0.21690861,27923.26060482,1.95462824,0.26588567,0.00006981,,,0.99734783,0.99403978,,
VT TQQQ/BIL t20 w0-80 QQQ:VOL_EWMA80,sens,sens_2002-01-03,2002-01-03,2005-01-03,false,false,"{""*"": 6, ""BIL"": 0.5, ""BTAL"": 6, ""DBMF"": 2.5, ""KMLM"": 6, ""QQQ"": 1, ""SPY"": 0.7, ""TQQQ"": 1.5}",0.03000000,tests/data/2026-08-24-syn-net15,,0.00214440,0.00543188,0.00214037,0.00540931,32366.34453998,28000.00000000,4366.34453998,0.15594088,0.01453184,0.07308752,0.17734886,0.22844410,0.25272060,0.04135795,-0.35136742,731,2003,0.31423559,2002,-0.25463113,153213.02944635,15.10237810,1.38635944,0.00053937,0.67741315,0.19833523,,,0.32043264,0.11908433
VT TQQQ/BIL t20 w0-80 QQQ:VOL_EWMA80 gate QQQ<SMA200,sens,sens_2002-01-03,2002-01-03,2005-01-03,false,true,"{""*"": 6, ""BIL"": 0.5, ""BTAL"": 6, ""DBMF"": 2.5, ""KMLM"": 6, ""QQQ"": 1, ""SPY"": 0.7, ""TQQQ"": 1.5}",0.03000000,tests/data/2026-08-24-syn-net15,QQQ<SMA200,0.06459395,0.28495462,0.06459510,0.28495541,33359.81602975,28000.00000000,5359.81602975,0.19142200,0.05990404,0.08867484,0.41279352,0.18073432,0.58715053,0.26199419,-0.22864643,,2003,0.30127505,2002,-0.11457219,140656.44792710,13.39147083,1.17802851,0.00047827,0.74165102,0.19831939,,,0.25661001,0.00971072
VT TQQQ/BIL t20 w0-80 QQQ:VOL_EWMA80 gate QQQ<SMA10M,sens,sens_2002-01-03,2002-01-03,2005-01-03,false,true,"{""*"": 6, ""BIL"": 0.5, ""BTAL"": 6, ""DBMF"": 2.5, ""KMLM"": 6, ""QQQ"": 1, ""SPY"": 0.7, ""TQQQ"": 1.5}",0.03000000,tests/data/2026-08-24-syn-net15,QQQ<SMA10M,0.06459395,0.28495462,0.06459510,0.28495541,33359.81602975,28000.00000000,5359.81602975,0.19142200,0.05990404,0.08867484,0.41279352,0.18073432,0.58715053,0.26199419,-0.22864643,,2003,0.30127505,2002,-0.11457219,140656.44792710,13.39147083,1.17802851,0.00047827,0.74165102,0.19831939,,,0.25661001,0.00971072
SPY benchmark,sens,sens_2002-01-03,2002-01-03,2005-01-03,true,true,"{""*"": 6, ""BIL"": 0.5, ""BTAL"": 6, ""DBMF"": 2.5, ""KMLM"": 6, ""QQQ"": 1, ""SPY"": 0.7, ""TQQQ"": 1.5}",0.03000000,tests/data/2026-08-24-syn-net15,,0.00229176,0.00670438,0.00229373,0.00673915,32473.66907943,28000.00000000,4473.66907943,0.15977390,0.02431984,0.07478844,0.22120908,0.19075555,0.32129209,0.07372600,-0.32986794,673,2003,0.27819212,2002,-0.23450742,27993.83091242,1.95956816,0.25012501,0.00006998,,,0.99770627,0.99326085,,
VT TQQQ/BIL t20 w0-80 QQQ:VOL_EWMA80,sens,sens_2002-07-03,2002-07-03,2005-07-01,false,false,"{""*"": 6, ""BIL"": 0.5, ""BTAL"": 6, ""DBMF"": 2.5, ""KMLM"": 6, ""QQQ"": 1, ""SPY"": 0.7, ""TQQQ"": 1.5}",0.03000000,tests/data/2026-08-24-syn-net15,,0.00188506,0.00639385,0.00188734,0.00638047,29347.01077310,28000.00000000,1347.01077310,0.04810753,0.05263213,0.02350874,0.33758724,0.23088786,0.47582828,0.21490645,-0.24490715,,2003,0.31423206,2005,-0.21015928,195653.25590169,19.24270184,1.49925521,0.00068724,0.63044398,0.19863486,,,0.36765981,0.11908220
VT TQQQ/BIL t20 w0-80 QQQ:VOL_EWMA80 gate QQQ<SMA200,sens,sens_2002-07-03,2002-07-03,2005-07-01,false,true,"{""*"": 6, ""BIL"": 0.5, ""BTAL"": 6, ""DBMF"": 2.5, ""KMLM"": 6, ""QQQ"": 1, ""SPY"": 0.7, ""TQQQ"": 1.5}",0.03000000,tests/data/2026-08-24-syn-net15,QQQ<SMA200,0.04946809,0.29735896,0.04947236,0.29735997,28088.93596056,28000.00000000,88.93596056,0.00317628,0.03093045,0.00157817,0.25214478,0.20100273,0.34865376,0.12036201,-0.25697850,,2003,0.30054055,2005,-0.21016019,171037.78051801,16.42354175,1.35139856,0.00058656,0.67860403,0.19801825,,,0.31948740,0.00000000
VT TQQQ/BIL t20 w0-80 QQQ:VOL_EWMA80 gate QQQ<SMA10M,sens,sens_2002-07-03,2002-07-03,2005-07-01,false,true,"{""*"": 6, ""BIL"": 0.5, ""BTAL"": 6, ""DBMF"": 2.5, ""KMLM"": 6, ""QQQ"": 1, ""SPY"": 0.7, ""TQQQ"": 1.5}",0.03000000,tests/data/2026-08-24-syn-net15,QQQ<SMA10M,0.05027337,0.29735896,0.05027771,0.29735997,28136.45789225,28000.00000000,136.45789225,0.00487350,0.03155661,0.00241990,0.25528831,0.20054682,0.35307396,0.12426823,-0.25393946,,2003,0.30054055,2005,-0.20872243,170443.24378201,16.30730616,1.34638628,0.00058240,0.67945033,0.19801825,,,0.31863065,0.00000000
SPY benchmark,sens,sens_2002-07-03,2002-07-03,2005-07-01,true,true,"{""*"": 6, ""BIL"": 0.5, ""BTAL"": 6, ""DBMF"": 2.5, ""KMLM"": 6, ""QQQ"": 1, ""SPY"": 0.7, ""TQQQ"": 1.5}",0.03000000,tests/data/2026-08-24-syn-net15,,0.00217854,0.00588305,0.00218038,0.00591784,34390.78062085,28000.00000000,6390.78062085,0.22824217,0.09383162,0.10492975,0.59099963,0.17862807,0.87374033,0.44767829,-0.20959609,334,2003,0.27791858,2002,-0.06844258,27982.96531141,1.95880757,0.21789003,0.00006996,,,0.99781962,0.99408216,,
VT TQQQ/BIL t20 w0-80 QQQ:VOL_EWMA80,sens,sens_2003-01-03,2003-01-03,2006-01-03,false,false,"{""*"": 6, ""BIL"": 0.5, ""BTAL"": 6, ""DBMF"": 2.5, ""KMLM"": 6, ""QQQ"": 1, ""SPY"": 0.7, ""TQQQ"": 1.5}",0.03000000,tests/data/2026-08-24-syn-net15,,0.00187014,0.00559739,0.00187462,0.00559270,31975.17873908,28000.00000000,3975.17873908,0.14197067,0.08201494,0.06687546,0.45841005,0.22991620,0.64649025,0.33487983,-0.24490857,,2003,0.28012741,2005,-0.13180606,207380.17231329,20.54466385,1.63119084,0.00073374,0.55989482,0.19958739,,,0.43822264,0.19393859
VT TQQQ/BIL t20 w0-80 QQQ:VOL_EWMA80 gate QQQ<SMA200,sens,sens_2003-01-03,2003-01-03,2006-01-03,false,true,"{""*"": 6, ""BIL"": 0.5, ""BTAL"": 6, ""DBMF"": 2.5, ""KMLM"": 6, ""QQQ"": 1, ""SPY"": 0.7, ""TQQQ"": 1.5}",0.03000000,tests/data/2026-08-24-syn-net15,QQQ<SMA200,0.02076899,0.23810125,0.02077135,0.23810251,31413.35951162,28000.00000000,3413.35951162,0.12190570,0.07632451,0.05781665,0.44266198,0.22226761,0.62203048,0.29667358,-0.25726763,,2003,0.30043896,2005,-0.13181379,197037.16923785,19.17513757,1.55893585,0.00068483,0.57955602,0.19920605,,,0.41884923,0.00000000
VT TQQQ/BIL t20 w0-80 QQQ:VOL_EWMA80 gate QQQ<SMA10M,sens,sens_2003-01-03,2003-01-03,2006-01-03,false,true,"{""*"": 6, ""BIL"": 0.5, ""BTAL"": 6, ""DBMF"": 2.5, ""KMLM"": 6, ""QQQ"": 1, ""SPY"": 0.7, ""TQQQ"": 1.5}",0.03000000,tests/data/2026-08-24-syn-net15,QQQ<SMA10M,0.02164455,0.23810125,0.02164640,0.23810251,31451.18168074,28000.00000000,3451.18168074,0.12325649,0.07685134,0.05843029,0.44531052,0.22182631,0.62588582,0.30245936,-0.25408814,,2003,0.30043896,2005,-0.13053864,196765.90345438,19.09390510,1.55603789,0.00068193,0.58051053,0.19920605,,,0.41790289,0.00000000
SPY benchmark,sens,sens_2003-01-03,2003-01-03,2006-01-03,true,true,"{""*"": 6, ""BIL"": 0.5, ""BTAL"": 6, ""DBMF"": 2.5, ""KMLM"": 6, ""QQQ"": 1, ""SPY"": 0.7, ""TQQQ"": 1.5}",0.03000000,tests/data/2026-08-24-syn-net15,,0.00219986,0.00567571,0.00220164,0.00567740,35884.04822094,28000.00000000,7884.04822094,0.28157315,0.13168778,0.12682601,1.03002083,0.12830022,1.50356243,0.96253686,-0.13681323,108,2003,0.23441781,2006,0.01755259,27927.40592957,1.95491842,0.20733888,0.00006982,,,0.99779836,0.99432260,,
VT TQQQ/BIL t20 w0-80 QQQ:VOL_EWMA80,sens,sens_2003-07-03,2003-07-03,2006-07-03,false,false,"{""*"": 6, ""BIL"": 0.5, ""BTAL"": 6, ""DBMF"": 2.5, ""KMLM"": 6, ""QQQ"": 1, ""SPY"": 0.7, ""TQQQ"": 1.5}",0.03000000,tests/data/2026-08-24-syn-net15,,0.00189007,0.00485593,0.00189259,0.00484286,26575.34874416,28000.00000000,-1424.65125584,-0.05088040,-0.00325742,-0.02574957,0.10260898,0.23303799,0.14203564,-0.01330064,-0.24490669,,2003,0.12351471,2005,-0.13180782,189849.19236643,18.79418642,1.61842748,0.00067122,0.53098881,0.19723866,,,0.46710800,0.22020629
VT TQQQ/BIL t20 w0-80 QQQ:VOL_EWMA80 gate QQQ<SMA200,sens,sens_2003-07-03,2003-07-03,2006-07-03,false,true,"{""*"": 6, ""BIL"": 0.5, ""BTAL"": 6, ""DBMF"": 2.5, ""KMLM"": 6, ""QQQ"": 1, ""SPY"": 0.7, ""TQQQ"": 1.5}",0.03000000,tests/data/2026-08-24-syn-net15,QQQ<SMA200,0.00937665,0.17064850,0.00937750,0.17064928,26043.48335856,28000.00000000,-1956.51664144,-0.06987559,-0.01394922,-0.03563150,0.05317738,0.22896477,0.07324880,-0.05409594,-0.25786068,,2003,0.12351471,2005,-0.13180377,176275.29055157,17.35116555,1.52906461,0.00061968,0.53862437,0.19704525,,,0.45948615,0.22020629
VT TQQQ/BIL t20 w0-80 QQQ:VOL_EWMA80 gate QQQ<SMA10M,sens,sens_2003-07-03,2003-07-03,2006-07-03,false,true,"{""*"": 6, ""BIL"": 0.5, ""BTAL"": 6, ""DBMF"": 2.5, ""KMLM"": 6, ""QQQ"": 1, ""SPY"": 0.7, ""TQQQ"": 1.5}",0.03000000,tests/data/2026-08-24-syn-net15,QQQ<SMA10M,0.01047833,0.17064850,0.01048023,0.17064928,26056.21422203,28000.00000000,-1943.78577797,-0.06942092,-0.01369930,-0.03539318,0.05391997,0.22848577,0.07427707,-0.05384706,-0.25441118,,2003,0.12351471,2005,-0.13114431,176424.98697280,17.31248517,1.52977843,0.00061830,0.53968093,0.19704525,,,0.45837144,0.22020629
SPY benchmark,sens,sens_2003-07-03,2003-07-03,2006-07-03,true,true,"{""*"": 6, ""BIL"": 0.5, ""BTAL"": 6, ""DBMF"": 2.5, ""KMLM"": 6, ""QQQ"": 1, ""SPY"": 0.7, ""TQQQ"": 1.5}",0.03000000,tests/data/2026-08-24-syn-net15,,0.00195381,0.00563709,0.00195560,0.00567190,33791.32364805,28000.00000000,5791.32364805,0.20683299,0.10621038,0.09550088,0.96978409,0.11056364,1.39838541,1.39709307,-0.07602241,244,2003,0.13487931,2006,0.03377041,27970.54975946,1.95793848,0.21419006,0.00006993,,,0.99804440,0.99432810,,
VT TQQQ/BIL t20 w0-80 QQQ:VOL_EWMA80,sens,sens_2004-01-05,2004-01-05,2007-01-03,false,false,"{""*"": 6, ""BIL"": 0.5, ""BTAL"": 6, ""DBMF"": 2.5, ""KMLM"": 6, ""QQQ"": 1, ""SPY"": 0.7, ""TQQQ"": 1.5}",0.03000000,tests/data/2026-08-24-syn-net15,,0.00213211,0.00588714,0.00213560,0.00586830,30260.98492764,28000.00000000,2260.98492764,0.08074946,0.01056627,0.03890004,0.16003309,0.22757632,0.22388417,0.04136382,-0.25544713,707,2006,0.10962856,2005,-0.13180220,185522.03399823,18.38488714,1.69863198,0.00065660,0.49751063,0.19644977,,,0.50034351,0.24842682
VT TQQQ/BIL t20 w0-80 QQQ:VOL_EWMA80 gate QQQ<SMA200,sens,sens_2004-01-05,2004-01-05,2007-01-03,false,true,"{""*"": 6, ""BIL"": 0.5, ""BTAL"": 6, ""DBMF"": 2.5, ""KMLM"": 6, ""QQQ"": 1, ""SPY"": 0.7, ""TQQQ"": 1.5}",0.03000000,tests/data/2026-08-24-syn-net15,QQQ<SMA200,0.02424750,0.41812576,0.02424852,0.41812630,28048.64249976,28000.00000000,48.64249976,0.00173723,-0.02183735,0.00086135,0.00731198,0.21761096,0.01008651,-0.08522966,-0.25621767,,2006,0.04074876,2005,-0.13180833,162852.01628308,15.96904440,1.53439377,0.00057032,0.51991841,0.19848054,,,0.47797814,0.23799333
VT TQQQ/BIL t20 w0-80 QQQ:VOL_EWMA80 gate QQQ<SMA10M,sens,sens_2004-01-05,2004-01-05,2007-01-03,false,true,"{""*"": 6, ""BIL"": 0.5, ""BTAL"": 6, ""DBMF"": 2.5, ""KMLM"": 6, ""QQQ"": 1, ""SPY"": 0.7, ""TQQQ"": 1.5}",0.03000000,tests/data/2026-08-24-syn-net15,QQQ<SMA10M,0.02543770,0.41812677,0.02543950,0.41812731,28043.51436165,28000.00000000,43.51436165,0.00155408,-0.02188365,0.00077059,0.00653481,0.21703354,0.00901462,-0.08537498,-0.25632390,,2006,0.04075506,2005,-0.13193670,163084.02102794,15.94972910,1.53665736,0.00056963,0.52122618,0.19848054,,,0.47663858,0.23799348
SPY benchmark,sens,sens_2004-01-05,2004-01-05,2007-01-03,true,true,"{""*"": 6, ""BIL"": 0.5, ""BTAL"": 6, ""DBMF"": 2.5, ""KMLM"": 6, ""QQQ"": 1, ""SPY"": 0.7, ""TQQQ"": 1.5}",0.03000000,tests/data/2026-08-24-syn-net15,,0.00247115,0.00644158,0.00247299,0.00644303,34612.88359257,28000.00000000,6612.88359257,0.23617441,0.09619787,0.10803372,0.93190279,0.10453876,1.33802641,1.26636754,-0.07596363,244,2006,0.15510978,2007,-0.00176023,27921.32093351,1.95449247,0.22506383,0.00006980,,,0.99752701,0.99355697,,
VT TQQQ/BIL t20 w0-80 QQQ:VOL_EWMA80,sens,sens_2004-07-06,2004-07-06,2007-07-03,false,false,"{""*"": 6, ""BIL"": 0.5, ""BTAL"": 6, ""DBMF"": 2.5, ""KMLM"": 6, ""QQQ"": 1, ""SPY"": 0.7, ""TQQQ"": 1.5}",0.03000000,tests/data/2026-08-24-syn-net15,,0.00188139,0.00469367,0.00188037,0.00469027,36311.53514065,28000.00000000,8311.53514065,0.29684054,0.10138646,0.13359732,0.54240215,0.22441152,0.76127833,0.39689300,-0.25545036,707,2007,0.18082263,2005,-0.13180359,207456.03305705,20.55646024,1.73802083,0.00073416,0.48845445,0.19967810,,,0.50965007,0.23938812
VT TQQQ/BIL t20 w0-80 QQQ:VOL_EWMA80 gate QQQ<SMA200,sens,sens_2004-07-06,2004-07-06,2007-07-03,false,true,"{""*"": 6, ""BIL"": 0.5, ""BTAL"": 6, ""DBMF"": 2.5, ""KMLM"": 6, ""QQQ"": 1, ""SPY"": 0.7, ""TQQQ"": 1.5}",0.03000000,tests/data/2026-08-24-syn-net15,QQQ<SMA200,0.03034859,0.41915597,0.03034954,0.41915656,33800.85573404,28000.00000000,5800.85573404,0.20717342,0.06237430,0.09588024,0.39164277,0.21172391,0.54176498,0.24416840,-0.25545608,863,2007,0.18081990,2005,-0.13180635,182835.29195351,17.96142223,1.60523198,0.00064148,0.51694271,0.19835300,,,0.48092885,0.23749047
VT TQQQ/BIL t20 w0-80 QQQ:VOL_EWMA80 gate QQQ<SMA10M,sens,sens_2004-07-06,2004-07-06,2007-07-03,false,true,"{""*"": 6, ""BIL"": 0.5, ""BTAL"": 6, ""DBMF"": 2.5, ""KMLM"": 6, ""QQQ"": 1, ""SPY"": 0.7, ""TQQQ"": 1.5}",0.03000000,tests/data/2026-08-24-syn-net15,QQQ<SMA10M,0.03157895,0.41916720,0.03158138,0.41916779,33783.53774821,28000.00000000,5783.53774821,0.20655492,0.06210061,0.09561298,0.39097250,0.21107980,0.54083284,0.24255197,-0.25603013,863,2007,0.18082189,2005,-0.13247487,183398.01847009,17.96419969,1.61090121,0.00064158,0.51856324,0.19835300,,,0.47943373,0.23748344
SPY benchmark,sens,sens_2004-07-06,2004-07-06,2007-07-03,true,true,"{""*"": 6, ""BIL"": 0.5, ""BTAL"": 6, ""DBMF"": 2.5, ""KMLM"": 6, ""QQQ"": 1, ""SPY"": 0.7, ""TQQQ"": 1.5}",0.03000000,tests/data/2026-08-24-syn-net15,,0.00231359,0.00587964,0.00231540,0.00588116,36427.42237546,28000.00000000,8427.42237546,0.30097937,0.12618003,0.13529113,1.18793066,0.10458183,1.69640793,1.66391725,-0.07583312,127,2006,0.15490908,2005,0.04531447,27916.35081137,1.95414456,0.21701985,0.00006979,,,0.99768460,0.99411884,,
VT TQQQ/BIL t20 w0-80 QQQ:VOL_EWMA80,sens,sens_2005-01-03,2005-01-03,2008-01-03,false,false,"{""*"": 6, ""BIL"": 0.5, ""BTAL"": 6, ""DBMF"": 2.5, ""KMLM"": 6, ""QQQ"": 1, ""SPY"": 0.7, ""TQQQ"": 1.5}",0.03000000,tests/data/2026-08-24-syn-net15,,0.00212062,0.00451165,0.00211971,0.00452585,35580.01235262,28000.00000000,7580.01235262,0.27071473,0.07948656,0.12246292,0.45268745,0.22513678,0.63314550,0.33416160,-0.23786862,307,2007,0.25288808,2005,-0.08335027,216562.63234548,21.63480681,1.79022592,0.00077267,0.50547522,0.20339655,,,0.49238974,0.23939282
VT TQQQ/BIL t20 w0-80 QQQ:VOL_EWMA80 gate QQQ<SMA200,sens,sens_2005-01-03,2005-01-03,2008-01-03,false,true,"{""*"": 6, ""BIL"": 0.5, ""BTAL"": 6, ""DBMF"": 2.5, ""KMLM"": 6, ""QQQ"": 1, ""SPY"": 0.7, ""TQQQ"": 1.5}",0.03000000,tests/data/2026-08-24-syn-net15,QQQ<SMA200,0.01655473,0.42145035,0.01655388,0.42145105,33924.91395902,28000.00000000,5924.91395902,0.21160407,0.05643733,0.09751562,0.36020141,0.21952356,0.49946507,0.23726262,-0.23786862,365,2007,0.25287269,2005,-0.08335027,201889.48399506,20.12307238,1.72440556,0.00071868,0.52014417,0.20339655,,,0.47777610,0.23634430
VT TQQQ/BIL t20 w0-80 QQQ:VOL_EWMA80 gate QQQ<SMA10M,sens,sens_2005-01-03,2005-01-03,2008-01-03,false,true,"{""*"": 6, ""BIL"": 0.5, ""BTAL"": 6, ""DBMF"": 2.5, ""KMLM"": 6, ""QQQ"": 1, ""SPY"": 0.7, ""TQQQ"": 1.5}",0.03000000,tests/data/2026-08-24-syn-net15,QQQ<SMA10M,0.01828422,0.42146394,0.01828397,0.42146464,33886.86295241,28000.00000000,5886.86295241,0.21024511,0.05561267,0.09693156,0.35710904,0.21877858,0.49512709,0.23379227,-0.23787216,365,2007,0.25288040,2005,-0.08548610,202375.99084603,20.12903967,1.73090226,0.00071889,0.52204860,0.20380241,,,0.47588583,0.23634215
SPY benchmark,sens,sens_2005-01-03,2005-01-03,2008-01-03,true,true,"{""*"": 6, ""BIL"": 0.5, ""BTAL"": 6, ""DBMF"": 2.5, ""KMLM"": 6, ""QQQ"": 1, ""SPY"": 0.7, ""TQQQ"": 1.5}",0.03000000,tests/data/2026-08-24-syn-net15,,0.00251559,0.00637887,0.00251742,0.00638024,32789.18254926,28000.00000000,4789.18254926,0.17104223,0.08037409,0.07986918,0.68922662,0.12328639,0.95871830,0.81220620,-0.09895774,,2006,0.15492940,2008,-0.00920250,27894.63082962,1.95262416,0.21922675,0.00006974,,,0.99748258,0.99361976,,
VT TQQQ/BIL t20 w0-80 QQQ:VOL_EWMA80,sens,sens_2005-07-05,2005-07-05,2008-07-03,false,false,"{""*"": 6, ""BIL"": 0.5, ""BTAL"": 6, ""DBMF"": 2.5, ""KMLM"": 6, ""QQQ"": 1, ""SPY"": 0.7, ""TQQQ"": 1.5}",0.03000000,tests/data/2026-08-24-syn-net15,,0.00176717,0.00512549,0.00176661,0.00517654,31310.76384731,28000.00000000,3310.76384731,0.11824157,0.07874819,0.05626188,0.44433505,0.23034890,0.62256005,0.31640923,-0.24888084,,2007,0.25288849,2008,-0.15911505,210923.34020527,21.04918842,1.58496820,0.00075176,0.53823679,0.20339542,,,0.45998231,0.22438730
VT TQQQ/BIL t20 w0-80 QQQ:VOL_EWMA80 gate QQQ<SMA200,sens,sens_2005-07-05,2005-07-05,2008-07-03,false,true,"{""*"": 6, ""BIL"": 0.5, ""BTAL"": 6, ""DBMF"": 2.5, ""KMLM"": 6, ""QQQ"": 1, ""SPY"": 0.7, ""TQQQ"": 1.5}",0.03000000,tests/data/2026-08-24-syn-net15,QQQ<SMA200,0.03827650,0.57329731,0.03827762,0.57332229,28312.50979631,28000.00000000,312.50979631,0.01116106,0.01193256,0.00551818,0.16372914,0.21844927,0.22462376,0.04987717,-0.23923889,,2007,0.25287786,2008,-0.17361540,193923.96513747,18.60864207,1.60515159,0.00066459,0.57349490,0.20038569,,,0.42394967,0.00000000
VT TQQQ/BIL t20 w0-80 QQQ:VOL_EWMA80 gate QQQ<SMA10M,sens,sens_2005-07-05,2005-07-05,2008-07-03,false,true,"{""*"": 6, ""BIL"": 0.5, ""BTAL"": 6, ""DBMF"": 2.5, ""KMLM"": 6, ""QQQ"": 1, ""SPY"": 0.7, ""TQQQ"": 1.5}",0.03000000,tests/data/2026-08-24-syn-net15,QQQ<SMA10M,0.02207983,0.42279223,0.02208192,0.42279299,29515.44660730,28000.00000000,1515.44660730,0.05412309,0.04957924,0.02634033,0.32968979,0.22085405,0.45590799,0.20717973,-0.23930545,,2007,0.25287820,2008,-0.17341773,191882.75975555,18.97002602,1.49889883,0.00067750,0.55862009,0.20339542,,,0.43954615,0.22438664
SPY benchmark,sens,sens_2005-07-05,2005-07-05,2008-07-03,true,true,"{""*"": 6, ""BIL"": 0.5, ""BTAL"": 6, ""DBMF"": 2.5, ""KMLM"": 6, ""QQQ"": 1, ""SPY"": 0.7, ""TQQQ"": 1.5}",0.03000000,tests/data/2026-08-24-syn-net15,,0.00229754,0.00623054,0.00229936,0.00623199,28190.09262828,28000.00000000,190.09262828,0.00678902,0.03197823,0.00336208,0.29277963,0.14182425,0.40775368,0.17482765,-0.18291289,,2006,0.15481485,2008,-0.12863888,27976.92863499,1.95838500,0.22162255,0.00006994,,,0.99770064,0.99376801,,
VT TQQQ/BIL t20 w0-80 QQQ:VOL_EWMA80,sens,sens_2006-01-03,2006-01-03,2009-01-02,false,false,"{""*"": 6, ""BIL"": 0.5, ""BTAL"": 6, ""DBMF"": 2.5, ""KMLM"": 6, ""QQQ"": 1, ""SPY"": 0.7, ""TQQQ"": 1.5}",0.03000000,tests/data/2026-08-24-syn-net15,,0.00197248,0.00537126,0.00197043,0.00535027,24982.37402813,28000.00000000,-3017.62597187,-0.10777236,-0.02353645,-0.05579768,0.00409064,0.22224052,0.00559311,-0.06085906,-0.38673705,,2007,0.25287252,2008,-0.31918497,169757.56049152,16.82045220,1.39402502,0.00060073,0.61030132,0.26005849,,,0.38771434,0.09566673
VT TQQQ/BIL t20 w0-80 QQQ:VOL_EWMA80 gate QQQ<SMA200,sens,sens_2006-01-03,2006-01-03,2009-01-02,false,true,"{""*"": 6, ""BIL"": 0.5, ""BTAL"": 6, ""DBMF"": 2.5, ""KMLM"": 6, ""QQQ"": 1, ""SPY"": 0.7, ""TQQQ"": 1.5}",0.03000000,tests/data/2026-08-24-syn-net15,QQQ<SMA200,0.03718151,0.42781985,0.03717770,0.42782084,24359.53499041,28000.00000000,-3640.46500959,-0.13001661,-0.04137986,-0.06794729,-0.10570654,0.20356134,-0.14272319,-0.11762985,-0.35178030,,2007,0.25286927,2008,-0.29128837,138807.49944658,13.37333901,1.18446437,0.00047762,0.64570311,0.25762266,,,0.35217636,0.03488343
VT TQQQ/BIL t20 w0-80 QQQ:VOL_EWMA80 gate QQQ<SMA10M,sens,sens_2006-01-03,2006-01-03,2009-01-02,false,true,"{""*"": 6, ""BIL"": 0.5, ""BTAL"": 6, ""DBMF"": 2.5, ""KMLM"": 6, ""QQQ"": 1, ""SPY"": 0.7, ""TQQQ"": 1.5}",0.03000000,tests/data/2026-08-24-syn-net15,QQQ<SMA10M,0.03718151,0.42781985,0.03717770,0.42782084,24359.53499041,28000.00000000,-3640.46500959,-0.13001661,-0.04137986,-0.06794729,-0.10570654,0.20356134,-0.14272319,-0.11762985,-0.35178030,,2007,0.25286927,2008,-0.29128837,138807.49944658,13.37333901,1.18446437,0.00047762,0.64570311,0.25762266,,,0.35217636,0.03488343
SPY benchmark,sens,sens_2006-01-03,2006-01-03,2009-01-02,true,true,"{""*"": 6, ""BIL"": 0.5, ""BTAL"": 6, ""DBMF"": 2.5, ""KMLM"": 6, ""QQQ"": 1, ""SPY"": 0.7, ""TQQQ"": 1.5}",0.03000000,tests/data/2026-08-24-syn-net15,,0.00245173,0.00679006,0.00245359,0.00679126,20810.43608836,28000.00000000,-7189.56391164,-0.25677014,-0.08235769,-0.14214552,-0.19709794,0.26239608,-0.27605267,-0.16194845,-0.50854260,,2006,0.13510655,2008,-0.36960082,27952.26216817,1.95665835,0.24059312,0.00006988,,,0.99754641,0.99320874,,
VT TQQQ/BIL t20 w0-80 QQQ:VOL_EWMA80,sens,sens_2006-07-03,2006-07-03,2009-07-02,false,false,"{""*"": 6, ""BIL"": 0.5, ""BTAL"": 6, ""DBMF"": 2.5, ""KMLM"": 6, ""QQQ"": 1, ""SPY"": 0.7, ""TQQQ"": 1.5}",0.03000000,tests/data/2026-08-24-syn-net15,,0.00163485,0.00600656,0.00163282,0.00598243,27760.62627242,28000.00000000,-239.37372758,-0.00854906,0.03557953,-0.00426090,0.26821339,0.22479760,0.37066182,0.08338507,-0.42668938,,2007,0.25286598,2008,-0.31919370,166262.72303161,16.42201148,1.32965120,0.00058650,0.64100560,0.26034443,,,0.35734787,0.09566247
VT TQQQ/BIL t20 w0-80 QQQ:VOL_EWMA80 gate QQQ<SMA200,sens,sens_2006-07-03,2006-07-03,2009-07-02,false,true,"{""*"": 6, ""BIL"": 0.5, ""BTAL"": 6, ""DBMF"": 2.5, ""KMLM"": 6, ""QQQ"": 1, ""SPY"": 0.7, ""TQQQ"": 1.5}",0.03000000,tests/data/2026-08-24-syn-net15,QQQ<SMA200,0.07071608,0.67285582,0.07071818,0.67285693,26329.92066958,28000.00000000,-1670.07933042,-0.05964569,0.00460188,-0.03032512,0.11905637,0.18902113,0.16150772,0.01280299,-0.35943810,,2007,0.25286505,2008,-0.29144011,147194.96687127,13.78910319,1.22754784,0.00049247,0.70976793,0.25853771,,,0.28805934,0.00000000
VT TQQQ/BIL t20 w0-80 QQQ:VOL_EWMA80 gate QQQ<SMA10M,sens,sens_2006-07-03,2006-07-03,2009-07-02,false,true,"{""*"": 6, ""BIL"": 0.5, ""BTAL"": 6, ""DBMF"": 2.5, ""KMLM"": 6, ""QQQ"": 1, ""SPY"": 0.7, ""TQQQ"": 1.5}",0.03000000,tests/data/2026-08-24-syn-net15,QQQ<SMA10M,0.07071608,0.67285582,0.07071818,0.67285693,26329.92066958,28000.00000000,-1670.07933042,-0.05964569,0.00460188,-0.03032512,0.11905637,0.18902113,0.16150772,0.01280299,-0.35943810,,2007,0.25286505,2008,-0.29144011,147194.96687127,13.78910319,1.22754784,0.00049247,0.70976793,0.25853771,,,0.28805934,0.00000000
SPY benchmark,sens,sens_2006-07-03,2006-07-03,2009-07-02,true,true,"{""*"": 6, ""BIL"": 0.5, ""BTAL"": 6, ""DBMF"": 2.5, ""KMLM"": 6, ""QQQ"": 1, ""SPY"": 0.7, ""TQQQ"": 1.5}",0.03000000,tests/data/2026-08-24-syn-net15,,0.00310349,0.00866636,0.00310541,0.00870106,21203.94771815,28000.00000000,-6796.05228185,-0.24271615,-0.09434995,-0.13365819,-0.19369576,0.29229415,-0.27262067,-0.17064445,-0.55290370,,2006,0.11712691,2008,-0.36943120,27977.58022421,1.95843062,0.26355608,0.00006994,,,0.99689459,0.99129894,,
VT TQQQ/BIL t20 w0-80 QQQ:VOL_EWMA80,sens,sens_2007-01-03,2007-01-03,2009-12-31,false,false,"{""*"": 6, ""BIL"": 0.5, ""BTAL"": 6, ""DBMF"": 2.5, ""KMLM"": 6, ""QQQ"": 1, ""SPY"": 0.7, ""TQQQ"": 1.5}",0.03000000,tests/data/2026-08-24-syn-net15,,0.00244968,0.00633600,0.00244846,0.00635071,32801.81515297,27500.00000000,5301.81515297,0.19279328,0.06854568,0.08817224,0.40500595,0.22767414,0.55701256,0.16065148,-0.42667322,,2009,0.43062212,2008,-0.31918050,139451.13484511,14.25644965,1.22287343,0.00051842,0.64991428,0.19390306,,,0.34762427,0.09566036
VT TQQQ/BIL t20 w0-80 QQQ:VOL_EWMA80 gate QQQ<SMA200,sens,sens_2007-01-03,2007-01-03,2009-12-31,false,true,"{""*"": 6, ""BIL"": 0.5, ""BTAL"": 6, ""DBMF"": 2.5, ""KMLM"": 6, ""QQQ"": 1, ""SPY"": 0.7, ""TQQQ"": 1.5}",0.03000000,tests/data/2026-08-24-syn-net15,QQQ<SMA200,0.03662256,0.23299637,0.03662345,0.23299708,32204.12847566,27500.00000000,4704.12847566,0.17105922,0.06325484,0.07878234,0.40479183,0.20181424,0.55363312,0.17566872,-0.36008030,,2009,0.35523811,2008,-0.29190688,128410.35740640,12.81188246,1.12720470,0.00046589,0.68493484,0.19390306,,,0.31272775,0.02429696
VT TQQQ/BIL t20 w0-80 QQQ:VOL_EWMA80 gate QQQ<SMA10M,sens,sens_2007-01-03,2007-01-03,2009-12-31,false,true,"{""*"": 6, ""BIL"": 0.5, ""BTAL"": 6, ""DBMF"": 2.5, ""KMLM"": 6, ""QQQ"": 1, ""SPY"": 0.7, ""TQQQ"": 1.5}",0.03000000,tests/data/2026-08-24-syn-net15,QQQ<SMA10M,0.03662256,0.23299637,0.03662345,0.23299708,32204.12847566,27500.00000000,4704.12847566,0.17105922,0.06325484,0.07878234,0.40479183,0.20181424,0.55363312,0.17566872,-0.36008030,,2009,0.35523811,2008,-0.29190688,128410.35740640,12.81188246,1.12720470,0.00046589,0.68493484,0.19390306,,,0.31272775,0.02429696
SPY benchmark,sens,sens_2007-01-03,2007-01-03,2009-12-31,true,true,"{""*"": 6, ""BIL"": 0.5, ""BTAL"": 6, ""DBMF"": 2.5, ""KMLM"": 6, ""QQQ"": 1, ""SPY"": 0.7, ""TQQQ"": 1.5}",0.03000000,tests/data/2026-08-24-syn-net15,,0.00265023,0.00886301,0.00265228,0.00889770,25645.92616462,27500.00000000,-1854.07383538,-0.06742087,-0.05886803,-0.03380833,-0.05487743,0.29806873,-0.07751674,-0.10649995,-0.55275166,,2009,0.25906272,2008,-0.36935506,27493.15573156,1.92452090,0.28177194,0.00006998,,,0.99734772,0.99110230,,
VT TQQQ/BIL t20 w0-80 QQQ:VOL_EWMA80,sens,sens_2007-07-03,2007-07-03,2010-07-02,false,false,"{""*"": 6, ""BIL"": 0.5, ""BTAL"": 6, ""DBMF"": 2.5, ""KMLM"": 6, ""QQQ"": 1, ""SPY"": 0.7, ""TQQQ"": 1.5}",0.03000000,tests/data/2026-08-24-syn-net15,,0.00253557,0.00644942,0.00253536,0.00645920,30352.28307427,28000.00000000,2352.28307427,0.08401011,0.00339308,0.04048404,0.13022974,0.23042856,0.17635370,0.00795239,-0.42667466,896,2009,0.43061880,2008,-0.31918553,174273.72400303,17.54295210,1.59640889,0.00062653,0.66653153,0.19845220,,,0.33092069,0.09566160
VT TQQQ/BIL t20 w0-80 QQQ:VOL_EWMA80 gate QQQ<SMA200,sens,sens_2007-07-03,2007-07-03,2010-07-02,false,true,"{""*"": 6, ""BIL"": 0.5, ""BTAL"": 6, ""DBMF"": 2.5, ""KMLM"": 6, ""QQQ"": 1, ""SPY"": 0.7, ""TQQQ"": 1.5}",0.03000000,tests/data/2026-08-24-syn-net15,QQQ<SMA200,0.03760697,0.23376842,0.03760839,0.23376931,29840.18792776,28000.00000000,1840.18792776,0.06572100,-0.00190581,0.03187708,0.09318867,0.20432816,0.12496381,-0.00527665,-0.36117756,896,2009,0.35452636,2008,-0.29276519,164144.27259159,16.13773580,1.51431593,0.00057635,0.70290240,0.19968269,,,0.29471756,0.02343631
VT TQQQ/BIL t20 w0-80 QQQ:VOL_EWMA80 gate QQQ<SMA10M,sens,sens_2007-07-03,2007-07-03,2010-07-02,false,true,"{""*"": 6, ""BIL"": 0.5, ""BTAL"": 6, ""DBMF"": 2.5, ""KMLM"": 6, ""QQQ"": 1, ""SPY"": 0.7, ""TQQQ"": 1.5}",0.03000000,tests/data/2026-08-24-syn-net15,QQQ<SMA10M,0.03760697,0.23376842,0.03760839,0.23376931,29840.18792776,28000.00000000,1840.18792776,0.06572100,-0.00190581,0.03187708,0.09318867,0.20432816,0.12496381,-0.00527665,-0.36117756,896,2009,0.35452636,2008,-0.29276519,164144.27259159,16.13773580,1.51431593,0.00057635,0.70290240,0.19968269,,,0.29471756,0.02343631
SPY benchmark,sens,sens_2007-07-03,2007-07-03,2010-07-02,true,true,"{""*"": 6, ""BIL"": 0.5, ""BTAL"": 6, ""DBMF"": 2.5, ""KMLM"": 6, ""QQQ"": 1, ""SPY"": 0.7, ""TQQQ"": 1.5}",0.03000000,tests/data/2026-08-24-syn-net15,,0.00299884,0.01026996,0.00300092,0.01027146,24099.09575942,28000.00000000,-3900.90424058,-0.13931801,-0.10804266,-0.07322049,-0.22222976,0.30526437,-0.31280074,-0.19538736,-0.55296651,,2009,0.25849041,2008,-0.36947402,27993.92955893,1.95957507,0.29417058,0.00006998,,,0.99699908,0.98972854,,
VT TQQQ/BIL t20 w0-80 QQQ:VOL_EWMA80,sens,sens_2008-01-03,2008-01-03,2011-01-03,false,false,"{""*"": 6, ""BIL"": 0.5, ""BTAL"": 6, ""DBMF"": 2.5, ""KMLM"": 6, ""QQQ"": 1, ""SPY"": 0.7, ""TQQQ"": 1.5}",0.03000000,tests/data/2026-08-24-syn-net15,,0.00234839,0.00708042,0.00235238,0.00705703,40683.10523769,28000.00000000,12683.10523769,0.45296804,0.09712656,0.19420718,0.51737460,0.23085615,0.71614678,0.25745996,-0.37724918,732,2009,0.43060705,2008,-0.31528445,219637.27815516,22.03196350,1.89999815,0.00078686,0.63866886,0.19746637,,,0.35896998,0.09566264
VT TQQQ/BIL t20 w0-80 QQQ:VOL_EWMA80 gate QQQ<SMA200,sens,sens_2008-01-03,2008-01-03,2011-01-03,false,true,"{""*"": 6, ""BIL"": 0.5, ""BTAL"": 6, ""DBMF"": 2.5, ""KMLM"": 6, ""QQQ"": 1, ""SPY"": 0.7, ""TQQQ"": 1.5}",0.03000000,tests/data/2026-08-24-syn-net15,QQQ<SMA200,0.03729062,0.23453775,0.03729728,0.23453867,39332.29187723,28000.00000000,11332.29187723,0.40472471,0.08448417,0.17586907,0.49949434,0.20434711,0.68727810,0.27684579,-0.30516689,809,2009,0.35386640,2008,-0.28739704,213973.12704421,21.03119470,1.87865039,0.00075111,0.67518471,0.19807763,,,0.32265991,0.02259976
VT TQQQ/BIL t20 w0-80 QQQ:VOL_EWMA80 gate QQQ<SMA10M,sens,sens_2008-01-03,2008-01-03,2011-01-03,false,true,"{""*"": 6, ""BIL"": 0.5, ""BTAL"": 6, ""DBMF"": 2.5, ""KMLM"": 6, ""QQQ"": 1, ""SPY"": 0.7, ""TQQQ"": 1.5}",0.03000000,tests/data/2026-08-24-syn-net15,QQQ<SMA10M,0.03729062,0.23453775,0.03729728,0.23453867,39332.29187723,28000.00000000,11332.29187723,0.40472471,0.08448417,0.17586907,0.49949434,0.20434711,0.68727810,0.27684579,-0.30516689,809,2009,0.35386640,2008,-0.28739704,213973.12704421,21.03119470,1.87865039,0.00075111,0.67518471,0.19807763,,,0.32265991,0.02259976
SPY benchmark,sens,sens_2008-01-03,2008-01-03,2011-01-03,true,true,"{""*"": 6, ""BIL"": 0.5, ""BTAL"": 6, ""DBMF"": 2.5, ""KMLM"": 6, ""QQQ"": 1, ""SPY"": 0.7, ""TQQQ"": 1.5}",0.03000000,tests/data/2026-08-24-syn-net15,,0.00310978,0.00986380,0.00311184,0.00986524,31240.92546048,28000.00000000,3240.92546048,0.11574734,-0.02401517,0.05502607,0.06924468,0.30118729,0.09842654,-0.04628546,-0.51884901,,2009,0.25847987,2008,-0.36282387,27987.94175746,1.95915592,0.27649566,0.00006997,,,0.99688816,0.99013476,,
VT TQQQ/BIL t20 w0-80 QQQ:VOL_EWMA80,sens,sens_2008-07-03,2008-07-03,2011-07-01,false,false,"{""*"": 6, ""BIL"": 0.5, ""BTAL"": 6, ""DBMF"": 2.5, ""KMLM"": 6, ""QQQ"": 1, ""SPY"": 0.7, ""TQQQ"": 1.5}",0.03000000,tests/data/2026-08-24-syn-net15,,0.00225323,0.00687912,0.00226287,0.00688421,43501.10018975,28000.00000000,15501.10018975,0.55361072,0.17975557,0.23212323,0.84347417,0.22624230,1.17242508,0.57759181,-0.31121557,397,2009,0.43059617,2008,-0.18960241,277100.60957042,27.64941247,1.99075193,0.00098748,0.62277970,0.19797878,,,0.37495298,0.09566561
VT TQQQ/BIL t20 w0-80 QQQ:VOL_EWMA80 gate QQQ<SMA200,sens,sens_2008-07-03,2008-07-03,2011-07-01,false,true,"{""*"": 6, ""BIL"": 0.5, ""BTAL"": 6, ""DBMF"": 2.5, ""KMLM"": 6, ""QQQ"": 1, ""SPY"": 0.7, ""TQQQ"": 1.5}",0.03000000,tests/data/2026-08-24-syn-net15,QQQ<SMA200,0.05695485,0.31772432,0.05696529,0.31772557,45296.17973338,28000.00000000,17296.17973338,0.61772070,0.23334309,0.25481128,1.17082979,0.19532941,1.64692660,1.25171555,-0.18641863,175,2009,0.34106476,2008,0.00682309,293985.17276699,28.74117315,1.97200150,0.00102647,0.67954949,0.19810626,,,0.31877910,0.00000000
VT TQQQ/BIL t20 w0-80 QQQ:VOL_EWMA80 gate QQQ<SMA10M,sens,sens_2008-07-03,2008-07-03,2011-07-01,false,true,"{""*"": 6, ""BIL"": 0.5, ""BTAL"": 6, ""DBMF"": 2.5, ""KMLM"": 6, ""QQQ"": 1, ""SPY"": 0.7, ""TQQQ"": 1.5}",0.03000000,tests/data/2026-08-24-syn-net15,QQQ<SMA10M,0.05695485,0.31772432,0.05696529,0.31772557,45296.17973338,28000.00000000,17296.17973338,0.61772070,0.23334309,0.25481128,1.17082979,0.19532941,1.64692660,1.25171555,-0.18641863,175,2009,0.34106476,2008,0.00682309,293985.17276699,28.74117315,1.97200150,0.00102647,0.67954949,0.19810626,,,0.31877910,0.00000000
SPY benchmark,sens,sens_2008-07-03,2008-07-03,2011-07-01,true,true,"{""*"": 6, ""BIL"": 0.5, ""BTAL"": 6, ""DBMF"": 2.5, ""KMLM"": 6, ""QQQ"": 1, ""SPY"": 0.7, ""TQQQ"": 1.5}",0.03000000,tests/data/2026-08-24-syn-net15,,0.00247321,0.00861152,0.00247519,0.00861311,34404.27129427,28000.00000000,6404.27129427,0.22872397,0.03932767,0.10523253,0.27751220,0.29449267,0.39468973,0.08340135,-0.47154711,861,2009,0.25847685,2008,-0.27595371,27950.29477374,1.95652063,0.24307757,0.00006988,,,0.99752481,0.99138689,,
