label,kind,window,start,end,is_baseline,feasible,cost_bps,cash_yield,data_dir,params.weights,avg_misallocation,max_misallocation,avg_asset_deviation,max_asset_deviation,final_value,total_contributed,net_profit,net_profit_pct,cagr,xirr,sharpe,volatility,sortino,calmar,max_drawdown,max_drawdown_days,best_year,best_year_return,worst_year,worst_year_return,traded_value,total_fees,turnover,fee_drag,exposure.BIL.avg,exposure.BIL.min,exposure.BTAL.avg,exposure.BTAL.min,exposure.DBMF.avg,exposure.DBMF.min,exposure.NTSX.avg,exposure.NTSX.min,exposure.SPY.avg,exposure.SPY.min,exposure.TQQQ.avg,exposure.TQQQ.min
NTSX100,full,full,2019-05-08,2026-08-24,false,true,"{""*"": 20}",0.03000000,tests/data/2026-08-24-net15,"{""NTSX"":1.0}",0.00055705,0.00197764,0.00058363,0.00277564,95365.34660233,53500.00000000,41865.34660233,0.78252984,0.13088005,0.13175124,0.75569237,0.18639892,1.05570980,0.41643537,-0.31428658,898,2020,0.24588649,2022,-0.25985405,53357.34852092,106.71469704,0.08257636,0.00199467,,,,,,,0.99941637,0.99722436,,,,
NTSX75/BIL25,full,full,2019-05-08,2026-08-24,false,true,"{""*"": 20}",0.03000000,tests/data/2026-08-24-net15,"{""BIL"":0.25,""NTSX"":0.75}",0.00190537,0.00588543,0.00144940,0.00499095,85506.09381930,53500.00000000,32006.09381930,0.59824474,0.10530669,0.10701552,0.79315043,0.13884366,1.10689291,0.43488810,-0.24214663,814,2020,0.18521355,2022,-0.19531109,70572.84666199,141.14569332,0.11665419,0.00263824,0.24866301,0.24500905,,,,,0.74940008,0.74670214,,,,
NTSX62.5/BIL37.5,full,full,2019-05-08,2026-08-24,false,true,"{""*"": 20}",0.03000000,tests/data/2026-08-24-net15,"{""BIL"":0.375,""NTSX"":0.625}",0.00175056,0.00650976,0.00130762,0.00576275,80808.39299157,53500.00000000,27308.39299157,0.51043725,0.09205143,0.09419820,0.82416620,0.11527833,1.15028013,0.45062903,-0.20427319,794,2023,0.15573426,2022,-0.16228707,77708.54776153,155.41709552,0.13290264,0.00290499,0.37377764,0.36923725,,,,,0.62443778,0.62265716,,,,
NTSX50/BIL50,full,full,2019-05-08,2026-08-24,false,true,"{""*"": 20}",0.03000000,tests/data/2026-08-24-net15,"{""BIL"":0.5,""NTSX"":0.5}",0.00200099,0.00717988,0.00149154,0.00559379,76301.14870123,53500.00000000,22801.14870123,0.42618970,0.07853910,0.08116790,0.87094936,0.09195677,1.21642169,0.47607662,-0.16497157,763,2023,0.13273158,2022,-0.12847047,80527.53113348,161.05506227,0.14258716,0.00301037,0.49858498,0.49440621,,,,,0.49937884,0.49837233,,,,
VT TQQQ/BTAL75+DBMF25 t20 w0-80 QQQ:VOL_EWMA80 gate QQQ<SMA200,full,full,2019-05-08,2026-08-24,true,true,"{""*"": 20}",0.03000000,tests/data/2026-08-24-net15,,0.01683381,0.22736674,0.01672689,0.22737814,113955.76034829,53500.00000000,60455.76034829,1.13001421,0.18223058,0.17213383,0.88867330,0.21522857,1.22543802,0.89188642,-0.20432039,324,2023,0.33746694,2022,-0.08013733,1294051.85458776,2588.10370918,1.65279751,0.04837577,,,0.46447359,0.14888072,0.15466281,0.04915876,,,,,0.37983229,0.04589976
VT TQQQ/BIL50+BTAL50 t20 w0-80 QQQ:VOL_EWMA80 gate QQQ<SMA200,full,full,2019-05-08,2026-08-24,true,true,"{""*"": 20}",0.03000000,tests/data/2026-08-24-net15,,0.01692790,0.22451893,0.01674677,0.22453381,116214.94267082,53500.00000000,62714.94267082,1.17224192,0.18312537,0.17659025,0.90369385,0.21163886,1.24382599,0.93849156,-0.19512735,573,2023,0.39977232,2022,-0.14778175,1296977.10370958,2593.95420742,1.66748383,0.04848513,0.30851946,0.09577941,0.30929390,0.09898043,,,,,,,0.38045356,0.04874408
TQQQ50/BTAL50 gate QQQ<SMA200,full,full,2019-05-08,2026-08-24,true,true,"{""*"": 20}",0.03000000,tests/data/2026-08-24-net15,,0.03982813,0.37517266,0.03978910,0.37518467,126998.41355032,53500.00000000,73498.41355032,1.37380212,0.20879484,0.19675477,0.84656577,0.26721096,1.18517083,0.55334332,-0.37733326,138,2023,0.47658832,2022,-0.27740668,348557.16168398,697.11432337,0.40458239,0.01303017,,,0.53910198,0.49811423,,,,,,,0.46034733,0.12481533
SPY benchmark,full,full,2019-05-08,2026-08-24,true,true,"{""*"": 20}",0.03000000,tests/data/2026-08-24-net15,,0.00579724,0.02506646,0.00582335,0.02509146,109442.49927704,53500.00000000,55942.49927704,1.04565419,0.15679540,0.16296449,0.84914163,0.19441927,1.20084535,0.46979298,-0.33375425,173,2021,0.28291366,2022,-0.18196190,53176.78222410,106.35356445,0.07528152,0.00198792,,,,,,,,,0.99417665,0.97490854,,
NTSX100,fit,fit,2019-05-08,2023-12-29,false,true,"{""*"": 20}",0.03000000,tests/data/2026-08-24-net15,"{""NTSX"":1.0}",0.00066816,0.00197764,0.00070573,0.00277564,48279.70719231,37500.00000000,10779.70719231,0.28745886,0.10238328,0.08654151,0.58425274,0.20201862,0.80871272,0.32576409,-0.31428658,,2020,0.24588649,2022,-0.25985405,37408.09572740,74.81619145,0.13805366,0.00199510,,,,,,,0.99929427,0.99722436,,,,
NTSX75/BIL25,fit,fit,2019-05-08,2023-12-29,false,true,"{""*"": 20}",0.03000000,tests/data/2026-08-24-net15,"{""BIL"":0.25,""NTSX"":0.75}",0.00238810,0.00588543,0.00184721,0.00499095,46221.13368525,37500.00000000,8721.13368525,0.23256356,0.08280034,0.07148307,0.60453903,0.15041348,0.83547922,0.34194299,-0.24214663,,2020,0.18521355,2022,-0.19531109,45685.52324967,91.37104650,0.17634626,0.00243656,0.24829946,0.24500905,,,,,0.74926973,0.74670214,,,,
NTSX62.5/BIL37.5,fit,fit,2019-05-08,2023-12-29,false,true,"{""*"": 20}",0.03000000,tests/data/2026-08-24-net15,"{""BIL"":0.375,""NTSX"":0.625}",0.00212422,0.00650976,0.00157937,0.00576275,45138.01997479,37500.00000000,7638.01997479,0.20368053,0.07232896,0.06331369,0.62218038,0.12483029,0.85958375,0.35407958,-0.20427319,,2023,0.15577813,2022,-0.16228707,49414.95626214,98.82991252,0.19519527,0.00263546,0.37353378,0.36923725,,,,,0.62429668,0.62265716,,,,
NTSX50/BIL50,fit,fit,2019-05-08,2023-12-29,false,true,"{""*"": 20}",0.03000000,tests/data/2026-08-24-net15,"{""BIL"":0.5,""NTSX"":0.5}",0.00240048,0.00717988,0.00181132,0.00559379,44027.22877137,37500.00000000,6527.22877137,0.17405943,0.06140663,0.05474784,0.64852864,0.09957689,0.89601706,0.37222555,-0.16497157,,2023,0.13278585,2022,-0.12847047,50249.54651017,100.49909302,0.20321510,0.00267998,0.49825275,0.49440621,,,,,0.49930056,0.49837233,,,,
VT TQQQ/BTAL75+DBMF25 t20 w0-80 QQQ:VOL_EWMA80 gate QQQ<SMA200,fit,fit,2019-05-08,2023-12-29,true,true,"{""*"": 20}",0.03000000,tests/data/2026-08-24-net15,,0.02481905,0.22736674,0.02461563,0.22737814,65327.77833138,37500.00000000,27827.77833138,0.74207409,0.20074060,0.19290453,0.96285955,0.21396117,1.34150977,0.98247951,-0.20432039,324,2023,0.33818896,2022,-0.08013733,370293.80988983,740.58761978,1.19761665,0.01974900,,,0.48877047,0.14888072,0.16269453,0.04915876,,,,,0.34741598,0.04589976
VT TQQQ/BIL50+BTAL50 t20 w0-80 QQQ:VOL_EWMA80 gate QQQ<SMA200,fit,fit,2019-05-08,2023-12-29,true,true,"{""*"": 20}",0.03000000,tests/data/2026-08-24-net15,,0.02491781,0.22451893,0.02462086,0.22453381,64796.76763117,37500.00000000,27296.76763117,0.72791380,0.19529093,0.18998703,0.97217487,0.20536733,1.34927398,1.00083834,-0.19512735,573,2023,0.40049983,2022,-0.14778175,371764.49115944,743.52898232,1.22146913,0.01982744,0.32422872,0.09577941,0.32531824,0.09898043,,,,,,,0.34832472,0.04874408
TQQQ50/BTAL50 gate QQQ<SMA200,fit,fit,2019-05-08,2023-12-29,true,true,"{""*"": 20}",0.03000000,tests/data/2026-08-24-net15,,0.05856461,0.37517266,0.05850498,0.37518467,68057.04005958,37500.00000000,30557.04005958,0.81485440,0.22015918,0.20757795,0.83308020,0.28973620,1.16300165,0.58346085,-0.37733326,138,2023,0.47697982,2022,-0.27740668,151806.68942164,303.61337884,0.46220442,0.00809636,,,0.55760617,0.49811423,,,,,,,0.44169680,0.12481533
SPY benchmark,fit,fit,2019-05-08,2023-12-29,true,true,"{""*"": 20}",0.03000000,tests/data/2026-08-24-net15,,0.00688432,0.02506646,0.00692165,0.02509146,54010.98904197,37500.00000000,16510.98904197,0.44029304,0.12947940,0.12559998,0.67911044,0.21286723,0.94581527,0.38794832,-0.33375425,173,2021,0.28291366,2022,-0.18196190,37201.08787330,74.40217575,0.13179947,0.00198406,,,,,,,,,0.99307835,0.97490854,,
NTSX100,test,test,2024-01-02,2026-08-24,false,true,"{""*"": 20}",0.03000000,tests/data/2026-08-24-net15,"{""NTSX"":1.0}",0.00111212,0.00270316,0.00116787,0.00336170,34920.25441139,25500.00000000,9420.25441139,0.36942174,0.18622583,0.18013564,1.18559155,0.15504395,1.70620678,1.10265940,-0.16888790,200,2024,0.20799421,2026,0.09662981,25417.34757625,50.83469515,0.22187969,0.00199352,,,,,,,0.99883213,0.99663830,,,,
NTSX75/BIL25,test,test,2024-01-02,2026-08-24,false,true,"{""*"": 20}",0.03000000,tests/data/2026-08-24-net15,"{""BIL"":0.25,""NTSX"":0.75}",0.00360302,0.00897813,0.00264618,0.00767575,32835.29699317,25500.00000000,7335.29699317,0.28765871,0.14835088,0.14338489,1.26093366,0.11565912,1.81543038,1.17431360,-0.12632987,125,2024,0.16569018,2026,0.07812258,26157.94401044,52.31588802,0.23757279,0.00205160,0.24763736,0.24232425,,,,,0.74870232,0.74557674,,,,
NTSX62.5/BIL37.5,test,test,2024-01-02,2026-08-24,false,true,"{""*"": 20}",0.03000000,tests/data/2026-08-24-net15,"{""BIL"":0.375,""NTSX"":0.625}",0.00351422,0.00936137,0.00260673,0.00672456,31831.79478785,25500.00000000,6331.79478785,0.24830568,0.12958189,0.12513794,1.32393203,0.09606544,1.90866989,1.23254671,-0.10513346,113,2024,0.14501011,2026,0.06872565,26324.03353588,52.64806707,0.24387659,0.00206463,0.37256265,0.36827544,,,,,0.62386535,0.62223813,,,,
NTSX50/BIL50,test,test,2024-01-02,2026-08-24,false,true,"{""*"": 20}",0.03000000,tests/data/2026-08-24-net15,"{""BIL"":0.5,""NTSX"":0.5}",0.00345130,0.00730707,0.00264519,0.00548404,30853.39910880,25500.00000000,5353.39910880,0.20993722,0.11087587,0.10697211,1.41783848,0.07667224,2.04961522,1.32209136,-0.08386400,111,2024,0.12419036,2026,0.05915906,26466.63314885,52.93326630,0.25013524,0.00207581,0.49770768,0.49451596,,,,,0.49878269,0.49726358,,,,
VT TQQQ/BTAL75+DBMF25 t20 w0-80 QQQ:VOL_EWMA80 gate QQQ<SMA200,test,test,2024-01-02,2026-08-24,true,true,"{""*"": 20}",0.03000000,tests/data/2026-08-24-net15,,0.00455576,0.06805718,0.00405976,0.06808305,33178.69401142,25500.00000000,7678.69401142,0.30112526,0.15946797,0.14954309,0.80593288,0.21303410,1.09039545,0.85958511,-0.18551737,448,2024,0.19956005,2026,0.04721387,215234.04352463,430.46808705,1.92918013,0.01688110,,,0.42758333,0.14951845,0.14201701,0.04927168,,,,,0.42819850,0.19610405
VT TQQQ/BIL50+BTAL50 t20 w0-80 QQQ:VOL_EWMA80 gate QQQ<SMA200,test,test,2024-01-02,2026-08-24,true,true,"{""*"": 20}",0.03000000,tests/data/2026-08-24-net15,,0.00621256,0.06546433,0.00541879,0.06549298,34025.80631195,25500.00000000,8525.80631195,0.33434535,0.17038008,0.16455429,0.83614065,0.21785410,1.13507008,0.96367773,-0.17680193,398,2025,0.19972612,2026,0.05791439,217106.89096732,434.21378193,1.92592903,0.01702799,0.28257314,0.09673783,0.28481101,0.09956076,,,,,,,0.42856824,0.19721804
TQQQ50/BTAL50 gate QQQ<SMA200,test,test,2024-01-02,2026-08-24,true,true,"{""*"": 20}",0.03000000,tests/data/2026-08-24-net15,,0.00920099,0.10736541,0.00895459,0.10739016,34267.22207724,25500.00000000,8767.22207724,0.34381263,0.19364187,0.16878646,0.91814812,0.22045775,1.29685923,0.78199897,-0.24762420,288,2024,0.37985502,2025,0.05115246,55899.15282024,111.79830564,0.47679359,0.00438425,,,0.50736702,0.49767394,,,,,,,0.49114865,0.39260984
SPY benchmark,test,test,2024-01-02,2026-08-24,true,true,"{""*"": 20}",0.03000000,tests/data/2026-08-24-net15,,0.01567275,0.03122050,0.01572737,0.03218831,36180.49659093,25500.00000000,10680.49659093,0.41884300,0.20714954,0.20164359,1.29848085,0.15506087,1.93865578,1.11747280,-0.18537323,127,2024,0.24786378,2026,0.12318436,25176.25750617,50.35251501,0.21617384,0.00197461,,,,,,,,,0.98427263,0.96781169,,
NTSX100,sens,sens_2019-05-08,2019-05-08,2022-05-06,false,true,"{""*"": 20}",0.03000000,tests/data/2026-08-24-net15,"{""NTSX"":1.0}",0.00073367,0.00197764,0.00078374,0.00277564,33527.89297018,28000.00000000,5527.89297018,0.19742475,0.12098828,0.09131099,0.65451479,0.20739521,0.89002707,0.42771033,-0.28287435,142,2020,0.24588649,2022,-0.18879824,27931.97354767,55.86394710,0.19170328,0.00199514,,,,,,,0.99921626,0.99722436,,,,
NTSX75/BIL25,sens,sens_2019-05-08,2019-05-08,2022-05-06,false,true,"{""*"": 20}",0.03000000,tests/data/2026-08-24-net15,"{""BIL"":0.25,""NTSX"":0.75}",0.00276068,0.00588543,0.00216017,0.00499095,32161.05079835,28000.00000000,4161.05079835,0.14860896,0.09325809,0.06984576,0.65521084,0.15412447,0.88772794,0.43090961,-0.21642147,110,2020,0.18521355,2022,-0.14387815,30509.06873915,61.01813748,0.22266974,0.00217922,0.24800733,0.24500905,,,,,0.74917867,0.74670214,,,,
NTSX62.5/BIL37.5,sens,sens_2019-05-08,2019-05-08,2022-05-06,false,true,"{""*"": 20}",0.03000000,tests/data/2026-08-24-net15,"{""BIL"":0.375,""NTSX"":0.625}",0.00239072,0.00650976,0.00177156,0.00576275,31477.02704947,28000.00000000,3477.02704947,0.12417954,0.07899685,0.05884782,0.65845247,0.12775571,0.89079378,0.43469428,-0.18172968,110,2020,0.15488440,2022,-0.12088243,31630.90729556,63.26181459,0.23808949,0.00225935,0.37337103,0.36923725,,,,,0.62418303,0.62265716,,,,
NTSX50/BIL50,sens,sens_2019-05-08,2019-05-08,2022-05-06,false,true,"{""*"": 20}",0.03000000,tests/data/2026-08-24-net15,"{""BIL"":0.5,""NTSX"":0.5}",0.00285757,0.00717988,0.00220503,0.00559379,30794.90535056,28000.00000000,2794.90535056,0.09981805,0.06444460,0.04770145,0.66329927,0.10186580,0.89619453,0.43964777,-0.14658234,110,2020,0.12445901,2022,-0.09741159,31435.62680280,62.87125361,0.24408296,0.00224540,0.49786184,0.49440621,,,,,0.49922498,0.49837233,,,,
VT TQQQ/BTAL75+DBMF25 t20 w0-80 QQQ:VOL_EWMA80 gate QQQ<SMA200,sens,sens_2019-05-08,2019-05-08,2022-05-06,true,true,"{""*"": 20}",0.03000000,tests/data/2026-08-24-net15,,0.00582382,0.09553271,0.00555183,0.09555168,40369.32763174,28000.00000000,12369.32763174,0.44176170,0.21062548,0.18996623,0.90982202,0.24223393,1.24958216,1.03085883,-0.20432039,324,2019,0.27662490,2022,-0.06683561,241529.24289811,483.05848580,1.58265822,0.01725209,,,0.45378219,0.14888072,0.15100232,0.04915876,,,,,0.39387323,0.09756046
VT TQQQ/BIL50+BTAL50 t20 w0-80 QQQ:VOL_EWMA80 gate QQQ<SMA200,sens,sens_2019-05-08,2019-05-08,2022-05-06,true,true,"{""*"": 20}",0.03000000,tests/data/2026-08-24-net15,,0.00687195,0.09279909,0.00645004,0.09281259,38004.20560347,28000.00000000,10004.20560347,0.35729306,0.18460684,0.15735896,0.84026744,0.23415202,1.14388360,0.94722430,-0.19489243,141,2019,0.25446677,2022,-0.13410855,244300.56441321,488.60112883,1.59640322,0.01745004,0.30083685,0.09577941,0.30222851,0.09898043,,,,,,,0.39423589,0.09938567
TQQQ50/BTAL50 gate QQQ<SMA200,sens,sens_2019-05-08,2019-05-08,2022-05-06,true,true,"{""*"": 20}",0.03000000,tests/data/2026-08-24-net15,,0.01989194,0.23323215,0.01979480,0.23324438,40587.40668788,28000.00000000,12587.40668788,0.44955024,0.22624774,0.19290168,0.77867502,0.33381750,1.06957670,0.59959661,-0.37733326,138,2020,0.43349617,2022,-0.21960791,71323.86671978,142.64773344,0.42230890,0.00509456,,,0.51865841,0.49811423,,,,,,,0.48048292,0.26675562
SPY benchmark,sens,sens_2019-05-08,2019-05-08,2022-05-06,true,true,"{""*"": 20}",0.03000000,tests/data/2026-08-24-net15,,0.00766893,0.02506646,0.00771924,0.02509146,36214.09456618,28000.00000000,8214.09456618,0.29336052,0.14154070,0.13167328,0.69726090,0.22667367,0.95527682,0.42408660,-0.33375425,173,2021,0.28291366,2022,-0.13099261,27774.48547311,55.54897095,0.19286644,0.00198389,,,,,,,,,0.99228076,0.97490854,,
NTSX100,sens,sens_2019-11-08,2019-11-08,2022-11-08,false,true,"{""*"": 20}",0.03000000,tests/data/2026-08-24-net15,"{""NTSX"":1.0}",0.00099092,0.00233399,0.00104165,0.00237362,28174.92212097,28000.00000000,174.92212097,0.00624722,0.04865046,0.00307611,0.32357196,0.22796797,0.43767531,0.15479501,-0.31428961,,2020,0.24559959,2022,-0.27331282,27921.03070247,55.84206140,0.20429028,0.00199436,,,,,,,0.99895835,0.99762638,,,,
NTSX75/BIL25,sens,sens_2019-11-08,2019-11-08,2022-11-08,false,true,"{""*"": 20}",0.03000000,tests/data/2026-08-24-net15,"{""BIL"":0.25,""NTSX"":0.75}",0.00299964,0.00827984,0.00254870,0.00690515,28331.30496402,28000.00000000,331.30496402,0.01183232,0.04072830,0.00581405,0.32103362,0.16957824,0.43302382,0.16810560,-0.24227804,,2020,0.18509410,2022,-0.20788976,32026.83661184,64.05367322,0.24503050,0.00228763,0.24755011,0.24309485,,,,,0.74939443,0.74758091,,,,
NTSX62.5/BIL37.5,sens,sens_2019-11-08,2019-11-08,2022-11-08,false,true,"{""*"": 20}",0.03000000,tests/data/2026-08-24-net15,"{""BIL"":0.375,""NTSX"":0.625}",0.00340207,0.00773961,0.00257633,0.00588217,28368.57239497,28000.00000000,368.57239497,0.01316330,0.03588957,0.00646484,0.32178030,0.14060232,0.43355980,0.17579341,-0.20415766,,2020,0.15479222,2022,-0.17385165,33052.20441701,66.10440883,0.25868042,0.00236087,0.37254690,0.36911783,,,,,0.62399401,0.62254068,,,,
NTSX50/BIL50,sens,sens_2019-11-08,2019-11-08,2022-11-08,false,true,"{""*"": 20}",0.03000000,tests/data/2026-08-24-net15,"{""BIL"":0.5,""NTSX"":0.5}",0.00272871,0.00673230,0.00202757,0.00531884,28373.41805431,28000.00000000,373.41805431,0.01333636,0.03033272,0.00654942,0.32337712,0.11201152,0.43530133,0.18390386,-0.16493792,,2020,0.12395903,2022,-0.13917336,33592.49975555,67.18499951,0.26906170,0.00239946,0.49815086,0.49468116,,,,,0.49906216,0.49750046,,,,
VT TQQQ/BTAL75+DBMF25 t20 w0-80 QQQ:VOL_EWMA80 gate QQQ<SMA200,sens,sens_2019-11-08,2019-11-08,2022-11-08,true,true,"{""*"": 20}",0.03000000,tests/data/2026-08-24-net15,,0.02830932,0.17529713,0.02814033,0.17531440,36339.52735020,28000.00000000,8339.52735020,0.29784026,0.16238212,0.13300095,0.76277655,0.23355650,1.04989025,0.79523138,-0.20419481,324,2021,0.25702663,2022,-0.06363956,181376.30078137,362.75260156,1.25468535,0.01295545,,,0.49359139,0.14835078,0.16434845,0.04939081,,,,,0.34080824,0.05207949
VT TQQQ/BIL50+BTAL50 t20 w0-80 QQQ:VOL_EWMA80 gate QQQ<SMA200,sens,sens_2019-11-08,2019-11-08,2022-11-08,true,true,"{""*"": 20}",0.03000000,tests/data/2026-08-24-net15,,0.02850082,0.17106882,0.02802568,0.17108499,33908.32282489,28000.00000000,5908.32282489,0.21101153,0.13666472,0.09680225,0.69339529,0.22020867,0.94580359,0.70249666,-0.19454145,141,2021,0.25323329,2022,-0.14932127,185229.83323047,370.45966646,1.28352407,0.01323070,0.32697940,0.09424285,0.32840419,0.09945839,,,,,,,0.34192066,0.05630889
TQQQ50/BTAL50 gate QQQ<SMA200,sens,sens_2019-11-08,2019-11-08,2022-11-08,true,true,"{""*"": 20}",0.03000000,tests/data/2026-08-24-net15,,0.07043262,0.35594675,0.07035982,0.35596269,33553.23486951,28000.00000000,5553.23486951,0.19832982,0.14207608,0.09135594,0.57292705,0.32571716,0.78576982,0.37654750,-0.37731251,140,2020,0.43037038,2022,-0.27250088,56419.43676693,112.83887353,0.36499013,0.00402996,,,0.56934646,0.49846122,,,,,,,0.42984485,0.14403731
SPY benchmark,sens,sens_2019-11-08,2019-11-08,2022-11-08,true,true,"{""*"": 20}",0.03000000,tests/data/2026-08-24-net15,,0.00822664,0.02369154,0.00827726,0.02371535,31745.47233521,28000.00000000,3745.47233521,0.13376687,0.08812722,0.06294502,0.47157584,0.24166108,0.64709485,0.26516637,-0.33234690,173,2021,0.28248768,2022,-0.18582974,27716.49637448,55.43299275,0.19959045,0.00197975,,,,,,,,,0.99172274,0.97628465,,
NTSX100,sens,sens_2020-05-08,2020-05-08,2023-05-08,false,true,"{""*"": 20}",0.03000000,tests/data/2026-08-24-net15,"{""NTSX"":1.0}",0.00096063,0.00334791,0.00101112,0.00434357,30245.30295438,28000.00000000,2245.30295438,0.08018939,0.07749440,0.03850880,0.49570166,0.18569261,0.69354417,0.24659026,-0.31426382,,2020,0.27258389,2022,-0.25985993,27936.28769387,55.87257539,0.21299867,0.00199545,,,,,,,0.99898888,0.99565643,,,,
NTSX75/BIL25,sens,sens_2020-05-08,2020-05-08,2023-05-08,false,true,"{""*"": 20}",0.03000000,tests/data/2026-08-24-net15,"{""BIL"":0.25,""NTSX"":0.75}",0.00277560,0.00619343,0.00210278,0.00528876,29968.82522377,28000.00000000,1968.82522377,0.07031519,0.06287415,0.03388523,0.50931720,0.13892018,0.71275099,0.25954820,-0.24224459,,2020,0.20071262,2022,-0.19540888,31782.88858044,63.56577716,0.25110377,0.00227021,0.24805839,0.24471124,,,,,0.74911045,0.74771051,,,,
NTSX62.5/BIL37.5,sens,sens_2020-05-08,2020-05-08,2023-05-08,false,true,"{""*"": 20}",0.03000000,tests/data/2026-08-24-net15,"{""BIL"":0.375,""NTSX"":0.625}",0.00290622,0.00692855,0.00228691,0.00618784,29789.35018663,28000.00000000,1789.35018663,0.06390536,0.05471944,0.03086672,0.51959511,0.11560164,0.72732674,0.26800807,-0.20417088,,2020,0.16524981,2022,-0.16218824,32231.06270575,64.46212541,0.25931232,0.00230222,0.37293938,0.36881216,,,,,0.62409790,0.62279002,,,,
NTSX50/BIL50,sens,sens_2020-05-08,2020-05-08,2023-05-08,false,true,"{""*"": 20}",0.03000000,tests/data/2026-08-24-net15,"{""BIL"":0.5,""NTSX"":0.5}",0.00298952,0.00657929,0.00228235,0.00579218,29583.70944138,28000.00000000,1583.70944138,0.05656105,0.04606812,0.02739135,0.53475808,0.09236968,0.74893246,0.27930212,-0.16494009,,2020,0.13080341,2022,-0.12846078,32537.67121341,65.07534243,0.26660498,0.00232412,0.49781447,0.49420782,,,,,0.49913861,0.49782822,,,,
VT TQQQ/BTAL75+DBMF25 t20 w0-80 QQQ:VOL_EWMA80 gate QQQ<SMA200,sens,sens_2020-05-08,2020-05-08,2023-05-08,true,true,"{""*"": 20}",0.03000000,tests/data/2026-08-24-net15,,0.03807962,0.23030988,0.03776892,0.23032583,34477.46068335,28000.00000000,6477.46068335,0.23133788,0.12071037,0.10563632,0.63713946,0.21601499,0.88252753,0.59084336,-0.20430182,324,2021,0.25734205,2022,-0.07734066,150180.97795617,300.36195591,1.13373108,0.01072721,,,0.52516804,0.14988592,0.17467601,0.04876500,,,,,0.29867633,0.04295206
VT TQQQ/BIL50+BTAL50 t20 w0-80 QQQ:VOL_EWMA80 gate QQQ<SMA200,sens,sens_2020-05-08,2020-05-08,2023-05-08,true,true,"{""*"": 20}",0.03000000,tests/data/2026-08-24-net15,,0.03820080,0.22788038,0.03767003,0.22789742,34072.34318673,28000.00000000,6072.34318673,0.21686940,0.11983285,0.09948476,0.66441881,0.20133450,0.91791649,0.62044736,-0.19313943,,2021,0.25324286,2022,-0.14469580,153268.09347256,306.53618695,1.15804872,0.01094772,0.34789172,0.09758547,0.34947633,0.09934528,,,,,,,0.29966529,0.04538047
TQQQ50/BTAL50 gate QQQ<SMA200,sens,sens_2020-05-08,2020-05-08,2023-05-08,true,true,"{""*"": 20}",0.03000000,tests/data/2026-08-24-net15,,0.08692581,0.38454603,0.08685024,0.38456298,35253.41664015,28000.00000000,7253.41664015,0.25905059,0.16513282,0.11727117,0.70203787,0.27036945,0.99394867,0.51882928,-0.31827967,,2020,0.44401188,2022,-0.26993949,69024.02129021,138.04804258,0.47597957,0.00493029,,,0.58589060,0.49783811,,,,,,,0.41329413,0.11543702
SPY benchmark,sens,sens_2020-05-08,2020-05-08,2023-05-08,true,true,"{""*"": 20}",0.03000000,tests/data/2026-08-24-net15,,0.00900267,0.02108772,0.00905148,0.02206565,33807.38327409,28000.00000000,5807.38327409,0.20740655,0.13392367,0.09543208,0.76415340,0.18798701,1.07910230,0.54563935,-0.24544356,,2020,0.28703991,2022,-0.18342545,27636.92125214,55.27384250,0.19643184,0.00197407,,,,,,,,,0.99094852,0.97793435,,
NTSX100,sens,sens_2020-11-09,2020-11-09,2023-11-08,false,true,"{""*"": 20}",0.03000000,tests/data/2026-08-24-net15,"{""NTSX"":1.0}",0.00104493,0.00369527,0.00109789,0.00469058,28306.16233001,28000.00000000,306.16233001,0.01093437,0.02120315,0.00538036,0.20720815,0.17663653,0.29080938,0.06743784,-0.31441033,,2021,0.21929775,2022,-0.26004819,27915.56729331,55.83113459,0.23858560,0.00199397,,,,,,,0.99890211,0.99530942,,,,
NTSX75/BIL25,sens,sens_2020-11-09,2020-11-09,2023-11-08,false,true,"{""*"": 20}",0.03000000,tests/data/2026-08-24-net15,"{""BIL"":0.25,""NTSX"":0.75}",0.00308612,0.00932711,0.00221210,0.00643160,28667.01968203,28000.00000000,667.01968203,0.02382213,0.02263316,0.01166606,0.23569461,0.13200406,0.33118734,0.09348463,-0.24210569,,2021,0.16134676,2022,-0.19527994,30641.62760887,61.28325522,0.26279193,0.00218869,0.24791189,0.24356840,,,,,0.74894534,0.74706147,,,,
NTSX62.5/BIL37.5,sens,sens_2020-11-09,2020-11-09,2023-11-08,false,true,"{""*"": 20}",0.03000000,tests/data/2026-08-24-net15,"{""BIL"":0.375,""NTSX"":0.625}",0.00347943,0.00715625,0.00257853,0.00616088,28804.08156989,28000.00000000,804.08156989,0.02871720,0.02252958,0.01403795,0.25801558,0.10978198,0.36287310,0.11041752,-0.20403988,,2021,0.13287551,2022,-0.16202387,31043.15589809,62.08631180,0.26685354,0.00221737,0.37248588,0.36883912,,,,,0.62397737,0.62238509,,,,
NTSX50/BIL50,sens,sens_2020-11-09,2020-11-09,2023-11-08,false,true,"{""*"": 20}",0.03000000,tests/data/2026-08-24-net15,"{""BIL"":0.5,""NTSX"":0.5}",0.00298601,0.00721807,0.00215832,0.00569457,28918.38902818,28000.00000000,918.38902818,0.03279961,0.02196954,0.01600960,0.29197897,0.08765652,0.41127685,0.13325908,-0.16486337,,2021,0.10499844,2022,-0.12834786,31467.96646103,62.93593292,0.27123637,0.00224771,0.49796699,0.49430543,,,,,0.49898907,0.49707972,,,,
VT TQQQ/BTAL75+DBMF25 t20 w0-80 QQQ:VOL_EWMA80 gate QQQ<SMA200,sens,sens_2020-11-09,2020-11-09,2023-11-08,true,true,"{""*"": 20}",0.03000000,tests/data/2026-08-24-net15,,0.03867211,0.23215541,0.03829759,0.23217560,36144.90378288,28000.00000000,8144.90378288,0.29088942,0.13187557,0.13032327,0.74898898,0.18962289,1.06647525,0.68674906,-0.19202876,169,2021,0.25680684,2022,-0.07544687,143412.93350363,286.82586701,1.08894124,0.01024378,,,0.51737024,0.14906853,0.17200209,0.04856063,,,,,0.30910059,0.04110229
VT TQQQ/BIL50+BTAL50 t20 w0-80 QQQ:VOL_EWMA80 gate QQQ<SMA200,sens,sens_2020-11-09,2020-11-09,2023-11-08,true,true,"{""*"": 20}",0.03000000,tests/data/2026-08-24-net15,,0.03823732,0.22986227,0.03790919,0.22988503,35088.42339477,28000.00000000,7088.42339477,0.25315798,0.11515644,0.11473774,0.69323053,0.18109986,0.98353623,0.59740777,-0.19276020,573,2021,0.25319752,2022,-0.14355845,142634.63519067,285.26927038,1.11298710,0.01018819,0.34296466,0.09481659,0.34427504,0.09975379,,,,,,,0.31024109,0.04339286
TQQQ50/BTAL50 gate QQQ<SMA200,sens,sens_2020-11-09,2020-11-09,2023-11-08,true,true,"{""*"": 20}",0.03000000,tests/data/2026-08-24-net15,,0.08978452,0.39384820,0.08962563,0.39386999,37017.48160045,28000.00000000,9017.48160045,0.32205291,0.13883025,0.14294471,0.68930914,0.22581431,0.99329325,0.44322531,-0.31322726,,2023,0.36403398,2022,-0.26172409,67073.09735926,134.14619472,0.52302735,0.00479094,,,0.58863680,0.49841140,,,,,,,0.41045376,0.10613001
SPY benchmark,sens,sens_2020-11-09,2020-11-09,2023-11-08,true,true,"{""*"": 20}",0.03000000,tests/data/2026-08-24-net15,,0.00979635,0.02925853,0.00984741,0.02928887,32064.92334944,28000.00000000,4064.92334944,0.14517583,0.08449748,0.06812798,0.55278932,0.17442453,0.78982388,0.34608468,-0.24415263,,2021,0.28032338,2022,-0.18262629,27762.94402820,55.52588806,0.21942742,0.00198307,,,,,,,,,0.99015259,0.97071113,,
NTSX100,sens,sens_2021-05-10,2021-05-10,2024-05-08,false,true,"{""*"": 20}",0.03000000,tests/data/2026-08-24-net15,"{""NTSX"":1.0}",0.00108590,0.00294800,0.00114074,0.00298562,31208.25952154,28000.00000000,3208.25952154,0.11458070,0.02987004,0.05435642,0.25551888,0.17568571,0.36036157,0.09494241,-0.31461225,,2023,0.22371443,2022,-0.26021918,27917.89045923,55.83578092,0.25203672,0.00199414,,,,,,,0.99885926,0.99701438,,,,
NTSX75/BIL25,sens,sens_2021-05-10,2021-05-10,2024-05-08,false,true,"{""*"": 20}",0.03000000,tests/data/2026-08-24-net15,"{""BIL"":0.25,""NTSX"":0.75}",0.00323572,0.00768382,0.00247496,0.00542487,30973.48139186,28000.00000000,2973.48139186,0.10619576,0.03138339,0.05052422,0.30123769,0.13127811,0.42564815,0.12966685,-0.24203096,814,2023,0.17830549,2022,-0.19519031,30118.55280385,60.23710561,0.26831151,0.00215133,0.24770434,0.24457513,,,,,0.74900222,0.74724270,,,,
NTSX62.5/BIL37.5,sens,sens_2021-05-10,2021-05-10,2024-05-08,false,true,"{""*"": 20}",0.03000000,tests/data/2026-08-24-net15,"{""BIL"":0.375,""NTSX"":0.625}",0.00342320,0.00905716,0.00248744,0.00723999,30808.35203379,28000.00000000,2808.35203379,0.10029829,0.03124141,0.04781587,0.33668575,0.10914966,0.47644444,0.15304596,-0.20413091,794,2023,0.15548219,2022,-0.16211870,30513.29536392,61.02659073,0.27026228,0.00217952,0.37270334,0.36776001,,,,,0.62381553,0.62176730,,,,
NTSX50/BIL50,sens,sens_2021-05-10,2021-05-10,2024-05-08,false,true,"{""*"": 20}",0.03000000,tests/data/2026-08-24-net15,"{""BIL"":0.5,""NTSX"":0.5}",0.00286773,0.00774695,0.00213187,0.00567355,30607.61768109,28000.00000000,2607.61768109,0.09312920,0.03041455,0.04450893,0.38751170,0.08720538,0.54944984,0.18437570,-0.16495967,766,2023,0.13256847,2022,-0.12852134,30792.51757793,61.58503516,0.27135879,0.00219947,0.49817471,0.49432645,,,,,0.49889950,0.49709291,,,,
VT TQQQ/BTAL75+DBMF25 t20 w0-80 QQQ:VOL_EWMA80 gate QQQ<SMA200,sens,sens_2021-05-10,2021-05-10,2024-05-08,true,true,"{""*"": 20}",0.03000000,tests/data/2026-08-24-net15,,0.03905595,0.23397262,0.03877073,0.23399586,40612.25356772,28000.00000000,12612.25356772,0.45043763,0.19329591,0.19283470,1.08075006,0.17847904,1.57431364,1.32459409,-0.14592841,553,2023,0.33374312,2022,-0.07376276,210029.26312042,420.05852624,1.50852901,0.01500209,,,0.50236829,0.17029033,0.16685112,0.05650429,,,,,0.32932107,0.03928204
VT TQQQ/BIL50+BTAL50 t20 w0-80 QQQ:VOL_EWMA80 gate QQQ<SMA200,sens,sens_2021-05-10,2021-05-10,2024-05-08,true,true,"{""*"": 20}",0.03000000,tests/data/2026-08-24-net15,,0.03882321,0.23219116,0.03842207,0.23221481,39396.73829857,28000.00000000,11396.73829857,0.40702637,0.17098461,0.17636221,0.99869859,0.17330051,1.45056336,0.89668854,-0.19068450,572,2023,0.39563861,2022,-0.14084507,206086.86560627,412.17373121,1.52754593,0.01472049,0.33283693,0.11235986,0.33424540,0.11344623,,,,,,,0.33007154,0.04106308
TQQQ50/BTAL50 gate QQQ<SMA200,sens,sens_2021-05-10,2021-05-10,2024-05-08,true,true,"{""*"": 20}",0.03000000,tests/data/2026-08-24-net15,,0.09221776,0.40167120,0.09213231,0.40169696,42919.33860104,28000.00000000,14919.33860104,0.53283352,0.19899065,0.22313536,0.99809161,0.20260069,1.49139977,0.64588215,-0.30809127,683,2023,0.46109959,2022,-0.25387077,74882.41281476,149.76482563,0.56149447,0.00534874,,,0.59105854,0.49675189,,,,,,,0.40804563,0.09830304
SPY benchmark,sens,sens_2021-05-10,2021-05-10,2024-05-08,true,true,"{""*"": 20}",0.03000000,tests/data/2026-08-24-net15,,0.01135784,0.03043892,0.01141074,0.03047483,34702.06793349,28000.00000000,6702.06793349,0.23935957,0.08550927,0.10900166,0.56415899,0.17174002,0.80683958,0.35121690,-0.24346571,709,2023,0.25530266,2022,-0.18221073,27643.70444578,55.28740889,0.23257244,0.00197455,,,,,,,,,0.98858926,0.96952517,,
NTSX100,sens,sens_2021-11-08,2021-11-08,2024-11-08,false,true,"{""*"": 20}",0.03000000,tests/data/2026-08-24-net15,"{""NTSX"":1.0}",0.00101154,0.00380180,0.00106825,0.00384395,34344.41063331,28000.00000000,6344.41063331,0.22658609,0.03853100,0.10338379,0.30116174,0.17878130,0.42646676,0.12256382,-0.31437500,898,2024,0.23186769,2022,-0.26002203,27943.81549657,55.88763099,0.25238890,0.00199599,,,,,,,0.99893175,0.99615605,,,,
NTSX75/BIL25,sens,sens_2021-11-08,2021-11-08,2024-11-08,false,true,"{""*"": 20}",0.03000000,tests/data/2026-08-24-net15,"{""BIL"":0.25,""NTSX"":0.75}",0.00370011,0.00871245,0.00275127,0.00679979,33335.82734874,28000.00000000,5335.82734874,0.19056526,0.03954933,0.08795767,0.35749815,0.13362829,0.50732169,0.16331197,-0.24217045,815,2024,0.18139188,2022,-0.19548672,29046.01986081,58.09203972,0.25808374,0.00207472,0.24736653,0.24320021,,,,,0.74887565,0.74698064,,,,
NTSX62.5/BIL37.5,sens,sens_2021-11-08,2021-11-08,2024-11-08,false,true,"{""*"": 20}",0.03000000,tests/data/2026-08-24-net15,"{""BIL"":0.375,""NTSX"":0.625}",0.00340963,0.00798848,0.00248553,0.00677738,32816.88458050,28000.00000000,4816.88458050,0.17203159,0.03937975,0.07988531,0.40345670,0.11119938,0.57367320,0.19284845,-0.20420053,794,2024,0.15676179,2022,-0.16213809,29217.26096403,58.43452193,0.25758778,0.00208695,0.37261918,0.36822262,,,,,0.62391383,0.62186278,,,,
NTSX50/BIL50,sens,sens_2021-11-08,2021-11-08,2024-11-08,false,true,"{""*"": 20}",0.03000000,tests/data/2026-08-24-net15,"{""BIL"":0.5,""NTSX"":0.5}",0.00350870,0.00848932,0.00261164,0.00581251,32268.11314699,28000.00000000,4268.11314699,0.15243261,0.03841572,0.07124514,0.46934901,0.08884760,0.66900017,0.23264526,-0.16512572,766,2023,0.13245119,2022,-0.12868860,29497.22469031,58.99444938,0.25822555,0.00210694,0.49746351,0.49418749,,,,,0.49897047,0.49682254,,,,
VT TQQQ/BTAL75+DBMF25 t20 w0-80 QQQ:VOL_EWMA80 gate QQQ<SMA200,sens,sens_2021-11-08,2021-11-08,2024-11-08,true,true,"{""*"": 20}",0.03000000,tests/data/2026-08-24-net15,,0.04099280,0.23932839,0.04074895,0.23935905,40506.30142268,28000.00000000,12506.30142268,0.44665362,0.14980338,0.19100648,0.83214127,0.18973096,1.16921747,0.88962058,-0.16839019,,2023,0.33108704,2022,-0.06592092,238481.02026842,476.96204054,1.80516228,0.01703436,,,0.50754488,0.16999392,0.16859574,0.05622515,,,,,0.32207026,0.03391884
VT TQQQ/BIL50+BTAL50 t20 w0-80 QQQ:VOL_EWMA80 gate QQQ<SMA200,sens,sens_2021-11-08,2021-11-08,2024-11-08,true,true,"{""*"": 20}",0.03000000,tests/data/2026-08-24-net15,,0.04104916,0.23783443,0.04064089,0.23786360,40042.36402529,28000.00000000,12042.36402529,0.43008443,0.13185385,0.18476411,0.76330253,0.18502966,1.07119869,0.70305667,-0.18754370,572,2023,0.39249990,2022,-0.13437205,234100.88761401,468.20177523,1.82241102,0.01672149,0.33575336,0.11309873,0.33788931,0.11314756,,,,,,,0.32303921,0.03541429
TQQQ50/BTAL50 gate QQQ<SMA200,sens,sens_2021-11-08,2021-11-08,2024-11-08,true,true,"{""*"": 20}",0.03000000,tests/data/2026-08-24-net15,,0.09792804,0.41815885,0.09781008,0.41819328,45293.17296485,28000.00000000,17293.17296485,0.61761332,0.17111587,0.25255564,0.85596121,0.21081246,1.25031405,0.57757894,-0.29626403,568,2023,0.45093713,2022,-0.23603325,68767.42929491,137.53485859,0.52620115,0.00491196,,,0.59680201,0.49877939,,,,,,,0.40226151,0.08180672
SPY benchmark,sens,sens_2021-11-08,2021-11-08,2024-11-08,true,true,"{""*"": 20}",0.03000000,tests/data/2026-08-24-net15,,0.01385477,0.03642303,0.01390910,0.03646157,37713.56191874,28000.00000000,9713.56191874,0.34691293,0.09826776,0.15260339,0.62804398,0.17344502,0.90004562,0.41006118,-0.23964170,709,2024,0.26567544,2022,-0.17856828,27880.59490591,55.76118981,0.23219959,0.00199147,,,,,,,,,0.98609090,0.96353843,,
NTSX100,sens,sens_2022-05-09,2022-05-09,2025-05-08,false,true,"{""*"": 20}",0.03000000,tests/data/2026-08-24-net15,"{""NTSX"":1.0}",0.00094386,0.00391413,0.00099615,0.00490922,35029.58226455,28000.00000000,7029.58226455,0.25105651,0.10547855,0.11388747,0.63963866,0.18394370,0.91979175,0.54549097,-0.19336442,332,2023,0.22350187,2022,-0.06031986,27934.02663534,55.86805327,0.21316077,0.00199529,,,,,,,0.99900385,0.99509078,,,,
NTSX75/BIL25,sens,sens_2022-05-09,2022-05-09,2025-05-08,false,true,"{""*"": 20}",0.03000000,tests/data/2026-08-24-net15,"{""BIL"":0.25,""NTSX"":0.75}",0.00339771,0.00702481,0.00252873,0.00573064,33901.16486282,28000.00000000,5901.16486282,0.21075589,0.09096366,0.09682918,0.70577553,0.13728223,1.01636173,0.62053841,-0.14658828,304,2023,0.17807614,2022,-0.03833380,29414.96660075,58.82993320,0.22955142,0.00210107,0.24757805,0.24426936,,,,,0.74896991,0.74815401,,,,
NTSX62.5/BIL37.5,sens,sens_2022-05-09,2022-05-09,2025-05-08,false,true,"{""*"": 20}",0.03000000,tests/data/2026-08-24-net15,"{""BIL"":0.375,""NTSX"":0.625}",0.00317791,0.00870339,0.00237182,0.00685471,33306.26407449,28000.00000000,5306.26407449,0.18950943,0.08283959,0.08766617,0.75786851,0.11409387,1.09304837,0.67615430,-0.12251581,304,2023,0.15515847,2022,-0.02855375,29678.61397760,59.35722796,0.23447231,0.00211990,0.37280327,0.36814529,,,,,0.62396405,0.62234774,,,,
NTSX50/BIL50,sens,sens_2022-05-09,2022-05-09,2025-05-08,false,true,"{""*"": 20}",0.03000000,tests/data/2026-08-24-net15,"{""BIL"":0.5,""NTSX"":0.5}",0.00305825,0.00719432,0.00236277,0.00535589,32699.80741347,28000.00000000,4699.80741347,0.16785026,0.07430054,0.07819927,0.83604131,0.09109021,1.20886117,0.75660276,-0.09820284,291,2023,0.13242425,2022,-0.01934360,30003.23208519,60.00646417,0.24007369,0.00214309,0.49776514,0.49464411,,,,,0.49912151,0.49783544,,,,
VT TQQQ/BTAL75+DBMF25 t20 w0-80 QQQ:VOL_EWMA80 gate QQQ<SMA200,sens,sens_2022-05-09,2022-05-09,2025-05-08,true,true,"{""*"": 20}",0.03000000,tests/data/2026-08-24-net15,,0.05282429,0.27324293,0.05267347,0.27327789,36910.11948698,28000.00000000,8910.11948698,0.31821855,0.14427429,0.14143465,0.77652770,0.20032893,1.08023795,0.77217597,-0.18684120,,2023,0.31253355,2025,-0.04707140,239665.67754934,479.33135510,1.67610014,0.01711898,,,0.51605131,0.17022101,0.17147058,0.05604081,,,,,0.31097954,0.00000000
VT TQQQ/BIL50+BTAL50 t20 w0-80 QQQ:VOL_EWMA80 gate QQQ<SMA200,sens,sens_2022-05-09,2022-05-09,2025-05-08,true,true,"{""*"": 20}",0.03000000,tests/data/2026-08-24-net15,,0.05347596,0.27324625,0.05315450,0.27327789,38040.71598117,28000.00000000,10040.71598117,0.35859700,0.16246892,0.15750196,0.88623473,0.19145398,1.23838879,0.91588467,-0.17739016,,2023,0.37446099,2025,-0.04841085,246036.06330316,492.07212661,1.67921971,0.01757400,0.34227657,0.11101855,0.34389210,0.11312729,,,,,,,0.31104237,0.00000000
TQQQ50/BTAL50 gate QQQ<SMA200,sens,sens_2022-05-09,2022-05-09,2025-05-08,true,true,"{""*"": 20}",0.03000000,tests/data/2026-08-24-net15,,0.12702486,0.49996563,0.12698789,0.50000000,41799.80588498,28000.00000000,13799.80588498,0.49285021,0.21313583,0.20852571,0.95068327,0.23272761,1.37540096,0.85324125,-0.24979550,,2023,0.40286123,2025,-0.09585647,78241.79523041,156.48359046,0.49060268,0.00558870,,,0.62603931,0.49901913,,,,,,,0.37309462,0.00000000
SPY benchmark,sens,sens_2022-05-09,2022-05-09,2025-05-08,true,true,"{""*"": 20}",0.03000000,tests/data/2026-08-24-net15,,0.00980098,0.02358482,0.00985215,0.02360923,36940.14785517,28000.00000000,8940.14785517,0.31929099,0.13766792,0.14186604,0.80332167,0.18180535,1.18697074,0.73563512,-0.18714158,,2023,0.25638065,2025,-0.03334953,27876.12257307,55.75224515,0.20270733,0.00199115,,,,,,,,,0.99014785,0.97639077,,
NTSX100,sens,sens_2022-11-08,2022-11-08,2025-11-07,false,true,"{""*"": 20}",0.03000000,tests/data/2026-08-24-net15,"{""NTSX"":1.0}",0.00101962,0.00330400,0.00106951,0.00429970,41353.91046314,28000.00000000,13353.91046314,0.47692537,0.20446385,0.20259514,1.25451824,0.15908813,1.87523245,1.21069124,-0.16888191,200,2023,0.22317065,2022,0.01834080,27909.76618921,55.81953238,0.19304912,0.00199355,,,,,,,0.99893049,0.99570030,,,,
NTSX75/BIL25,sens,sens_2022-11-08,2022-11-08,2025-11-07,false,true,"{""*"": 20}",0.03000000,tests/data/2026-08-24-net15,"{""BIL"":0.25,""NTSX"":0.75}",0.00334211,0.00733448,0.00256989,0.00660076,38331.56114276,28000.00000000,10331.56114276,0.36898433,0.16336926,0.16153120,1.33850879,0.11887356,2.00477934,1.29388734,-0.12626235,125,2023,0.17810845,2022,0.01610216,28699.21488434,57.39842977,0.20795606,0.00204994,0.24757481,0.24339924,,,,,0.74903162,0.74756839,,,,
NTSX62.5/BIL37.5,sens,sens_2022-11-08,2022-11-08,2025-11-07,false,true,"{""*"": 20}",0.03000000,tests/data/2026-08-24-net15,"{""BIL"":0.375,""NTSX"":0.625}",0.00323864,0.00831768,0.00244822,0.00648874,36878.47395785,28000.00000000,8878.47395785,0.31708836,0.14267871,0.14093823,1.40572936,0.09880857,2.10979884,1.35710851,-0.10513434,113,2023,0.15509079,2022,0.01460972,29176.57256971,58.35314514,0.21650529,0.00208404,0.37285514,0.36851126,,,,,0.62385384,0.62254119,,,,
NTSX50/BIL50,sens,sens_2022-11-08,2022-11-08,2025-11-07,false,true,"{""*"": 20}",0.03000000,tests/data/2026-08-24-net15,"{""BIL"":0.5,""NTSX"":0.5}",0.00351505,0.00893341,0.00257051,0.00777363,35466.97948489,28000.00000000,7466.97948489,0.26667784,0.12195360,0.12035459,1.50517871,0.07888455,2.26679944,1.45583313,-0.08376894,111,2023,0.13226855,2022,0.01289946,29401.17110714,58.80234221,0.22349191,0.00210008,0.49756708,0.49222637,,,,,0.49886494,0.49770770,,,,
VT TQQQ/BTAL75+DBMF25 t20 w0-80 QQQ:VOL_EWMA80 gate QQQ<SMA200,sens,sens_2022-11-08,2022-11-08,2025-11-07,true,true,"{""*"": 20}",0.03000000,tests/data/2026-08-24-net15,,0.02198963,0.27323081,0.02165566,0.27327789,43308.39299466,28000.00000000,15308.39299466,0.54672832,0.21945932,0.22799576,1.05079430,0.21107380,1.45936079,1.17718971,-0.18642647,448,2023,0.31262912,2022,-0.01305312,310141.67002183,620.28334004,2.11352131,0.02215298,,,0.44607195,0.14975326,0.14829831,0.04956258,,,,,0.40397395,0.00000000
VT TQQQ/BIL50+BTAL50 t20 w0-80 QQQ:VOL_EWMA80 gate QQQ<SMA200,sens,sens_2022-11-08,2022-11-08,2025-11-07,true,true,"{""*"": 20}",0.03000000,tests/data/2026-08-24-net15,,0.02302905,0.27323519,0.02244287,0.27327789,45497.31949899,28000.00000000,17497.31949899,0.62490427,0.25304417,0.25547166,1.17537020,0.21212631,1.64460276,1.42867088,-0.17711859,398,2023,0.37451126,2022,0.00742786,323667.05932823,647.33411866,2.12330744,0.02311908,0.29560596,0.09779504,0.29727410,0.09959411,,,,,,,0.40403481,0.00000000
TQQQ50/BTAL50 gate QQQ<SMA200,sens,sens_2022-11-08,2022-11-08,2025-11-07,true,true,"{""*"": 20}",0.03000000,tests/data/2026-08-24-net15,,0.04629633,0.49995509,0.04613926,0.50000000,45834.59379100,28000.00000000,17834.59379100,0.63694978,0.27378916,0.25961936,1.20153144,0.22315881,1.74425770,1.09747986,-0.24947078,288,2023,0.40230507,2022,0.00968890,82915.68476376,165.83136953,0.50011949,0.00592255,,,0.54504153,0.49887045,,,,,,,0.45389140,0.00000000
SPY benchmark,sens,sens_2022-11-08,2022-11-08,2025-11-07,true,true,"{""*"": 20}",0.03000000,tests/data/2026-08-24-net15,,0.00989568,0.03003080,0.00994474,0.03006425,42359.70500745,28000.00000000,14359.70500745,0.51284661,0.21838726,0.21577325,1.33006362,0.15864252,2.03027900,1.16369253,-0.18766750,127,2023,0.25580825,2022,0.00548441,27580.57391464,55.16114783,0.18651731,0.00197004,,,,,,,,,0.99005526,0.96993575,,
NTSX100,sens,sens_2023-05-08,2023-05-08,2026-05-08,false,true,"{""*"": 20}",0.03000000,tests/data/2026-08-24-net15,"{""NTSX"":1.0}",0.00089910,0.00364388,0.00094931,0.00463924,40853.74274597,28000.00000000,12853.74274597,0.45906224,0.19491556,0.19594500,1.25674038,0.15145900,1.82557964,1.15365716,-0.16895449,200,2024,0.19918310,2026,0.06811510,27943.20019794,55.88640040,0.19596956,0.00199594,,,,,,,0.99905069,0.99536076,,,,
NTSX75/BIL25,sens,sens_2023-05-08,2023-05-08,2026-05-08,false,true,"{""*"": 20}",0.03000000,tests/data/2026-08-24-net15,"{""BIL"":0.25,""NTSX"":0.75}",0.00296172,0.00675784,0.00224588,0.00767943,37928.76800101,28000.00000000,9928.76800101,0.35459886,0.15562498,0.15587718,1.34193957,0.11302468,1.95213486,1.23198097,-0.12632093,125,2024,0.15935416,2026,0.05441791,29289.50412563,58.57900825,0.21471953,0.00209211,0.24790307,0.24232057,,,,,0.74908303,0.74761032,,,,
NTSX62.5/BIL37.5,sens,sens_2023-05-08,2023-05-08,2026-05-08,false,true,"{""*"": 20}",0.03000000,tests/data/2026-08-24-net15,"{""BIL"":0.375,""NTSX"":0.625}",0.00384255,0.00851828,0.00283718,0.00599073,36544.74955517,28000.00000000,8544.74955517,0.30516963,0.13626081,0.13612283,1.41289746,0.09393490,2.05969172,1.29545252,-0.10518394,113,2024,0.13980362,2026,0.04745370,29546.11256008,59.09222512,0.22142831,0.00211044,0.37223521,0.36900927,,,,,0.62386973,0.62204251,,,,
NTSX50/BIL50,sens,sens_2023-05-08,2023-05-08,2026-05-08,false,true,"{""*"": 20}",0.03000000,tests/data/2026-08-24-net15,"{""BIL"":0.5,""NTSX"":0.5}",0.00312180,0.00881072,0.00243456,0.00730676,35184.24908434,28000.00000000,7184.24908434,0.25658032,0.11665616,0.11615900,1.51517869,0.07499902,2.21624114,1.39163456,-0.08382672,111,2024,0.12019200,2026,0.04031522,30054.40995481,60.10881991,0.23036555,0.00214674,0.49776335,0.49269324,,,,,0.49906133,0.49768038,,,,
VT TQQQ/BTAL75+DBMF25 t20 w0-80 QQQ:VOL_EWMA80 gate QQQ<SMA200,sens,sens_2023-05-08,2023-05-08,2026-05-08,true,true,"{""*"": 20}",0.03000000,tests/data/2026-08-24-net15,,0.00364154,0.06541680,0.00318746,0.06543492,40708.55897299,28000.00000000,12708.55897299,0.45387711,0.21418897,0.19400665,1.02881262,0.21132159,1.42434002,1.14777827,-0.18661180,448,2023,0.27357211,2026,0.01668145,307853.81395591,615.70762791,2.05376636,0.02198956,,,0.41538607,0.14986407,0.13800141,0.04986738,,,,,0.44479674,0.20018236
VT TQQQ/BIL50+BTAL50 t20 w0-80 QQQ:VOL_EWMA80 gate QQQ<SMA200,sens,sens_2023-05-08,2023-05-08,2026-05-08,true,true,"{""*"": 20}",0.03000000,tests/data/2026-08-24-net15,,0.00490998,0.06376267,0.00437742,0.06378810,42616.70910092,28000.00000000,14616.70910092,0.52202533,0.23558850,0.21909026,1.09073906,0.21642299,1.51274221,1.32965921,-0.17717961,398,2023,0.29302857,2026,0.03762758,313987.23081852,627.97446164,2.06629612,0.02242766,0.27506642,0.09728908,0.27683025,0.09966911,,,,,,,0.44494779,0.20043285
TQQQ50/BTAL50 gate QQQ<SMA200,sens,sens_2023-05-08,2023-05-08,2026-05-08,true,true,"{""*"": 20}",0.03000000,tests/data/2026-08-24-net15,,0.00745838,0.10035620,0.00720390,0.10037337,45238.23738878,28000.00000000,17238.23738878,0.61565134,0.27935534,0.25224994,1.25348282,0.21609516,1.80970777,1.12223895,-0.24892679,288,2024,0.35750618,2025,0.05324534,68982.82075671,137.96564151,0.43044075,0.00492734,,,0.50602949,0.49884651,,,,,,,0.49284010,0.39962663
SPY benchmark,sens,sens_2023-05-08,2023-05-08,2026-05-08,true,true,"{""*"": 20}",0.03000000,tests/data/2026-08-24-net15,,0.01091236,0.02995695,0.01096146,0.02998928,42763.38822605,28000.00000000,14763.38822605,0.52726387,0.22478408,0.22098425,1.43124572,0.15014296,2.15191811,1.20084071,-0.18718893,127,2024,0.24341784,2026,0.08406877,27892.58369956,55.78516740,0.18903273,0.00199233,,,,,,,,,0.98903854,0.97001072,,
