label,kind,window,start,end,is_baseline,feasible,cost_bps,cash_yield,data_dir,params.safe,avg_misallocation,max_misallocation,avg_asset_deviation,max_asset_deviation,final_value,total_contributed,net_profit,net_profit_pct,cagr,xirr,sharpe,volatility,sortino,calmar,max_drawdown,max_drawdown_days,best_year,best_year_return,worst_year,worst_year_return,traded_value,total_fees,turnover,fee_drag,exposure.BIL.avg,exposure.BIL.min,exposure.BTAL.avg,exposure.BTAL.min,exposure.SPY.avg,exposure.SPY.min,exposure.TQQQ.avg,exposure.TQQQ.min
VT TQQQ/BTAL t20 w0-80 QQQ:VOL_EWMA80 gate QQQ<SMA200,full,full,2012-01-03,2026-08-24,false,true,"{""*"": 6, ""BIL"": 0.5, ""BTAL"": 6, ""DBMF"": 2.5, ""KMLM"": 6, ""QQQ"": 1, ""SPY"": 0.7, ""TQQQ"": 1.5}",0.03000000,tests/data/2026-08-24-net15,BTAL,0.01128758,0.22105705,0.01132630,0.22105772,443213.99451816,97500.00000000,345713.99451816,3.54578456,0.18214392,0.17067117,0.85305189,0.22709081,1.18274561,0.69991357,-0.26023773,366,2017,0.65329828,2015,-0.09897028,8504499.05552884,3193.25672752,1.77507287,0.03275135,,,0.53858995,0.19828130,,,0.46113394,0.05222018
VT TQQQ/BIL25+BTAL75 t20 w0-80 QQQ:VOL_EWMA80 gate QQQ<SMA200,full,full,2012-01-03,2026-08-24,false,true,"{""*"": 6, ""BIL"": 0.5, ""BTAL"": 6, ""DBMF"": 2.5, ""KMLM"": 6, ""QQQ"": 1, ""SPY"": 0.7, ""TQQQ"": 1.5}",0.03000000,tests/data/2026-08-24-net15,BIL25+BTAL75,0.01165617,0.21958574,0.01155306,0.21958708,487909.92183177,97500.00000000,390409.92183177,4.00420433,0.19171825,0.18090379,0.89142159,0.22616175,1.23454845,0.80048617,-0.23950226,472,2017,0.66519117,2022,-0.12074742,8958866.46813353,2726.95839151,1.78972154,0.02796880,0.13408488,0.04722348,0.40386937,0.14913479,,,0.46126432,0.05369081
VT TQQQ/BIL50+BTAL50 t20 w0-80 QQQ:VOL_EWMA80 gate QQQ<SMA200,full,full,2012-01-03,2026-08-24,false,true,"{""*"": 6, ""BIL"": 0.5, ""BTAL"": 6, ""DBMF"": 2.5, ""KMLM"": 6, ""QQQ"": 1, ""SPY"": 0.7, ""TQQQ"": 1.5}",0.03000000,tests/data/2026-08-24-net15,BIL50+BTAL50,0.01156402,0.21800262,0.01147129,0.21800476,533254.89976463,97500.00000000,435754.89976463,4.46928102,0.20062884,0.19034641,0.91792342,0.22831580,1.26952255,0.82081204,-0.24442726,477,2017,0.67706120,2022,-0.15239078,9373398.97769824,2207.92598163,1.79888179,0.02264539,0.26871092,0.09744184,0.26917241,0.09940466,,,0.46136644,0.05527313
VT TQQQ/BIL75+BTAL25 t20 w0-80 QQQ:VOL_EWMA80 gate QQQ<SMA200,full,full,2012-01-03,2026-08-24,false,true,"{""*"": 6, ""BIL"": 0.5, ""BTAL"": 6, ""DBMF"": 2.5, ""KMLM"": 6, ""QQQ"": 1, ""SPY"": 0.7, ""TQQQ"": 1.5}",0.03000000,tests/data/2026-08-24-net15,BIL75+BTAL25,0.01151458,0.21632331,0.01141050,0.21632504,578951.28602017,97500.00000000,481451.28602017,4.93796191,0.20893126,0.19906718,0.93243713,0.23346430,1.28774401,0.82171723,-0.25426175,708,2017,0.68891555,2022,-0.18401773,9734630.55770234,1633.38503682,1.80056470,0.01675267,0.40323883,0.14441692,0.13449228,0.04910866,,,0.46146920,0.05695285
VT TQQQ/BIL t20 w0-80 QQQ:VOL_EWMA80 gate QQQ<SMA200,full,full,2012-01-03,2026-08-24,false,true,"{""*"": 6, ""BIL"": 0.5, ""BTAL"": 6, ""DBMF"": 2.5, ""KMLM"": 6, ""QQQ"": 1, ""SPY"": 0.7, ""TQQQ"": 1.5}",0.03000000,tests/data/2026-08-24-net15,BIL,0.01125506,0.21450569,0.01124435,0.21450574,624274.02982451,97500.00000000,526774.02982451,5.40281056,0.21658975,0.20705144,0.93592651,0.24138966,1.29123558,0.79914190,-0.27102790,708,2017,0.70077067,2022,-0.21563704,10043770.00029945,1003.46807483,1.79680964,0.01029198,0.53776812,0.19707887,,,,,0.46158084,0.05877216
SPY benchmark,full,full,2012-01-03,2026-08-24,true,true,"{""*"": 6, ""BIL"": 0.5, ""BTAL"": 6, ""DBMF"": 2.5, ""KMLM"": 6, ""QQQ"": 1, ""SPY"": 0.7, ""TQQQ"": 1.5}",0.03000000,tests/data/2026-08-24-net15,,0.00165763,0.00887397,0.00165813,0.00887535,353051.02493906,97500.00000000,255551.02493906,2.62103615,0.14643292,0.14631590,0.91192795,0.16527492,1.29098146,0.43404677,-0.33736669,173,2013,0.31819168,2022,-0.18365542,97233.05567962,6.80631390,0.02779235,0.00006981,,,,,0.99834187,0.99112465,,
VT TQQQ/BTAL t20 w0-80 QQQ:VOL_EWMA80 gate QQQ<SMA200,fit,fit,2012-01-03,2022-12-30,false,true,"{""*"": 6, ""BIL"": 0.5, ""BTAL"": 6, ""DBMF"": 2.5, ""KMLM"": 6, ""QQQ"": 1, ""SPY"": 0.7, ""TQQQ"": 1.5}",0.03000000,tests/data/2026-08-24-net15,BTAL,0.01276234,0.16643154,0.01280423,0.16643223,224837.57956189,75500.00000000,149337.57956189,1.97798119,0.18200195,0.16577242,0.82558557,0.23695999,1.14401821,0.69936805,-0.26023773,366,2017,0.65329828,2015,-0.09897028,3946081.65506827,1483.36044765,1.74752776,0.01964716,,,0.52394773,0.19828130,,,0.47573440,0.06096166
VT TQQQ/BIL25+BTAL75 t20 w0-80 QQQ:VOL_EWMA80 gate QQQ<SMA200,fit,fit,2012-01-03,2022-12-30,false,true,"{""*"": 6, ""BIL"": 0.5, ""BTAL"": 6, ""DBMF"": 2.5, ""KMLM"": 6, ""QQQ"": 1, ""SPY"": 0.7, ""TQQQ"": 1.5}",0.03000000,tests/data/2026-08-24-net15,BIL25+BTAL75,0.01327820,0.16537602,0.01314654,0.16537696,230159.54307843,75500.00000000,154659.54307843,2.04847077,0.18653317,0.16920990,0.84864226,0.23430148,1.17379145,0.77883680,-0.23950226,472,2017,0.66519117,2022,-0.12074506,4095405.31782365,1248.82562004,1.76367486,0.01654074,0.13028049,0.04722348,0.39288814,0.14913479,,,0.47585450,0.06201693
VT TQQQ/BIL50+BTAL50 t20 w0-80 QQQ:VOL_EWMA80 gate QQQ<SMA200,fit,fit,2012-01-03,2022-12-30,false,true,"{""*"": 6, ""BIL"": 0.5, ""BTAL"": 6, ""DBMF"": 2.5, ""KMLM"": 6, ""QQQ"": 1, ""SPY"": 0.7, ""TQQQ"": 1.5}",0.03000000,tests/data/2026-08-24-net15,BIL50+BTAL50,0.01319127,0.16422366,0.01307402,0.16422532,234419.72573117,75500.00000000,158919.72573117,2.10489703,0.19039530,0.17190339,0.86253126,0.23431472,1.18998733,0.77894461,-0.24442726,477,2017,0.67706120,2022,-0.15238713,4225165.79155957,999.22277171,1.77276273,0.01323474,0.26127077,0.09744184,0.26185057,0.09940466,,,0.47594723,0.06316857
VT TQQQ/BIL75+BTAL25 t20 w0-80 QQQ:VOL_EWMA80 gate QQQ<SMA200,fit,fit,2012-01-03,2022-12-30,false,true,"{""*"": 6, ""BIL"": 0.5, ""BTAL"": 6, ""DBMF"": 2.5, ""KMLM"": 6, ""QQQ"": 1, ""SPY"": 0.7, ""TQQQ"": 1.5}",0.03000000,tests/data/2026-08-24-net15,BIL75+BTAL25,0.01316943,0.16299505,0.01304140,0.16299641,237741.27654712,75500.00000000,162241.27654712,2.14889108,0.19368911,0.17396891,0.86718693,0.23698937,1.19305973,0.76177054,-0.25426175,708,2017,0.68891555,2022,-0.18401490,4321383.10364963,729.02827180,1.76921001,0.00965600,0.39213997,0.14441692,0.13081331,0.04910866,,,0.47604281,0.06439747
VT TQQQ/BIL t20 w0-80 QQQ:VOL_EWMA80 gate QQQ<SMA200,fit,fit,2012-01-03,2022-12-30,false,true,"{""*"": 6, ""BIL"": 0.5, ""BTAL"": 6, ""DBMF"": 2.5, ""KMLM"": 6, ""QQQ"": 1, ""SPY"": 0.7, ""TQQQ"": 1.5}",0.03000000,tests/data/2026-08-24-net15,BIL,0.01287401,0.16164628,0.01286814,0.16164633,240015.46963778,75500.00000000,164515.46963778,2.17901284,0.19636845,0.17536619,0.86301495,0.24220305,1.18439496,0.72453222,-0.27102790,708,2017,0.70077067,2022,-0.21563697,4395349.23189238,438.71698002,1.75892225,0.00581082,0.52303720,0.19707887,,,,,0.47614757,0.06574756
SPY benchmark,fit,fit,2012-01-03,2022-12-30,true,true,"{""*"": 6, ""BIL"": 0.5, ""BTAL"": 6, ""DBMF"": 2.5, ""KMLM"": 6, ""QQQ"": 1, ""SPY"": 0.7, ""TQQQ"": 1.5}",0.03000000,tests/data/2026-08-24-net15,,0.00181713,0.00887397,0.00181778,0.00887535,155037.99589010,75500.00000000,79537.99589010,1.05348339,0.12272174,0.11077065,0.76728635,0.16992121,1.07071696,0.36376365,-0.33736669,173,2013,0.31819168,2022,-0.18365528,75481.94120423,5.28373588,0.04442562,0.00006998,,,,,0.99818222,0.99112465,,
VT TQQQ/BTAL t20 w0-80 QQQ:VOL_EWMA80 gate QQQ<SMA200,test,test,2023-01-03,2026-08-24,false,true,"{""*"": 6, ""BIL"": 0.5, ""BTAL"": 6, ""DBMF"": 2.5, ""KMLM"": 6, ""QQQ"": 1, ""SPY"": 0.7, ""TQQQ"": 1.5}",0.03000000,tests/data/2026-08-24-net15,BTAL,0.00969314,0.29805569,0.00949111,0.29835514,45388.06375426,31500.00000000,13888.06375426,0.44089091,0.17122563,0.15735096,0.91455391,0.19460348,1.26994359,0.97497570,-0.17562041,,2023,0.28797348,2026,0.01225147,378628.07931385,144.64250017,1.87880550,0.00459183,,,0.58361583,0.19982163,,,0.41535112,0.00000000
VT TQQQ/BIL25+BTAL75 t20 w0-80 QQQ:VOL_EWMA80 gate QQQ<SMA200,test,test,2023-01-03,2026-08-24,false,true,"{""*"": 6, ""BIL"": 0.5, ""BTAL"": 6, ""DBMF"": 2.5, ""KMLM"": 6, ""QQQ"": 1, ""SPY"": 0.7, ""TQQQ"": 1.5}",0.03000000,tests/data/2026-08-24-net15,BIL25+BTAL75,0.01080516,0.29812408,0.01016043,0.29835514,48147.92671062,31500.00000000,16647.92671062,0.52850561,0.19733764,0.18378583,1.00722106,0.19973802,1.40183700,1.14552318,-0.17226857,,2023,0.33042421,2026,0.03691867,391137.31553467,120.92774664,1.88270286,0.00383898,0.14440546,0.04757559,0.43759898,0.14983965,,,0.41562750,0.00000000
VT TQQQ/BIL50+BTAL50 t20 w0-80 QQQ:VOL_EWMA80 gate QQQ<SMA200,test,test,2023-01-03,2026-08-24,false,true,"{""*"": 6, ""BIL"": 0.5, ""BTAL"": 6, ""DBMF"": 2.5, ""KMLM"": 6, ""QQQ"": 1, ""SPY"": 0.7, ""TQQQ"": 1.5}",0.03000000,tests/data/2026-08-24-net15,BIL50+BTAL50,0.01085394,0.29819305,0.01007856,0.29835514,50994.48512002,31500.00000000,19494.48512002,0.61887254,0.22304516,0.20980125,1.07371363,0.20905770,1.49909746,1.29008511,-0.17289182,398,2023,0.37229015,2026,0.06136494,403845.41751206,96.18247581,1.88680944,0.00305341,0.29045005,0.09846281,0.29149482,0.09973857,,,0.41555220,0.00000000
VT TQQQ/BIL75+BTAL25 t20 w0-80 QQQ:VOL_EWMA80 gate QQQ<SMA200,test,test,2023-01-03,2026-08-24,false,true,"{""*"": 6, ""BIL"": 0.5, ""BTAL"": 6, ""DBMF"": 2.5, ""KMLM"": 6, ""QQQ"": 1, ""SPY"": 0.7, ""TQQQ"": 1.5}",0.03000000,tests/data/2026-08-24-net15,BIL75+BTAL25,0.01102591,0.29826202,0.01027334,0.29835514,53933.27972576,31500.00000000,22433.27972576,0.71216761,0.24844975,0.23546436,1.11576907,0.22228323,1.56207030,1.30078111,-0.19100043,235,2023,0.41452019,2026,0.08544910,416618.33968765,70.01904125,1.89011390,0.00222283,0.43585393,0.14799005,0.14556652,0.04961763,,,0.41574437,0.00000000
VT TQQQ/BIL t20 w0-80 QQQ:VOL_EWMA80 gate QQQ<SMA200,test,test,2023-01-03,2026-08-24,false,true,"{""*"": 6, ""BIL"": 0.5, ""BTAL"": 6, ""DBMF"": 2.5, ""KMLM"": 6, ""QQQ"": 1, ""SPY"": 0.7, ""TQQQ"": 1.5}",0.03000000,tests/data/2026-08-24-net15,BIL,0.01074608,0.29833020,0.01027431,0.29835514,56922.91835116,31500.00000000,25422.91835116,0.80707677,0.27319717,0.26044899,1.13809763,0.23858790,1.59685174,1.28489043,-0.21262293,224,2023,0.45607425,2026,0.10900094,428825.94907056,42.29365576,1.89073545,0.00134266,0.58171159,0.19847138,,,,,0.41578711,0.00000000
SPY benchmark,test,test,2023-01-03,2026-08-24,true,true,"{""*"": 6, ""BIL"": 0.5, ""BTAL"": 6, ""DBMF"": 2.5, ""KMLM"": 6, ""QQQ"": 1, ""SPY"": 0.7, ""TQQQ"": 1.5}",0.03000000,tests/data/2026-08-24-net15,,0.01118127,0.02889993,0.01118276,0.02890110,51462.51865568,31500.00000000,19962.51865568,0.63373075,0.22151929,0.21396638,1.42521974,0.14894780,2.14327329,1.18927495,-0.18626415,127,2023,0.26134206,2026,0.12377263,31218.24766906,2.18527734,0.14948196,0.00006937,,,,,0.98881724,0.97109890,,
VT TQQQ/BTAL t20 w0-80 QQQ:VOL_EWMA80 gate QQQ<SMA200,sens,sens_2012-01-03,2012-01-03,2015-01-02,false,true,"{""*"": 6, ""BIL"": 0.5, ""BTAL"": 6, ""DBMF"": 2.5, ""KMLM"": 6, ""QQQ"": 1, ""SPY"": 0.7, ""TQQQ"": 1.5}",0.03000000,tests/data/2026-08-24-net15,BTAL,0.00349777,0.11098359,0.00356537,0.11099218,47215.17879898,28000.00000000,19215.17879898,0.68625639,0.29155685,0.27749561,1.21001487,0.23475082,1.74552265,1.90799962,-0.15280760,227,2013,0.53374188,2015,-0.02468944,473809.42934808,178.78977579,2.91719649,0.00638535,,,0.42404202,0.19828130,,,0.57535820,0.23749454
VT TQQQ/BIL25+BTAL75 t20 w0-80 QQQ:VOL_EWMA80 gate QQQ<SMA200,sens,sens_2012-01-03,2012-01-03,2015-01-02,false,true,"{""*"": 6, ""BIL"": 0.5, ""BTAL"": 6, ""DBMF"": 2.5, ""KMLM"": 6, ""QQQ"": 1, ""SPY"": 0.7, ""TQQQ"": 1.5}",0.03000000,tests/data/2026-08-24-net15,BIL25+BTAL75,0.00505761,0.11138971,0.00473043,0.11139633,48281.30728242,28000.00000000,20281.30728242,0.72433240,0.30530058,0.29023690,1.24794549,0.23644343,1.80247823,1.98702005,-0.15364746,224,2013,0.56759276,2015,-0.01954608,483737.21200146,148.50439158,2.92681632,0.00530373,0.10437763,0.04722348,0.31801803,0.14913479,,,0.57536827,0.23749647
VT TQQQ/BIL50+BTAL50 t20 w0-80 QQQ:VOL_EWMA80 gate QQQ<SMA200,sens,sens_2012-01-03,2012-01-03,2015-01-02,false,true,"{""*"": 6, ""BIL"": 0.5, ""BTAL"": 6, ""DBMF"": 2.5, ""KMLM"": 6, ""QQQ"": 1, ""SPY"": 0.7, ""TQQQ"": 1.5}",0.03000000,tests/data/2026-08-24-net15,BIL50+BTAL50,0.00491806,0.11180744,0.00465267,0.11181220,49357.51195238,28000.00000000,21357.51195238,0.76276828,0.31889349,0.30289375,1.28038366,0.23905504,1.85107585,2.03923003,-0.15637936,223,2013,0.60189297,2015,-0.01438483,494075.22790767,117.14072547,2.93840427,0.00418360,0.21070362,0.09744184,0.21197284,0.09940466,,,0.57535470,0.23748606
VT TQQQ/BIL75+BTAL25 t20 w0-80 QQQ:VOL_EWMA80 gate QQQ<SMA200,sens,sens_2012-01-03,2012-01-03,2015-01-02,false,true,"{""*"": 6, ""BIL"": 0.5, ""BTAL"": 6, ""DBMF"": 2.5, ""KMLM"": 6, ""QQQ"": 1, ""SPY"": 0.7, ""TQQQ"": 1.5}",0.03000000,tests/data/2026-08-24-net15,BIL75+BTAL25,0.00520599,0.11221956,0.00493706,0.11222248,50449.59380667,28000.00000000,22449.59380667,0.80177121,0.33240645,0.31553508,1.30743447,0.24258015,1.89126025,2.08393099,-0.15950934,225,2013,0.63682514,2015,-0.00923416,503853.31600496,84.70310965,2.94585480,0.00302511,0.31657376,0.14441692,0.10581311,0.04910866,,,0.57534249,0.23749218
VT TQQQ/BIL t20 w0-80 QQQ:VOL_EWMA80 gate QQQ<SMA200,sens,sens_2012-01-03,2012-01-03,2015-01-02,false,true,"{""*"": 6, ""BIL"": 0.5, ""BTAL"": 6, ""DBMF"": 2.5, ""KMLM"": 6, ""QQQ"": 1, ""SPY"": 0.7, ""TQQQ"": 1.5}",0.03000000,tests/data/2026-08-24-net15,BIL,0.00481896,0.11260035,0.00482491,0.11260098,51546.18669423,28000.00000000,23546.18669423,0.84093524,0.34570581,0.32803145,1.32892974,0.24696154,1.92295782,2.11926133,-0.16312562,223,2013,0.67205001,2015,-0.00408083,514164.08198948,51.15756166,2.95621542,0.00182706,0.42277539,0.19707887,,,,,0.57533186,0.23748603
SPY benchmark,sens,sens_2012-01-03,2012-01-03,2015-01-02,true,true,"{""*"": 6, ""BIL"": 0.5, ""BTAL"": 6, ""DBMF"": 2.5, ""KMLM"": 6, ""QQQ"": 1, ""SPY"": 0.7, ""TQQQ"": 1.5}",0.03000000,tests/data/2026-08-24-net15,,0.00279958,0.00887397,0.00280132,0.00887535,40319.02047745,28000.00000000,12319.02047745,0.43996502,0.19234501,0.18958290,1.57435116,0.11629244,2.32535729,1.99323290,-0.09649901,136,2013,0.31819168,2015,-0.00053252,27849.42550453,1.94945979,0.19381535,0.00006962,,,,,0.99719868,0.99112465,,
VT TQQQ/BTAL t20 w0-80 QQQ:VOL_EWMA80 gate QQQ<SMA200,sens,sens_2012-07-03,2012-07-03,2015-07-02,false,true,"{""*"": 6, ""BIL"": 0.5, ""BTAL"": 6, ""DBMF"": 2.5, ""KMLM"": 6, ""QQQ"": 1, ""SPY"": 0.7, ""TQQQ"": 1.5}",0.03000000,tests/data/2026-08-24-net15,BTAL,0.00370005,0.11706733,0.00375876,0.11707986,39394.73277030,28000.00000000,11394.73277030,0.40695474,0.17928848,0.17729667,0.81536903,0.23745838,1.13868916,1.17200771,-0.15297551,227,2013,0.53376391,2012,-0.03997103,409824.23482946,154.96442252,2.76577842,0.00553444,,,0.43302195,0.19871410,,,0.56631704,0.28609864
VT TQQQ/BIL25+BTAL75 t20 w0-80 QQQ:VOL_EWMA80 gate QQQ<SMA200,sens,sens_2012-07-03,2012-07-03,2015-07-02,false,true,"{""*"": 6, ""BIL"": 0.5, ""BTAL"": 6, ""DBMF"": 2.5, ""KMLM"": 6, ""QQQ"": 1, ""SPY"": 0.7, ""TQQQ"": 1.5}",0.03000000,tests/data/2026-08-24-net15,BIL25+BTAL75,0.00542678,0.11739508,0.00507956,0.11740527,40359.41866158,28000.00000000,12359.41866158,0.44140781,0.19410830,0.19046632,0.86871046,0.23724120,1.21456669,1.26977816,-0.15286788,224,2013,0.56756183,2012,-0.03050631,419645.91277303,128.92752554,2.77634157,0.00460455,0.10647763,0.04620949,0.32479775,0.14883760,,,0.56632210,0.28609864
VT TQQQ/BIL50+BTAL50 t20 w0-80 QQQ:VOL_EWMA80 gate QQQ<SMA200,sens,sens_2012-07-03,2012-07-03,2015-07-02,false,true,"{""*"": 6, ""BIL"": 0.5, ""BTAL"": 6, ""DBMF"": 2.5, ""KMLM"": 6, ""QQQ"": 1, ""SPY"": 0.7, ""TQQQ"": 1.5}",0.03000000,tests/data/2026-08-24-net15,BIL50+BTAL50,0.00499964,0.11773535,0.00469487,0.11774255,41342.25025228,28000.00000000,13342.25025228,0.47650894,0.20892808,0.20364860,0.91847507,0.23807755,1.28571277,1.34257348,-0.15561761,223,2013,0.60187742,2012,-0.02104695,429339.99636363,101.77921655,2.78471326,0.00363497,0.21522728,0.09667455,0.21642761,0.09908405,,,0.56630991,0.28609864
VT TQQQ/BIL75+BTAL25 t20 w0-80 QQQ:VOL_EWMA80 gate QQQ<SMA200,sens,sens_2012-07-03,2012-07-03,2015-07-02,false,true,"{""*"": 6, ""BIL"": 0.5, ""BTAL"": 6, ""DBMF"": 2.5, ""KMLM"": 6, ""QQQ"": 1, ""SPY"": 0.7, ""TQQQ"": 1.5}",0.03000000,tests/data/2026-08-24-net15,BIL75+BTAL25,0.00535622,0.11807445,0.00492217,0.11807885,42348.97138729,28000.00000000,14348.97138729,0.51246326,0.22384671,0.21691579,0.96438490,0.23997510,1.35157983,1.40941921,-0.15882195,225,2013,0.63685778,2012,-0.01146478,438947.21736773,73.69151560,2.79086027,0.00263184,0.32342064,0.14556832,0.10794884,0.04928012,,,0.56630469,0.28609864
VT TQQQ/BIL t20 w0-80 QQQ:VOL_EWMA80 gate QQQ<SMA200,sens,sens_2012-07-03,2012-07-03,2015-07-02,false,true,"{""*"": 6, ""BIL"": 0.5, ""BTAL"": 6, ""DBMF"": 2.5, ""KMLM"": 6, ""QQQ"": 1, ""SPY"": 0.7, ""TQQQ"": 1.5}",0.03000000,tests/data/2026-08-24-net15,BIL,0.00476239,0.11839090,0.00476219,0.11839185,43368.50710753,28000.00000000,15368.50710753,0.54887525,0.23865728,0.23011921,1.00546103,0.24287154,1.41060347,1.46916510,-0.16244416,223,2013,0.67206253,2012,-0.00199982,448456.69478054,44.59947851,2.79567004,0.00159284,0.43199672,0.19669753,,,,,0.56629313,0.28609864
SPY benchmark,sens,sens_2012-07-03,2012-07-03,2015-07-02,true,true,"{""*"": 6, ""BIL"": 0.5, ""BTAL"": 6, ""DBMF"": 2.5, ""KMLM"": 6, ""QQQ"": 1, ""SPY"": 0.7, ""TQQQ"": 1.5}",0.03000000,tests/data/2026-08-24-net15,,0.00308075,0.00970890,0.00308250,0.00971039,37824.75232898,28000.00000000,9824.75232898,0.35088401,0.16665491,0.15534808,1.41041590,0.11420030,2.07152137,2.25956784,-0.07375521,110,2013,0.31798024,2015,0.01654296,27836.34757655,1.94854433,0.19490921,0.00006959,,,,,0.99691750,0.99028961,,
VT TQQQ/BTAL t20 w0-80 QQQ:VOL_EWMA80 gate QQQ<SMA200,sens,sens_2013-01-03,2013-01-03,2015-12-31,false,true,"{""*"": 6, ""BIL"": 0.5, ""BTAL"": 6, ""DBMF"": 2.5, ""KMLM"": 6, ""QQQ"": 1, ""SPY"": 0.7, ""TQQQ"": 1.5}",0.03000000,tests/data/2026-08-24-net15,BTAL,0.00342147,0.10719850,0.00348053,0.10720289,35194.76490267,27500.00000000,7694.76490267,0.27980963,0.16652232,0.12465725,0.73548445,0.25295702,1.01456733,0.76411136,-0.21792938,,2013,0.52187976,2015,-0.09902215,413683.23458527,156.38804351,2.70010968,0.00568684,,,0.43901592,0.19897732,,,0.56044553,0.15151204
VT TQQQ/BIL25+BTAL75 t20 w0-80 QQQ:VOL_EWMA80 gate QQQ<SMA200,sens,sens_2013-01-03,2013-01-03,2015-12-31,false,true,"{""*"": 6, ""BIL"": 0.5, ""BTAL"": 6, ""DBMF"": 2.5, ""KMLM"": 6, ""QQQ"": 1, ""SPY"": 0.7, ""TQQQ"": 1.5}",0.03000000,tests/data/2026-08-24-net15,BIL25+BTAL75,0.00521031,0.10597813,0.00482165,0.10597986,35537.53428527,27500.00000000,8037.53428527,0.29227397,0.17318021,0.12972428,0.75940743,0.25226135,1.04570887,0.79051406,-0.21907291,,2013,0.54783452,2015,-0.09550614,419174.97926357,128.76350629,2.70543847,0.00468231,0.10798057,0.04371347,0.32916728,0.14839671,,,0.56049579,0.15273507
VT TQQQ/BIL50+BTAL50 t20 w0-80 QQQ:VOL_EWMA80 gate QQQ<SMA200,sens,sens_2013-01-03,2013-01-03,2015-12-31,false,true,"{""*"": 6, ""BIL"": 0.5, ""BTAL"": 6, ""DBMF"": 2.5, ""KMLM"": 6, ""QQQ"": 1, ""SPY"": 0.7, ""TQQQ"": 1.5}",0.03000000,tests/data/2026-08-24-net15,BIL50+BTAL50,0.00520134,0.10471142,0.00483160,0.10471212,35867.86854771,27500.00000000,8367.86854771,0.30428613,0.17964774,0.13457392,0.78033130,0.25269329,1.07280306,0.81514446,-0.22038761,,2013,0.57414389,2015,-0.09237065,425531.70794125,100.74254575,2.71610857,0.00366337,0.21779012,0.09446895,0.21931158,0.09946823,,,0.56052888,0.15400282
VT TQQQ/BIL75+BTAL25 t20 w0-80 QQQ:VOL_EWMA80 gate QQQ<SMA200,sens,sens_2013-01-03,2013-01-03,2015-12-31,false,true,"{""*"": 6, ""BIL"": 0.5, ""BTAL"": 6, ""DBMF"": 2.5, ""KMLM"": 6, ""QQQ"": 1, ""SPY"": 0.7, ""TQQQ"": 1.5}",0.03000000,tests/data/2026-08-24-net15,BIL75+BTAL25,0.00507191,0.10340613,0.00468149,0.10340733,36187.32941249,27500.00000000,8687.32941249,0.31590289,0.18594300,0.13923310,0.79808485,0.25424556,1.09580186,0.83680576,-0.22220569,,2013,0.60077621,2015,-0.08962642,430138.14723850,72.24712937,2.71540006,0.00262717,0.32772371,0.14496406,0.10940458,0.04913608,,,0.56056990,0.15530761
VT TQQQ/BIL t20 w0-80 QQQ:VOL_EWMA80 gate QQQ<SMA200,sens,sens_2013-01-03,2013-01-03,2015-12-31,false,true,"{""*"": 6, ""BIL"": 0.5, ""BTAL"": 6, ""DBMF"": 2.5, ""KMLM"": 6, ""QQQ"": 1, ""SPY"": 0.7, ""TQQQ"": 1.5}",0.03000000,tests/data/2026-08-24-net15,BIL,0.00484358,0.10209571,0.00484164,0.10209610,36491.11711320,27500.00000000,8991.11711320,0.32694971,0.19198910,0.14363602,0.81235916,0.25687774,1.11424239,0.84970037,-0.22594918,,2013,0.62746921,2015,-0.08726264,435941.00918271,43.34279965,2.72239603,0.00157610,0.43735916,0.19520078,,,,,0.56060444,0.15661884
SPY benchmark,sens,sens_2013-01-03,2013-01-03,2015-12-31,true,true,"{""*"": 6, ""BIL"": 0.5, ""BTAL"": 6, ""DBMF"": 2.5, ""KMLM"": 6, ""QQQ"": 1, ""SPY"": 0.7, ""TQQQ"": 1.5}",0.03000000,tests/data/2026-08-24-net15,,0.00351682,0.00832314,0.00351860,0.00832416,34438.61094402,27500.00000000,6938.61094402,0.25231313,0.13732313,0.11335077,1.08082536,0.12638366,1.53524780,1.15536878,-0.11885654,,2013,0.28753949,2015,0.00897700,27452.33261979,1.92166328,0.19728331,0.00006988,,,,,0.99648140,0.99167584,,
VT TQQQ/BTAL t20 w0-80 QQQ:VOL_EWMA80 gate QQQ<SMA200,sens,sens_2013-07-03,2013-07-03,2016-07-01,false,true,"{""*"": 6, ""BIL"": 0.5, ""BTAL"": 6, ""DBMF"": 2.5, ""KMLM"": 6, ""QQQ"": 1, ""SPY"": 0.7, ""TQQQ"": 1.5}",0.03000000,tests/data/2026-08-24-net15,BTAL,0.00739456,0.14971707,0.00742998,0.14972206,32689.76824381,28000.00000000,4689.76824381,0.16749172,0.13512409,0.07851391,0.64241582,0.24359764,0.88610266,0.62007201,-0.21791677,,2013,0.43077803,2015,-0.09935326,364767.17322463,137.06047066,2.51634856,0.00489502,,,0.47286968,0.19866276,,,0.52657971,0.15104262
VT TQQQ/BIL25+BTAL75 t20 w0-80 QQQ:VOL_EWMA80 gate QQQ<SMA200,sens,sens_2013-07-03,2013-07-03,2016-07-01,false,true,"{""*"": 6, ""BIL"": 0.5, ""BTAL"": 6, ""DBMF"": 2.5, ""KMLM"": 6, ""QQQ"": 1, ""SPY"": 0.7, ""TQQQ"": 1.5}",0.03000000,tests/data/2026-08-24-net15,BIL25+BTAL75,0.00866658,0.14982235,0.00833635,0.14982624,32353.76245572,28000.00000000,4353.76245572,0.15549152,0.13265548,0.07318000,0.63375069,0.24345384,0.87110641,0.58708218,-0.22595726,,2013,0.44407572,2015,-0.09577654,368133.33026366,112.04489085,2.52970654,0.00400160,0.11687656,0.04576988,0.35458823,0.14902619,,,0.52662089,0.15228072
VT TQQQ/BIL50+BTAL50 t20 w0-80 QQQ:VOL_EWMA80 gate QQQ<SMA200,sens,sens_2013-07-03,2013-07-03,2016-07-01,false,true,"{""*"": 6, ""BIL"": 0.5, ""BTAL"": 6, ""DBMF"": 2.5, ""KMLM"": 6, ""QQQ"": 1, ""SPY"": 0.7, ""TQQQ"": 1.5}",0.03000000,tests/data/2026-08-24-net15,BIL50+BTAL50,0.00890308,0.14996614,0.00850426,0.14996904,31994.29942758,28000.00000000,3994.29942758,0.14265355,0.12979562,0.06742776,0.62125941,0.24484526,0.85111487,0.54074262,-0.24003216,,2013,0.45743962,2015,-0.09262157,370839.37693594,87.11272966,2.53909155,0.00311117,0.23503319,0.09603770,0.23619128,0.09869959,,,0.52664564,0.15358690
VT TQQQ/BIL75+BTAL25 t20 w0-80 QQQ:VOL_EWMA80 gate QQQ<SMA200,sens,sens_2013-07-03,2013-07-03,2016-07-01,false,true,"{""*"": 6, ""BIL"": 0.5, ""BTAL"": 6, ""DBMF"": 2.5, ""KMLM"": 6, ""QQQ"": 1, ""SPY"": 0.7, ""TQQQ"": 1.5}",0.03000000,tests/data/2026-08-24-net15,BIL75+BTAL25,0.00917252,0.15006538,0.00879385,0.15006714,31617.01169258,28000.00000000,3617.01169258,0.12917899,0.12663302,0.06133815,0.60558823,0.24776010,0.82731456,0.49689453,-0.25484889,,2013,0.47097774,2015,-0.08989504,374014.25402941,62.42661708,2.55194699,0.00222952,0.35298880,0.14522373,0.11791284,0.04901036,,,0.52668894,0.15481336
VT TQQQ/BIL t20 w0-80 QQQ:VOL_EWMA80 gate QQQ<SMA200,sens,sens_2013-07-03,2013-07-03,2016-07-01,false,true,"{""*"": 6, ""BIL"": 0.5, ""BTAL"": 6, ""DBMF"": 2.5, ""KMLM"": 6, ""QQQ"": 1, ""SPY"": 0.7, ""TQQQ"": 1.5}",0.03000000,tests/data/2026-08-24-net15,BIL,0.00844974,0.15018355,0.00843928,0.15018401,31224.07610487,28000.00000000,3224.07610487,0.11514558,0.12315608,0.05493797,0.58724178,0.25211761,0.80013402,0.45357182,-0.27152498,,2013,0.48433678,2015,-0.08745218,376363.38088761,37.59670927,2.55967287,0.00134274,0.47159008,0.19623085,,,,,0.52671674,0.15615674
SPY benchmark,sens,sens_2013-07-03,2013-07-03,2016-07-01,true,true,"{""*"": 6, ""BIL"": 0.5, ""BTAL"": 6, ""DBMF"": 2.5, ""KMLM"": 6, ""QQQ"": 1, ""SPY"": 0.7, ""TQQQ"": 1.5}",0.03000000,tests/data/2026-08-24-net15,,0.00394821,0.01120590,0.00394999,0.01120708,33609.25876894,28000.00000000,5609.25876894,0.20033067,0.11054883,0.09290447,0.85055028,0.13379589,1.20601478,0.84448542,-0.13090674,334,2013,0.15405076,2015,0.00996807,27916.81669129,1.95417717,0.21223309,0.00006979,,,,,0.99605001,0.98879292,,
VT TQQQ/BTAL t20 w0-80 QQQ:VOL_EWMA80 gate QQQ<SMA200,sens,sens_2014-01-03,2014-01-03,2017-01-03,false,true,"{""*"": 6, ""BIL"": 0.5, ""BTAL"": 6, ""DBMF"": 2.5, ""KMLM"": 6, ""QQQ"": 1, ""SPY"": 0.7, ""TQQQ"": 1.5}",0.03000000,tests/data/2026-08-24-net15,BTAL,0.00758741,0.15091667,0.00761711,0.15092334,29847.94596192,28000.00000000,1847.94596192,0.06599807,0.04151626,0.03191190,0.29004370,0.24029525,0.39580037,0.19046048,-0.21797835,,2014,0.19377648,2015,-0.09977441,309990.67002486,116.21913483,2.60028715,0.00415068,,,0.47585002,0.19904466,,,0.52347590,0.15008650
VT TQQQ/BIL25+BTAL75 t20 w0-80 QQQ:VOL_EWMA80 gate QQQ<SMA200,sens,sens_2014-01-03,2014-01-03,2017-01-03,false,true,"{""*"": 6, ""BIL"": 0.5, ""BTAL"": 6, ""DBMF"": 2.5, ""KMLM"": 6, ""QQQ"": 1, ""SPY"": 0.7, ""TQQQ"": 1.5}",0.03000000,tests/data/2026-08-24-net15,BIL25+BTAL75,0.00940497,0.15107912,0.00900084,0.15108442,29884.24033120,28000.00000000,1884.24033120,0.06729430,0.04164030,0.03252360,0.29069367,0.23974605,0.39540526,0.18386047,-0.22647772,,2014,0.19035356,2015,-0.09613252,310124.29526965,94.45659693,2.60623268,0.00337345,0.11702452,0.04660855,0.35685365,0.14913900,,,0.52351938,0.15127453
VT TQQQ/BIL50+BTAL50 t20 w0-80 QQQ:VOL_EWMA80 gate QQQ<SMA200,sens,sens_2014-01-03,2014-01-03,2017-01-03,false,true,"{""*"": 6, ""BIL"": 0.5, ""BTAL"": 6, ""DBMF"": 2.5, ""KMLM"": 6, ""QQQ"": 1, ""SPY"": 0.7, ""TQQQ"": 1.5}",0.03000000,tests/data/2026-08-24-net15,BIL50+BTAL50,0.00940605,0.15119043,0.00898828,0.15119425,29894.40968037,28000.00000000,1894.40968037,0.06765749,0.04133041,0.03269489,0.28926411,0.24087571,0.39231378,0.17182208,-0.24054194,,2014,0.18675450,2015,-0.09300846,310277.24460475,73.02964688,2.61359115,0.00260820,0.23609171,0.09712478,0.23772990,0.09915805,,,0.52354301,0.15245928
VT TQQQ/BIL75+BTAL25 t20 w0-80 QQQ:VOL_EWMA80 gate QQQ<SMA200,sens,sens_2014-01-03,2014-01-03,2017-01-03,false,true,"{""*"": 6, ""BIL"": 0.5, ""BTAL"": 6, ""DBMF"": 2.5, ""KMLM"": 6, ""QQQ"": 1, ""SPY"": 0.7, ""TQQQ"": 1.5}",0.03000000,tests/data/2026-08-24-net15,BIL75+BTAL25,0.00935071,0.15134179,0.00890720,0.15134418,29884.90950374,28000.00000000,1884.90950374,0.06731820,0.04071899,0.03253487,0.28636070,0.24367144,0.38751659,0.15952963,-0.25524403,,2014,0.18316351,2015,-0.09017096,310655.57685338,51.89449421,2.62353853,0.00185337,0.35519960,0.14556003,0.11862658,0.04896489,,,0.52357235,0.15376399
VT TQQQ/BIL t20 w0-80 QQQ:VOL_EWMA80 gate QQQ<SMA200,sens,sens_2014-01-03,2014-01-03,2017-01-03,false,true,"{""*"": 6, ""BIL"": 0.5, ""BTAL"": 6, ""DBMF"": 2.5, ""KMLM"": 6, ""QQQ"": 1, ""SPY"": 0.7, ""TQQQ"": 1.5}",0.03000000,tests/data/2026-08-24-net15,BIL,0.00882681,0.15155912,0.00879315,0.15155975,29848.56450460,28000.00000000,1848.56450460,0.06602016,0.03968712,0.03192233,0.28169433,0.24806588,0.38047045,0.14590559,-0.27200544,,2014,0.17951788,2015,-0.08778597,309802.74828125,31.03960260,2.62412026,0.00110856,0.47433016,0.19612875,,,,,0.52359447,0.15503791
SPY benchmark,sens,sens_2014-01-03,2014-01-03,2017-01-03,true,true,"{""*"": 6, ""BIL"": 0.5, ""BTAL"": 6, ""DBMF"": 2.5, ""KMLM"": 6, ""QQQ"": 1, ""SPY"": 0.7, ""TQQQ"": 1.5}",0.03000000,tests/data/2026-08-24-net15,,0.00438271,0.01291590,0.00438454,0.01291736,33499.80664909,28000.00000000,5499.80664909,0.19642167,0.09003580,0.09085374,0.71601209,0.13296123,1.00816786,0.68389559,-0.13165139,334,2014,0.14166771,2017,0.00761185,27832.34356671,1.94826405,0.22339240,0.00006958,,,,,0.99561546,0.98708264,,
VT TQQQ/BTAL t20 w0-80 QQQ:VOL_EWMA80 gate QQQ<SMA200,sens,sens_2014-07-03,2014-07-03,2017-07-03,false,true,"{""*"": 6, ""BIL"": 0.5, ""BTAL"": 6, ""DBMF"": 2.5, ""KMLM"": 6, ""QQQ"": 1, ""SPY"": 0.7, ""TQQQ"": 1.5}",0.03000000,tests/data/2026-08-24-net15,BTAL,0.00760909,0.15202137,0.00762469,0.15202959,37447.85491997,28000.00000000,9447.85491997,0.33742339,0.10802372,0.14962261,0.55325146,0.23644500,0.75547413,0.49574533,-0.21790163,803,2017,0.37733386,2015,-0.10012326,262259.44219616,98.13236082,2.22172071,0.00350473,,,0.45683782,0.19907505,,,0.54253073,0.14906057
VT TQQQ/BIL25+BTAL75 t20 w0-80 QQQ:VOL_EWMA80 gate QQQ<SMA200,sens,sens_2014-07-03,2014-07-03,2017-07-03,false,true,"{""*"": 6, ""BIL"": 0.5, ""BTAL"": 6, ""DBMF"": 2.5, ""KMLM"": 6, ""QQQ"": 1, ""SPY"": 0.7, ""TQQQ"": 1.5}",0.03000000,tests/data/2026-08-24-net15,BIL25+BTAL75,0.00922035,0.15222318,0.00884315,0.15222973,37484.59434214,28000.00000000,9484.59434214,0.33873551,0.10766249,0.15014637,0.55285300,0.23573504,0.75298615,0.47405236,-0.22711097,802,2017,0.37857215,2015,-0.09654997,262622.90892475,79.87257237,2.22911964,0.00285259,0.11250182,0.04538120,0.34261175,0.14899078,,,0.54256556,0.15021807
VT TQQQ/BIL50+BTAL50 t20 w0-80 QQQ:VOL_EWMA80 gate QQQ<SMA200,sens,sens_2014-07-03,2014-07-03,2017-07-03,false,true,"{""*"": 6, ""BIL"": 0.5, ""BTAL"": 6, ""DBMF"": 2.5, ""KMLM"": 6, ""QQQ"": 1, ""SPY"": 0.7, ""TQQQ"": 1.5}",0.03000000,tests/data/2026-08-24-net15,BIL50+BTAL50,0.00962892,0.15235285,0.00922994,0.15235723,37495.39121232,28000.00000000,9495.39121232,0.33912111,0.10692179,0.15030022,0.54876597,0.23670277,0.74568721,0.44367253,-0.24099259,802,2017,0.37972707,2015,-0.09332968,262224.98638512,61.68101199,2.23101029,0.00220289,0.22628574,0.09575575,0.22821825,0.09917964,,,0.54258825,0.15141645
VT TQQQ/BIL75+BTAL25 t20 w0-80 QQQ:VOL_EWMA80 gate QQQ<SMA200,sens,sens_2014-07-03,2014-07-03,2017-07-03,false,true,"{""*"": 6, ""BIL"": 0.5, ""BTAL"": 6, ""DBMF"": 2.5, ""KMLM"": 6, ""QQQ"": 1, ""SPY"": 0.7, ""TQQQ"": 1.5}",0.03000000,tests/data/2026-08-24-net15,BIL75+BTAL25,0.00940656,0.15249516,0.00896019,0.15249776,37477.49212057,28000.00000000,9477.49212057,0.33848186,0.10572958,0.15004515,0.54086220,0.23935142,0.73371688,0.41347296,-0.25571099,708,2017,0.38087683,2015,-0.09055212,261878.02404766,43.79751832,2.23455545,0.00156420,0.34098189,0.14591460,0.11385698,0.04906239,,,0.54261884,0.15268188
VT TQQQ/BIL t20 w0-80 QQQ:VOL_EWMA80 gate QQQ<SMA200,sens,sens_2014-07-03,2014-07-03,2017-07-03,false,true,"{""*"": 6, ""BIL"": 0.5, ""BTAL"": 6, ""DBMF"": 2.5, ""KMLM"": 6, ""QQQ"": 1, ""SPY"": 0.7, ""TQQQ"": 1.5}",0.03000000,tests/data/2026-08-24-net15,BIL,0.00915299,0.15270515,0.00911904,0.15270592,37435.24020382,28000.00000000,9435.24020382,0.33697286,0.10419095,0.14944268,0.52997679,0.24359097,0.71793311,0.38245601,-0.27242597,708,2017,0.38202808,2015,-0.08811547,261739.62203576,26.22914474,2.24075666,0.00093676,0.45506429,0.19640789,,,,,0.54265154,0.15397163
SPY benchmark,sens,sens_2014-07-03,2014-07-03,2017-07-03,true,true,"{""*"": 6, ""BIL"": 0.5, ""BTAL"": 6, ""DBMF"": 2.5, ""KMLM"": 6, ""QQQ"": 1, ""SPY"": 0.7, ""TQQQ"": 1.5}",0.03000000,tests/data/2026-08-24-net15,,0.00576080,0.01525139,0.00576265,0.01525306,34121.31391638,28000.00000000,6121.31391638,0.21861835,0.08742549,0.10053818,0.71534594,0.12899829,1.01635407,0.66806762,-0.13086324,334,2016,0.11607748,2015,0.00935580,27854.83213738,1.94983825,0.22731196,0.00006964,,,,,0.99423735,0.98474694,,
VT TQQQ/BTAL t20 w0-80 QQQ:VOL_EWMA80 gate QQQ<SMA200,sens,sens_2015-01-05,2015-01-05,2018-01-03,false,true,"{""*"": 6, ""BIL"": 0.5, ""BTAL"": 6, ""DBMF"": 2.5, ""KMLM"": 6, ""QQQ"": 1, ""SPY"": 0.7, ""TQQQ"": 1.5}",0.03000000,tests/data/2026-08-24-net15,BTAL,0.00764047,0.15306392,0.00765206,0.15307356,46038.83945225,28000.00000000,18038.83945225,0.64424427,0.19968060,0.26306198,0.91998920,0.22567882,1.27874801,0.94405714,-0.21151325,708,2017,0.65321016,2015,-0.05320640,315371.42238200,119.12994183,2.42849139,0.00425464,,,0.45767436,0.19883355,,,0.54168424,0.14817709
VT TQQQ/BIL25+BTAL75 t20 w0-80 QQQ:VOL_EWMA80 gate QQQ<SMA200,sens,sens_2015-01-05,2015-01-05,2018-01-03,false,true,"{""*"": 6, ""BIL"": 0.5, ""BTAL"": 6, ""DBMF"": 2.5, ""KMLM"": 6, ""QQQ"": 1, ""SPY"": 0.7, ""TQQQ"": 1.5}",0.03000000,tests/data/2026-08-24-net15,BIL25+BTAL75,0.00951061,0.15320639,0.00906860,0.15321407,46376.54290462,28000.00000000,18376.54290462,0.65630510,0.20149431,0.26719349,0.92870114,0.22504116,1.28868150,0.90182830,-0.22342868,708,2017,0.66515449,2015,-0.05512555,315818.49835079,96.94476587,2.43403776,0.00346231,0.11252255,0.04487398,0.34314952,0.14926196,,,0.54171966,0.14932090
VT TQQQ/BIL50+BTAL50 t20 w0-80 QQQ:VOL_EWMA80 gate QQQ<SMA200,sens,sens_2015-01-05,2015-01-05,2018-01-03,false,true,"{""*"": 6, ""BIL"": 0.5, ""BTAL"": 6, ""DBMF"": 2.5, ""KMLM"": 6, ""QQQ"": 1, ""SPY"": 0.7, ""TQQQ"": 1.5}",0.03000000,tests/data/2026-08-24-net15,BIL50+BTAL50,0.00955772,0.15345930,0.00908547,0.15346497,46673.29422238,28000.00000000,18673.29422238,0.66690337,0.20265504,0.27080602,0.92960480,0.22613578,1.28781438,0.84513560,-0.23978997,708,2017,0.67703271,2015,-0.05768565,316747.74902791,74.90287003,2.44523970,0.00267510,0.22708697,0.09627845,0.22858751,0.09962632,,,0.54174539,0.15053263
VT TQQQ/BIL75+BTAL25 t20 w0-80 QQQ:VOL_EWMA80 gate QQQ<SMA200,sens,sens_2015-01-05,2015-01-05,2018-01-03,false,true,"{""*"": 6, ""BIL"": 0.5, ""BTAL"": 6, ""DBMF"": 2.5, ""KMLM"": 6, ""QQQ"": 1, ""SPY"": 0.7, ""TQQQ"": 1.5}",0.03000000,tests/data/2026-08-24-net15,BIL75+BTAL25,0.01003699,0.15357432,0.00957374,0.15357779,46952.41773587,28000.00000000,18952.41773587,0.67687206,0.20351516,0.27418880,0.92420176,0.22893026,1.27872549,0.79437787,-0.25619440,708,2017,0.68893967,2015,-0.06056621,316856.11722399,53.07003635,2.45095758,0.00189536,0.34090172,0.14674614,0.11407733,0.04906057,,,0.54176017,0.15165037
VT TQQQ/BIL t20 w0-80 QQQ:VOL_EWMA80 gate QQQ<SMA200,sens,sens_2015-01-05,2015-01-05,2018-01-03,false,true,"{""*"": 6, ""BIL"": 0.5, ""BTAL"": 6, ""DBMF"": 2.5, ""KMLM"": 6, ""QQQ"": 1, ""SPY"": 0.7, ""TQQQ"": 1.5}",0.03000000,tests/data/2026-08-24-net15,BIL,0.00871602,0.15385637,0.00868105,0.15385727,47195.96638987,28000.00000000,19195.96638987,0.68557023,0.20381945,0.27712855,0.91208579,0.23339260,1.26023596,0.74690699,-0.27288464,708,2017,0.70076612,2015,-0.06401310,316544.47071625,31.48408609,2.45503549,0.00112443,0.45639826,0.19700744,,,,,0.54180407,0.15281993
SPY benchmark,sens,sens_2015-01-05,2015-01-05,2018-01-03,true,true,"{""*"": 6, ""BIL"": 0.5, ""BTAL"": 6, ""DBMF"": 2.5, ""KMLM"": 6, ""QQQ"": 1, ""SPY"": 0.7, ""TQQQ"": 1.5}",0.03000000,tests/data/2026-08-24-net15,,0.00411430,0.01320083,0.00411613,0.01320188,36963.34407119,28000.00000000,8963.34407119,0.32011943,0.12173159,0.14268402,1.00085559,0.12223691,1.43164617,0.92909020,-0.13102236,334,2017,0.21283765,2018,0.01347071,27846.71326110,1.94926993,0.22073388,0.00006962,,,,,0.99588387,0.98679812,,
VT TQQQ/BTAL t20 w0-80 QQQ:VOL_EWMA80 gate QQQ<SMA200,sens,sens_2015-07-06,2015-07-06,2018-07-03,false,true,"{""*"": 6, ""BIL"": 0.5, ""BTAL"": 6, ""DBMF"": 2.5, ""KMLM"": 6, ""QQQ"": 1, ""SPY"": 0.7, ""TQQQ"": 1.5}",0.03000000,tests/data/2026-08-24-net15,BTAL,0.00773086,0.15458182,0.00773076,0.15459351,50748.14960630,28000.00000000,22748.14960630,0.81243391,0.25971434,0.31944045,1.11177038,0.23175685,1.56179417,1.25533013,-0.20688927,567,2017,0.65328846,2015,-0.05970648,397368.37196714,149.65821103,2.68772174,0.00534494,,,0.46311216,0.19892076,,,0.53625245,0.14659863
VT TQQQ/BIL25+BTAL75 t20 w0-80 QQQ:VOL_EWMA80 gate QQQ<SMA200,sens,sens_2015-07-06,2015-07-06,2018-07-03,false,true,"{""*"": 6, ""BIL"": 0.5, ""BTAL"": 6, ""DBMF"": 2.5, ""KMLM"": 6, ""QQQ"": 1, ""SPY"": 0.7, ""TQQQ"": 1.5}",0.03000000,tests/data/2026-08-24-net15,BIL25+BTAL75,0.00915360,0.15468685,0.00877054,0.15469617,50781.28465585,28000.00000000,22781.28465585,0.81361731,0.25840953,0.31981994,1.10280503,0.23296433,1.54528482,1.16502998,-0.22180505,567,2017,0.66513030,2015,-0.06291291,398398.73159922,122.00721339,2.69274983,0.00435740,0.11421236,0.04607948,0.34727229,0.14899441,,,0.53629330,0.14774044
VT TQQQ/BIL50+BTAL50 t20 w0-80 QQQ:VOL_EWMA80 gate QQQ<SMA200,sens,sens_2015-07-06,2015-07-06,2018-07-03,false,true,"{""*"": 6, ""BIL"": 0.5, ""BTAL"": 6, ""DBMF"": 2.5, ""KMLM"": 6, ""QQQ"": 1, ""SPY"": 0.7, ""TQQQ"": 1.5}",0.03000000,tests/data/2026-08-24-net15,BIL50+BTAL50,0.00919867,0.15498372,0.00879380,0.15498997,50774.64943582,28000.00000000,22774.64943582,0.81338034,0.25651631,0.31974396,1.08722093,0.23546929,1.51901164,1.06805761,-0.24017086,568,2017,0.67703370,2015,-0.06640433,399436.88689817,94.43937959,2.69974181,0.00337283,0.23006966,0.09704552,0.23128677,0.09951294,,,0.53632049,0.14891253
VT TQQQ/BIL75+BTAL25 t20 w0-80 QQQ:VOL_EWMA80 gate QQQ<SMA200,sens,sens_2015-07-06,2015-07-06,2018-07-03,false,true,"{""*"": 6, ""BIL"": 0.5, ""BTAL"": 6, ""DBMF"": 2.5, ""KMLM"": 6, ""QQQ"": 1, ""SPY"": 0.7, ""TQQQ"": 1.5}",0.03000000,tests/data/2026-08-24-net15,BIL75+BTAL25,0.00922635,0.15512507,0.00871567,0.15512879,50746.77470811,28000.00000000,22746.77470811,0.81238481,0.25429475,0.31942470,1.06657555,0.23921463,1.48620436,0.98355904,-0.25854549,568,2017,0.68890256,2015,-0.07022573,400235.39324627,67.08446764,2.70602773,0.00239587,0.34598151,0.14715597,0.11532514,0.04888499,,,0.53634174,0.15010864
VT TQQQ/BIL t20 w0-80 QQQ:VOL_EWMA80 gate QQQ<SMA200,sens,sens_2015-07-06,2015-07-06,2018-07-03,false,true,"{""*"": 6, ""BIL"": 0.5, ""BTAL"": 6, ""DBMF"": 2.5, ""KMLM"": 6, ""QQQ"": 1, ""SPY"": 0.7, ""TQQQ"": 1.5}",0.03000000,tests/data/2026-08-24-net15,BIL,0.00933076,0.15542982,0.00928400,0.15543092,50690.01151707,28000.00000000,22690.01151707,0.81035755,0.25167242,0.31877417,1.04151387,0.24411403,1.44759653,0.90882993,-0.27691915,570,2017,0.70078261,2015,-0.07410308,400626.95603935,39.92682594,2.71086379,0.00142596,0.46117087,0.19641187,,,,,0.53637359,0.15129894
SPY benchmark,sens,sens_2015-07-06,2015-07-06,2018-07-03,true,true,"{""*"": 6, ""BIL"": 0.5, ""BTAL"": 6, ""DBMF"": 2.5, ""KMLM"": 6, ""QQQ"": 1, ""SPY"": 0.7, ""TQQQ"": 1.5}",0.03000000,tests/data/2026-08-24-net15,,0.00558803,0.01469591,0.00558985,0.01469694,35701.12151646,28000.00000000,7701.12151646,0.27504005,0.11302775,0.12451642,0.88601458,0.13034921,1.22858401,0.86601342,-0.13051501,274,2017,0.21250006,2015,-0.00427988,27971.17442927,1.95798221,0.21572999,0.00006993,,,,,0.99441015,0.98530306,,
VT TQQQ/BTAL t20 w0-80 QQQ:VOL_EWMA80 gate QQQ<SMA200,sens,sens_2016-01-04,2016-01-04,2019-01-03,false,true,"{""*"": 6, ""BIL"": 0.5, ""BTAL"": 6, ""DBMF"": 2.5, ""KMLM"": 6, ""QQQ"": 1, ""SPY"": 0.7, ""TQQQ"": 1.5}",0.03000000,tests/data/2026-08-24-net15,BTAL,0.00817037,0.15591817,0.00818083,0.15593185,43533.36215574,28000.00000000,15533.36215574,0.55476293,0.24460620,0.23163664,1.04590517,0.23630604,1.44615199,1.04188405,-0.23477296,,2017,0.65331210,2019,-0.01358004,416610.94441432,157.95702505,2.43752282,0.00564132,,,0.47237448,0.19951433,,,0.52714200,0.12398813
VT TQQQ/BIL25+BTAL75 t20 w0-80 QQQ:VOL_EWMA80 gate QQQ<SMA200,sens,sens_2016-01-04,2016-01-04,2019-01-03,false,true,"{""*"": 6, ""BIL"": 0.5, ""BTAL"": 6, ""DBMF"": 2.5, ""KMLM"": 6, ""QQQ"": 1, ""SPY"": 0.7, ""TQQQ"": 1.5}",0.03000000,tests/data/2026-08-24-net15,BIL25+BTAL75,0.01005792,0.15620966,0.00967217,0.15622055,43108.81685437,28000.00000000,15108.81685437,0.53960060,0.23965790,0.22619532,1.02432186,0.23772984,1.41306462,1.00061124,-0.23951150,,2017,0.66516888,2019,-0.01281305,418457.23383784,128.84102663,2.44434304,0.00460147,0.11616238,0.04698388,0.35415447,0.14893271,,,0.52714720,0.12490035
VT TQQQ/BIL50+BTAL50 t20 w0-80 QQQ:VOL_EWMA80 gate QQQ<SMA200,sens,sens_2016-01-04,2016-01-04,2019-01-03,false,true,"{""*"": 6, ""BIL"": 0.5, ""BTAL"": 6, ""DBMF"": 2.5, ""KMLM"": 6, ""QQQ"": 1, ""SPY"": 0.7, ""TQQQ"": 1.5}",0.03000000,tests/data/2026-08-24-net15,BIL50+BTAL50,0.00996337,0.15646757,0.00950848,0.15647559,42661.43352370,28000.00000000,14661.43352370,0.52362263,0.23424818,0.22041885,0.99755450,0.24036108,1.37271425,0.95841511,-0.24441202,,2017,0.67703846,2019,-0.01204652,420100.20932174,99.85161969,2.45143215,0.00356613,0.23460447,0.09726960,0.23591009,0.09925327,,,0.52716857,0.12579377
VT TQQQ/BIL75+BTAL25 t20 w0-80 QQQ:VOL_EWMA80 gate QQQ<SMA200,sens,sens_2016-01-04,2016-01-04,2019-01-03,false,true,"{""*"": 6, ""BIL"": 0.5, ""BTAL"": 6, ""DBMF"": 2.5, ""KMLM"": 6, ""QQQ"": 1, ""SPY"": 0.7, ""TQQQ"": 1.5}",0.03000000,tests/data/2026-08-24-net15,BIL75+BTAL25,0.00998128,0.15659707,0.00960090,0.15660140,42194.67981168,28000.00000000,14194.67981168,0.50695285,0.22853215,0.21434497,0.96675349,0.24418371,1.32705826,0.91628453,-0.24941177,,2017,0.68888271,2019,-0.01129734,421366.23925955,70.81462395,2.45698551,0.00252909,0.35259780,0.14455282,0.11778875,0.04943356,,,0.52720050,0.12686540
VT TQQQ/BIL t20 w0-80 QQQ:VOL_EWMA80 gate QQQ<SMA200,sens,sens_2016-01-04,2016-01-04,2019-01-03,false,true,"{""*"": 6, ""BIL"": 0.5, ""BTAL"": 6, ""DBMF"": 2.5, ""KMLM"": 6, ""QQQ"": 1, ""SPY"": 0.7, ""TQQQ"": 1.5}",0.03000000,tests/data/2026-08-24-net15,BIL,0.00992423,0.15689652,0.00987115,0.15689780,41720.03860904,28000.00000000,13720.03860904,0.49000138,0.22258426,0.20811793,0.93312736,0.24908977,1.27788860,0.86001242,-0.25881517,,2017,0.70079455,2019,-0.01053770,422295.35866084,41.82905162,2.46139225,0.00149389,0.47048791,0.19480059,,,,,0.52720902,0.12777559
SPY benchmark,sens,sens_2016-01-04,2016-01-04,2019-01-03,true,true,"{""*"": 6, ""BIL"": 0.5, ""BTAL"": 6, ""DBMF"": 2.5, ""KMLM"": 6, ""QQQ"": 1, ""SPY"": 0.7, ""TQQQ"": 1.5}",0.03000000,tests/data/2026-08-24-net15,,0.00544467,0.01116430,0.00544645,0.01116527,31579.56345844,28000.00000000,3579.56345844,0.12784155,0.08494395,0.06056092,0.69484511,0.12951665,0.94939750,0.43881259,-0.19357683,,2017,0.21255274,2018,-0.04781253,27974.95143819,1.95824660,0.20621068,0.00006994,,,,,0.99455355,0.98883473,,
VT TQQQ/BTAL t20 w0-80 QQQ:VOL_EWMA80 gate QQQ<SMA200,sens,sens_2016-07-05,2016-07-05,2019-07-03,false,true,"{""*"": 6, ""BIL"": 0.5, ""BTAL"": 6, ""DBMF"": 2.5, ""KMLM"": 6, ""QQQ"": 1, ""SPY"": 0.7, ""TQQQ"": 1.5}",0.03000000,tests/data/2026-08-24-net15,BTAL,0.00731604,0.11996532,0.00730719,0.11996930,44380.84134322,28000.00000000,16380.84134322,0.58503005,0.27940457,0.24296744,1.12833633,0.24539479,1.54679452,1.18560722,-0.23566369,,2017,0.65319889,2016,0.05928681,469932.28110402,177.58606334,2.69513260,0.00634236,,,0.45029193,0.19838860,,,0.54911487,0.12347878
VT TQQQ/BIL25+BTAL75 t20 w0-80 QQQ:VOL_EWMA80 gate QQQ<SMA200,sens,sens_2016-07-05,2016-07-05,2019-07-03,false,true,"{""*"": 6, ""BIL"": 0.5, ""BTAL"": 6, ""DBMF"": 2.5, ""KMLM"": 6, ""QQQ"": 1, ""SPY"": 0.7, ""TQQQ"": 1.5}",0.03000000,tests/data/2026-08-24-net15,BIL25+BTAL75,0.00892834,0.12022637,0.00857772,0.12023129,44828.76258697,28000.00000000,16828.76258697,0.60102724,0.28791319,0.24860184,1.14931810,0.24705439,1.57418268,1.20038332,-0.23985104,,2017,0.66515873,2016,0.07838340,476521.27057689,146.40762085,2.70052245,0.00522884,0.11088146,0.04638322,0.33766890,0.14845322,,,0.54915317,0.12443331
VT TQQQ/BIL50+BTAL50 t20 w0-80 QQQ:VOL_EWMA80 gate QQQ<SMA200,sens,sens_2016-07-05,2016-07-05,2019-07-03,false,true,"{""*"": 6, ""BIL"": 0.5, ""BTAL"": 6, ""DBMF"": 2.5, ""KMLM"": 6, ""QQQ"": 1, ""SPY"": 0.7, ""TQQQ"": 1.5}",0.03000000,tests/data/2026-08-24-net15,BIL50+BTAL50,0.00872502,0.12044232,0.00836129,0.12044707,45264.15986500,28000.00000000,17264.15986500,0.61657714,0.29620620,0.25403964,1.16644168,0.24945922,1.59610375,1.21182366,-0.24443011,,2017,0.67703967,2018,0.06085103,483466.59256674,114.76093314,2.70782590,0.00409860,0.22376361,0.09595415,0.22495910,0.09828349,,,0.54918099,0.12542377
VT TQQQ/BIL75+BTAL25 t20 w0-80 QQQ:VOL_EWMA80 gate QQQ<SMA200,sens,sens_2016-07-05,2016-07-05,2019-07-03,false,true,"{""*"": 6, ""BIL"": 0.5, ""BTAL"": 6, ""DBMF"": 2.5, ""KMLM"": 6, ""QQQ"": 1, ""SPY"": 0.7, ""TQQQ"": 1.5}",0.03000000,tests/data/2026-08-24-net15,BIL75+BTAL25,0.00857357,0.12060164,0.00819616,0.12060463,45684.05645933,28000.00000000,17684.05645933,0.63157344,0.30422907,0.25924799,1.17965374,0.25257712,1.61267213,1.21996938,-0.24937435,,2017,0.68882443,2018,0.04163662,489852.34040560,82.42797799,2.71218699,0.00294386,0.33651937,0.14467328,0.11230156,0.04842151,,,0.54919914,0.12645467
VT TQQQ/BIL t20 w0-80 QQQ:VOL_EWMA80 gate QQQ<SMA200,sens,sens_2016-07-05,2016-07-05,2019-07-03,false,true,"{""*"": 6, ""BIL"": 0.5, ""BTAL"": 6, ""DBMF"": 2.5, ""KMLM"": 6, ""QQQ"": 1, ""SPY"": 0.7, ""TQQQ"": 1.5}",0.03000000,tests/data/2026-08-24-net15,BIL,0.00847053,0.12087328,0.00841529,0.12087362,46097.68963338,28000.00000000,18097.68963338,0.64634606,0.31211452,0.26434480,1.18958079,0.25636492,1.62559427,1.20627422,-0.25874260,,2017,0.70076281,2018,0.02264862,496610.31889318,49.34075876,2.71832404,0.00176217,0.44896340,0.19653757,,,,,0.54920473,0.12738603
SPY benchmark,sens,sens_2016-07-05,2016-07-05,2019-07-03,true,true,"{""*"": 6, ""BIL"": 0.5, ""BTAL"": 6, ""DBMF"": 2.5, ""KMLM"": 6, ""QQQ"": 1, ""SPY"": 0.7, ""TQQQ"": 1.5}",0.03000000,tests/data/2026-08-24-net15,,0.00498361,0.01794132,0.00498538,0.01797569,36729.52629930,28000.00000000,8729.52629930,0.31176880,0.14581633,0.13960237,1.16779811,0.12310094,1.63089828,0.75025789,-0.19435495,204,2017,0.21216838,2018,-0.04840182,27986.77722300,1.95907441,0.20766712,0.00006997,,,,,0.99501462,0.98202431,,
VT TQQQ/BTAL t20 w0-80 QQQ:VOL_EWMA80 gate QQQ<SMA200,sens,sens_2017-01-03,2017-01-03,2020-01-03,false,true,"{""*"": 6, ""BIL"": 0.5, ""BTAL"": 6, ""DBMF"": 2.5, ""KMLM"": 6, ""QQQ"": 1, ""SPY"": 0.7, ""TQQQ"": 1.5}",0.03000000,tests/data/2026-08-24-net15,BTAL,0.00729834,0.12137121,0.00727488,0.12137589,48433.91015717,28000.00000000,20433.91015717,0.72978251,0.33192900,0.29182968,1.31646121,0.24004800,1.80581663,1.40760701,-0.23581084,472,2017,0.61868220,2020,0.01817360,400396.58446719,149.87750537,2.36433468,0.00535277,,,0.46098498,0.19920326,,,0.53851261,0.12268587
VT TQQQ/BIL25+BTAL75 t20 w0-80 QQQ:VOL_EWMA80 gate QQQ<SMA200,sens,sens_2017-01-03,2017-01-03,2020-01-03,false,true,"{""*"": 6, ""BIL"": 0.5, ""BTAL"": 6, ""DBMF"": 2.5, ""KMLM"": 6, ""QQQ"": 1, ""SPY"": 0.7, ""TQQQ"": 1.5}",0.03000000,tests/data/2026-08-24-net15,BIL25+BTAL75,0.00877401,0.12172043,0.00843690,0.12172609,48345.86950042,28000.00000000,20345.86950042,0.72663820,0.33117256,0.29078833,1.30328008,0.24250624,1.78348921,1.37989319,-0.23999869,473,2017,0.62927339,2020,0.01785197,402175.21436932,122.31393683,2.37624366,0.00436835,0.11364830,0.04615478,0.34568270,0.14887753,,,0.53852567,0.12358108
VT TQQQ/BIL50+BTAL50 t20 w0-80 QQQ:VOL_EWMA80 gate QQQ<SMA200,sens,sens_2017-01-03,2017-01-03,2020-01-03,false,true,"{""*"": 6, ""BIL"": 0.5, ""BTAL"": 6, ""DBMF"": 2.5, ""KMLM"": 6, ""QQQ"": 1, ""SPY"": 0.7, ""TQQQ"": 1.5}",0.03000000,tests/data/2026-08-24-net15,BIL50+BTAL50,0.00892314,0.12201697,0.00850014,0.12202204,48231.37448149,28000.00000000,20231.37448149,0.72254909,0.33011915,0.28943201,1.28579524,0.24583171,1.75558935,1.34985595,-0.24455880,477,2017,0.63989602,2020,0.01752789,404190.40420975,94.92528911,2.39012955,0.00339019,0.22898069,0.09415255,0.23027653,0.09864898,,,0.53853542,0.12451026
VT TQQQ/BIL75+BTAL25 t20 w0-80 QQQ:VOL_EWMA80 gate QQQ<SMA200,sens,sens_2017-01-03,2017-01-03,2020-01-03,false,true,"{""*"": 6, ""BIL"": 0.5, ""BTAL"": 6, ""DBMF"": 2.5, ""KMLM"": 6, ""QQQ"": 1, ""SPY"": 0.7, ""TQQQ"": 1.5}",0.03000000,tests/data/2026-08-24-net15,BIL75+BTAL25,0.00896841,0.12226905,0.00858213,0.12227244,48096.08035808,28000.00000000,20096.08035808,0.71771716,0.32882923,0.28782630,1.26464031,0.25000842,1.72310593,1.31840516,-0.24941440,477,2017,0.65043272,2020,0.01720808,405432.30148638,67.75905556,2.39988718,0.00241997,0.34416754,0.14527060,0.11499904,0.04851832,,,0.53854445,0.12547477
VT TQQQ/BIL t20 w0-80 QQQ:VOL_EWMA80 gate QQQ<SMA200,sens,sens_2017-01-03,2017-01-03,2020-01-03,false,true,"{""*"": 6, ""BIL"": 0.5, ""BTAL"": 6, ""DBMF"": 2.5, ""KMLM"": 6, ""QQQ"": 1, ""SPY"": 0.7, ""TQQQ"": 1.5}",0.03000000,tests/data/2026-08-24-net15,BIL,0.00848453,0.12250161,0.00840280,0.12250204,47946.05869743,28000.00000000,19946.05869743,0.71235924,0.32737011,0.28604197,1.24081176,0.25494124,1.68810145,1.26629321,-0.25852631,477,2017,0.66091154,2020,0.01688707,407603.84210348,40.79757737,2.41542330,0.00145706,0.45968714,0.19465455,,,,,0.53857246,0.12644808
SPY benchmark,sens,sens_2017-01-03,2017-01-03,2020-01-03,true,true,"{""*"": 6, ""BIL"": 0.5, ""BTAL"": 6, ""DBMF"": 2.5, ""KMLM"": 6, ""QQQ"": 1, ""SPY"": 0.7, ""TQQQ"": 1.5}",0.03000000,tests/data/2026-08-24-net15,,0.00549285,0.01698335,0.00549463,0.01698468,37130.33909502,28000.00000000,9130.33909502,0.32608354,0.14481823,0.14505433,1.12482125,0.12759488,1.55167722,0.74650257,-0.19399562,204,2019,0.30750436,2018,-0.04757823,27829.29128024,1.94805039,0.21014620,0.00006957,,,,,0.99450537,0.98301532,,
VT TQQQ/BTAL t20 w0-80 QQQ:VOL_EWMA80 gate QQQ<SMA200,sens,sens_2017-07-03,2017-07-03,2020-07-02,false,true,"{""*"": 6, ""BIL"": 0.5, ""BTAL"": 6, ""DBMF"": 2.5, ""KMLM"": 6, ""QQQ"": 1, ""SPY"": 0.7, ""TQQQ"": 1.5}",0.03000000,tests/data/2026-08-24-net15,BTAL,0.00758794,0.12427603,0.00754701,0.12428277,45385.87572241,28000.00000000,17385.87572241,0.62092413,0.26179553,0.25526604,1.06075567,0.24884543,1.46024083,1.10806970,-0.23626269,472,2019,0.30133470,2018,0.10028555,350307.96155655,132.19606242,2.34850399,0.00472129,,,0.54170139,0.19842875,,,0.45769906,0.09730393
VT TQQQ/BIL25+BTAL75 t20 w0-80 QQQ:VOL_EWMA80 gate QQQ<SMA200,sens,sens_2017-07-03,2017-07-03,2020-07-02,false,true,"{""*"": 6, ""BIL"": 0.5, ""BTAL"": 6, ""DBMF"": 2.5, ""KMLM"": 6, ""QQQ"": 1, ""SPY"": 0.7, ""TQQQ"": 1.5}",0.03000000,tests/data/2026-08-24-net15,BIL25+BTAL75,0.00909346,0.12462263,0.00868170,0.12462973,44782.17884477,28000.00000000,16782.17884477,0.59936353,0.25582638,0.24774107,1.03883286,0.24977663,1.41868522,1.06455784,-0.24031234,473,2019,0.31460144,2018,0.08087336,351077.02945801,107.26627096,2.36297349,0.00383094,0.13369533,0.04666893,0.40614055,0.14875608,,,0.45780283,0.09910803
VT TQQQ/BIL50+BTAL50 t20 w0-80 QQQ:VOL_EWMA80 gate QQQ<SMA200,sens,sens_2017-07-03,2017-07-03,2020-07-02,false,true,"{""*"": 6, ""BIL"": 0.5, ""BTAL"": 6, ""DBMF"": 2.5, ""KMLM"": 6, ""QQQ"": 1, ""SPY"": 0.7, ""TQQQ"": 1.5}",0.03000000,tests/data/2026-08-24-net15,BIL50+BTAL50,0.00906121,0.12489967,0.00865116,0.12490579,44102.54901607,28000.00000000,16102.54901607,0.57509104,0.24893449,0.23918078,1.00807460,0.25268648,1.36518684,1.01676214,-0.24483060,477,2019,0.32738965,2018,0.06140113,351972.31750898,83.06713760,2.37987513,0.00296668,0.26924239,0.09604029,0.27064512,0.09912854,,,0.45780105,0.09933975
VT TQQQ/BIL75+BTAL25 t20 w0-80 QQQ:VOL_EWMA80 gate QQQ<SMA200,sens,sens_2017-07-03,2017-07-03,2020-07-02,false,true,"{""*"": 6, ""BIL"": 0.5, ""BTAL"": 6, ""DBMF"": 2.5, ""KMLM"": 6, ""QQQ"": 1, ""SPY"": 0.7, ""TQQQ"": 1.5}",0.03000000,tests/data/2026-08-24-net15,BIL75+BTAL25,0.00919071,0.12541111,0.00868326,0.12541506,43400.25004914,28000.00000000,15400.25004914,0.55000893,0.24171576,0.23023342,0.97156231,0.25750774,1.30570693,0.96849189,-0.24957954,477,2019,0.33971555,2018,0.04225458,352315.45937277,58.97320424,2.39354811,0.00210619,0.40477533,0.14399919,0.13509627,0.04933714,,,0.45777971,0.09942802
VT TQQQ/BIL t20 w0-80 QQQ:VOL_EWMA80 gate QQQ<SMA200,sens,sens_2017-07-03,2017-07-03,2020-07-02,false,true,"{""*"": 6, ""BIL"": 0.5, ""BTAL"": 6, ""DBMF"": 2.5, ""KMLM"": 6, ""QQQ"": 1, ""SPY"": 0.7, ""TQQQ"": 1.5}",0.03000000,tests/data/2026-08-24-net15,BIL,0.00912542,0.12564018,0.00897495,0.12564070,42676.66116454,28000.00000000,14676.66116454,0.52416647,0.23415062,0.22090373,0.93075329,0.26411220,1.24369137,0.90722249,-0.25809614,477,2019,0.35190360,2018,0.02330884,351701.39747673,35.00266429,2.40129135,0.00125010,0.53988310,0.19599843,,,,,0.45778851,0.09936029
SPY benchmark,sens,sens_2017-07-03,2017-07-03,2020-07-02,true,true,"{""*"": 6, ""BIL"": 0.5, ""BTAL"": 6, ""DBMF"": 2.5, ""KMLM"": 6, ""QQQ"": 1, ""SPY"": 0.7, ""TQQQ"": 1.5}",0.03000000,tests/data/2026-08-24-net15,,0.00724444,0.01606926,0.00724624,0.01607070,34207.05303391,28000.00000000,6207.05303391,0.22168047,0.10656482,0.10196003,0.57431932,0.21817381,0.78130960,0.31734896,-0.33579697,,2019,0.30803090,2018,-0.04794124,27864.05813756,1.95048407,0.21696352,0.00006966,,,,,0.99275376,0.98392930,,
VT TQQQ/BTAL t20 w0-80 QQQ:VOL_EWMA80 gate QQQ<SMA200,sens,sens_2018-01-03,2018-01-03,2020-12-31,false,true,"{""*"": 6, ""BIL"": 0.5, ""BTAL"": 6, ""DBMF"": 2.5, ""KMLM"": 6, ""QQQ"": 1, ""SPY"": 0.7, ""TQQQ"": 1.5}",0.03000000,tests/data/2026-08-24-net15,BTAL,0.00821070,0.12907671,0.00812141,0.12908645,36769.86697541,27500.00000000,9269.86697541,0.33708607,0.13508333,0.14748943,0.61195650,0.26507284,0.81545202,0.57077792,-0.23666531,472,2019,0.29976882,2018,-0.02479464,241131.45837709,90.82638982,1.82000778,0.00330278,,,0.58244267,0.19887178,,,0.41683661,0.09688507
VT TQQQ/BIL25+BTAL75 t20 w0-80 QQQ:VOL_EWMA80 gate QQQ<SMA200,sens,sens_2018-01-03,2018-01-03,2020-12-31,false,true,"{""*"": 6, ""BIL"": 0.5, ""BTAL"": 6, ""DBMF"": 2.5, ""KMLM"": 6, ""QQQ"": 1, ""SPY"": 0.7, ""TQQQ"": 1.5}",0.03000000,tests/data/2026-08-24-net15,BIL25+BTAL75,0.01000452,0.12933521,0.00950467,0.12934440,37916.21925856,27500.00000000,10416.21925856,0.37877161,0.14482466,0.16376004,0.65069010,0.26065414,0.86272066,0.60138976,-0.24081664,475,2019,0.31293706,2018,-0.04151430,241114.77182359,73.10021015,1.82908689,0.00265819,0.14351191,0.04612581,0.43671091,0.14921819,,,0.41695124,0.09872046
VT TQQQ/BIL50+BTAL50 t20 w0-80 QQQ:VOL_EWMA80 gate QQQ<SMA200,sens,sens_2018-01-03,2018-01-03,2020-12-31,false,true,"{""*"": 6, ""BIL"": 0.5, ""BTAL"": 6, ""DBMF"": 2.5, ""KMLM"": 6, ""QQQ"": 1, ""SPY"": 0.7, ""TQQQ"": 1.5}",0.03000000,tests/data/2026-08-24-net15,BIL50+BTAL50,0.01004423,0.12991530,0.00949833,0.12992309,38998.70414295,27500.00000000,11498.70414295,0.41813470,0.15347765,0.17879965,0.68177720,0.25934767,0.89847144,0.62541353,-0.24540187,477,2019,0.32561459,2018,-0.05821575,242639.20493680,56.43978442,1.85133852,0.00205236,0.28934496,0.09609365,0.29098317,0.09932120,,,0.41690762,0.09942991
VT TQQQ/BIL75+BTAL25 t20 w0-80 QQQ:VOL_EWMA80 gate QQQ<SMA200,sens,sens_2018-01-03,2018-01-03,2020-12-31,false,true,"{""*"": 6, ""BIL"": 0.5, ""BTAL"": 6, ""DBMF"": 2.5, ""KMLM"": 6, ""QQQ"": 1, ""SPY"": 0.7, ""TQQQ"": 1.5}",0.03000000,tests/data/2026-08-24-net15,BIL75+BTAL25,0.00987622,0.13013121,0.00931452,0.13013600,40031.69723821,27500.00000000,12531.69723821,0.45569808,0.16131093,0.19287224,0.70486941,0.26117274,0.92343967,0.64509113,-0.25005914,477,2019,0.33827687,2018,-0.07468845,243203.17791111,40.15271435,1.86719465,0.00146010,0.43531411,0.14494321,0.14517504,0.04915313,,,0.41694809,0.09931964
VT TQQQ/BIL t20 w0-80 QQQ:VOL_EWMA80 gate QQQ<SMA200,sens,sens_2018-01-03,2018-01-03,2020-12-31,false,true,"{""*"": 6, ""BIL"": 0.5, ""BTAL"": 6, ""DBMF"": 2.5, ""KMLM"": 6, ""QQQ"": 1, ""SPY"": 0.7, ""TQQQ"": 1.5}",0.03000000,tests/data/2026-08-24-net15,BIL,0.00979376,0.13070095,0.00960139,0.13070184,41041.90731841,27500.00000000,13541.90731841,0.49243299,0.16863059,0.20638268,0.72080550,0.26589623,0.94060648,0.65507801,-0.25742063,477,2019,0.35027131,2018,-0.09081520,242834.80364553,24.18344615,1.87647716,0.00087940,0.58062062,0.19764870,,,,,0.41688216,0.09941423
SPY benchmark,sens,sens_2018-01-03,2018-01-03,2020-12-31,true,true,"{""*"": 6, ""BIL"": 0.5, ""BTAL"": 6, ""DBMF"": 2.5, ""KMLM"": 6, ""QQQ"": 1, ""SPY"": 0.7, ""TQQQ"": 1.5}",0.03000000,tests/data/2026-08-24-net15,,0.00710548,0.01202681,0.00710735,0.01202812,37455.38675357,27500.00000000,9955.38675357,0.36201406,0.13117121,0.15726280,0.65691892,0.22725409,0.89604908,0.39042026,-0.33597439,173,2019,0.30575270,2018,-0.06086299,27265.90415279,1.90861329,0.21721637,0.00006940,,,,,0.99289265,0.98797188,,
VT TQQQ/BTAL t20 w0-80 QQQ:VOL_EWMA80 gate QQQ<SMA200,sens,sens_2018-07-03,2018-07-03,2021-07-02,false,true,"{""*"": 6, ""BIL"": 0.5, ""BTAL"": 6, ""DBMF"": 2.5, ""KMLM"": 6, ""QQQ"": 1, ""SPY"": 0.7, ""TQQQ"": 1.5}",0.03000000,tests/data/2026-08-24-net15,BTAL,0.00833508,0.13389759,0.00821749,0.13391025,36503.38539995,28000.00000000,8503.38539995,0.30369234,0.11629155,0.13620834,0.54123122,0.27267095,0.72726013,0.44698622,-0.26016809,,2019,0.29809938,2018,-0.10983628,259869.33329512,97.88024554,1.99813337,0.00349572,,,0.57639135,0.19854434,,,0.42277560,0.09640084
VT TQQQ/BIL25+BTAL75 t20 w0-80 QQQ:VOL_EWMA80 gate QQQ<SMA200,sens,sens_2018-07-03,2018-07-03,2021-07-02,false,true,"{""*"": 6, ""BIL"": 0.5, ""BTAL"": 6, ""DBMF"": 2.5, ""KMLM"": 6, ""QQQ"": 1, ""SPY"": 0.7, ""TQQQ"": 1.5}",0.03000000,tests/data/2026-08-24-net15,BIL25+BTAL75,0.00972351,0.13410470,0.00908514,0.13411614,38453.07141256,28000.00000000,10453.07141256,0.37332398,0.13663529,0.16403944,0.61453899,0.26713484,0.82267340,0.56619650,-0.24132132,475,2019,0.31121564,2018,-0.12080779,264445.67865418,80.55915687,2.01217300,0.00287711,0.14250435,0.04801887,0.43207150,0.14911368,,,0.42287654,0.09832545
VT TQQQ/BIL50+BTAL50 t20 w0-80 QQQ:VOL_EWMA80 gate QQQ<SMA200,sens,sens_2018-07-03,2018-07-03,2021-07-02,false,true,"{""*"": 6, ""BIL"": 0.5, ""BTAL"": 6, ""DBMF"": 2.5, ""KMLM"": 6, ""QQQ"": 1, ""SPY"": 0.7, ""TQQQ"": 1.5}",0.03000000,tests/data/2026-08-24-net15,BIL50+BTAL50,0.00999468,0.13427138,0.00933722,0.13428065,40429.42941470,28000.00000000,12429.42941470,0.44390819,0.15627165,0.19121089,0.68229292,0.26488933,0.90865251,0.63558496,-0.24587059,477,2019,0.32410268,2018,-0.13195318,268988.74085188,63.25679947,2.02643939,0.00225917,0.28630897,0.09780155,0.28780301,0.09921612,,,0.42294803,0.09934566
VT TQQQ/BIL75+BTAL25 t20 w0-80 QQQ:VOL_EWMA80 gate QQQ<SMA200,sens,sens_2018-07-03,2018-07-03,2021-07-02,false,true,"{""*"": 6, ""BIL"": 0.5, ""BTAL"": 6, ""DBMF"": 2.5, ""KMLM"": 6, ""QQQ"": 1, ""SPY"": 0.7, ""TQQQ"": 1.5}",0.03000000,tests/data/2026-08-24-net15,BIL75+BTAL25,0.00977943,0.13489442,0.00910705,0.13490010,42412.99754029,28000.00000000,14412.99754029,0.51474991,0.17508270,0.21751939,0.74164936,0.26586003,0.98235732,0.69871671,-0.25057752,477,2019,0.33644034,2018,-0.14283077,272743.04703280,45.57388531,2.03533576,0.00162764,0.43089425,0.14749085,0.14365893,0.04886857,,,0.42292067,0.09942259
VT TQQQ/BIL t20 w0-80 QQQ:VOL_EWMA80 gate QQQ<SMA200,sens,sens_2018-07-03,2018-07-03,2021-07-02,false,true,"{""*"": 6, ""BIL"": 0.5, ""BTAL"": 6, ""DBMF"": 2.5, ""KMLM"": 6, ""QQQ"": 1, ""SPY"": 0.7, ""TQQQ"": 1.5}",0.03000000,tests/data/2026-08-24-net15,BIL,0.00974175,0.13501905,0.00955275,0.13502002,44413.91886922,28000.00000000,16413.91886922,0.58621139,0.19322073,0.24316260,0.79142759,0.26994452,1.04426175,0.75199363,-0.25694464,477,2019,0.34866441,2018,-0.15373994,276624.82956228,27.54694876,2.04558220,0.00098382,0.57442593,0.19669551,,,,,0.42296070,0.09925046
SPY benchmark,sens,sens_2018-07-03,2018-07-03,2021-07-02,true,true,"{""*"": 6, ""BIL"": 0.5, ""BTAL"": 6, ""DBMF"": 2.5, ""KMLM"": 6, ""QQQ"": 1, ""SPY"": 0.7, ""TQQQ"": 1.5}",0.03000000,tests/data/2026-08-24-net15,,0.00807885,0.02286424,0.00808065,0.02289844,42398.04182741,28000.00000000,14398.04182741,0.51421578,0.18806310,0.21732443,0.88553170,0.22305328,1.22127577,0.56286181,-0.33411949,173,2019,0.30679729,2018,-0.06851178,27792.33465797,1.94546343,0.20660311,0.00006948,,,,,0.99191935,0.97710156,,
VT TQQQ/BTAL t20 w0-80 QQQ:VOL_EWMA80 gate QQQ<SMA200,sens,sens_2019-01-03,2019-01-03,2022-01-03,false,true,"{""*"": 6, ""BIL"": 0.5, ""BTAL"": 6, ""DBMF"": 2.5, ""KMLM"": 6, ""QQQ"": 1, ""SPY"": 0.7, ""TQQQ"": 1.5}",0.03000000,tests/data/2026-08-24-net15,BTAL,0.01276970,0.27496764,0.01264264,0.27498218,42278.39965115,28000.00000000,14278.39965115,0.50994284,0.20533356,0.21523038,0.86276748,0.25428088,1.18285760,0.78962572,-0.26003910,366,2019,0.23877481,2022,0.00572687,277956.72904142,106.61821325,1.94445513,0.00380779,,,0.57765752,0.19881937,,,0.42158522,0.00000000
VT TQQQ/BIL25+BTAL75 t20 w0-80 QQQ:VOL_EWMA80 gate QQQ<SMA200,sens,sens_2019-01-03,2019-01-03,2022-01-03,false,true,"{""*"": 6, ""BIL"": 0.5, ""BTAL"": 6, ""DBMF"": 2.5, ""KMLM"": 6, ""QQQ"": 1, ""SPY"": 0.7, ""TQQQ"": 1.5}",0.03000000,tests/data/2026-08-24-net15,BIL25+BTAL75,0.01433854,0.27496889,0.01367667,0.27498218,44348.45444083,28000.00000000,16348.45444083,0.58387337,0.23051778,0.24174038,0.96151321,0.24806610,1.31441856,1.08801763,-0.21186952,324,2019,0.25237874,2022,0.00723213,287539.39323392,89.09132912,1.95415153,0.00318183,0.14262512,0.04368387,0.43306973,0.14912507,,,0.42162691,0.00000000
VT TQQQ/BIL50+BTAL50 t20 w0-80 QQQ:VOL_EWMA80 gate QQQ<SMA200,sens,sens_2019-01-03,2019-01-03,2022-01-03,false,true,"{""*"": 6, ""BIL"": 0.5, ""BTAL"": 6, ""DBMF"": 2.5, ""KMLM"": 6, ""QQQ"": 1, ""SPY"": 0.7, ""TQQQ"": 1.5}",0.03000000,tests/data/2026-08-24-net15,BIL50+BTAL50,0.01469515,0.27497193,0.01397521,0.27498218,46470.92604210,28000.00000000,18470.92604210,0.65967593,0.25531449,0.26800216,1.05137368,0.24519731,1.42986475,1.21136137,-0.21076658,208,2019,0.26583262,2022,0.00871859,296457.17937750,70.72001514,1.95793960,0.00252571,0.28686787,0.09355603,0.28845333,0.09884737,,,0.42169093,0.00000000
VT TQQQ/BIL75+BTAL25 t20 w0-80 QQQ:VOL_EWMA80 gate QQQ<SMA200,sens,sens_2019-01-03,2019-01-03,2022-01-03,false,true,"{""*"": 6, ""BIL"": 0.5, ""BTAL"": 6, ""DBMF"": 2.5, ""KMLM"": 6, ""QQQ"": 1, ""SPY"": 0.7, ""TQQQ"": 1.5}",0.03000000,tests/data/2026-08-24-net15,BIL75+BTAL25,0.01474701,0.27497546,0.01408480,0.27498218,48578.19208844,28000.00000000,20578.19208844,0.73493543,0.27901384,0.29322822,1.12556758,0.24582739,1.52124270,1.29618343,-0.21525799,208,2021,0.28231703,2022,0.01018935,305053.02192233,51.36457988,1.95992803,0.00183445,0.43110433,0.14765710,0.14401080,0.04957357,,,0.42174018,0.00000000
VT TQQQ/BIL t20 w0-80 QQQ:VOL_EWMA80 gate QQQ<SMA200,sens,sens_2019-01-03,2019-01-03,2022-01-03,false,true,"{""*"": 6, ""BIL"": 0.5, ""BTAL"": 6, ""DBMF"": 2.5, ""KMLM"": 6, ""QQQ"": 1, ""SPY"": 0.7, ""TQQQ"": 1.5}",0.03000000,tests/data/2026-08-24-net15,BIL,0.01415964,0.27498107,0.01389864,0.27498218,50726.73307015,28000.00000000,22726.73307015,0.81166904,0.30232648,0.31814584,1.18481091,0.24961588,1.59311750,1.35961780,-0.22236137,169,2021,0.30213083,2022,0.01167466,313858.55776652,30.85315705,1.96203434,0.00110190,0.57596754,0.19691869,,,,,0.42168846,0.00000000
SPY benchmark,sens,sens_2019-01-03,2019-01-03,2022-01-03,true,true,"{""*"": 6, ""BIL"": 0.5, ""BTAL"": 6, ""DBMF"": 2.5, ""KMLM"": 6, ""QQQ"": 1, ""SPY"": 0.7, ""TQQQ"": 1.5}",0.03000000,tests/data/2026-08-24-net15,,0.00673755,0.01874792,0.00673925,0.01874861,46520.96471823,28000.00000000,18520.96471823,0.66146303,0.26815288,0.26861069,1.20639294,0.21663462,1.67717417,0.80355335,-0.33370886,170,2019,0.33710726,2022,0.00575974,27759.93236312,1.94319527,0.18107648,0.00006940,,,,,0.99326075,0.98125139,,
VT TQQQ/BTAL t20 w0-80 QQQ:VOL_EWMA80 gate QQQ<SMA200,sens,sens_2019-07-03,2019-07-03,2022-07-01,false,true,"{""*"": 6, ""BIL"": 0.5, ""BTAL"": 6, ""DBMF"": 2.5, ""KMLM"": 6, ""QQQ"": 1, ""SPY"": 0.7, ""TQQQ"": 1.5}",0.03000000,tests/data/2026-08-24-net15,BTAL,0.01146616,0.13944744,0.01135877,0.13945149,37494.79391146,28000.00000000,9494.79391146,0.33909978,0.17004183,0.15074740,0.77279937,0.24095404,1.06661816,0.65359363,-0.26016446,366,2021,0.21983681,2022,-0.05224278,210101.40291636,79.53270707,1.47333132,0.00284045,,,0.62290486,0.19938650,,,0.37633262,0.06597809
VT TQQQ/BIL25+BTAL75 t20 w0-80 QQQ:VOL_EWMA80 gate QQQ<SMA200,sens,sens_2019-07-03,2019-07-03,2022-07-01,false,true,"{""*"": 6, ""BIL"": 0.5, ""BTAL"": 6, ""DBMF"": 2.5, ""KMLM"": 6, ""QQQ"": 1, ""SPY"": 0.7, ""TQQQ"": 1.5}",0.03000000,tests/data/2026-08-24-net15,BIL25+BTAL75,0.01329467,0.13695665,0.01251149,0.13695786,37326.09451575,28000.00000000,9326.09451575,0.33307480,0.17195148,0.14833238,0.79835192,0.23287792,1.09568778,0.81221538,-0.21170675,324,2021,0.24108773,2022,-0.09127406,217165.95448829,65.97374977,1.48752291,0.00235621,0.15375288,0.04595109,0.46688370,0.14945460,,,0.37644011,0.06847173
VT TQQQ/BIL50+BTAL50 t20 w0-80 QQQ:VOL_EWMA80 gate QQQ<SMA200,sens,sens_2019-07-03,2019-07-03,2022-07-01,false,true,"{""*"": 6, ""BIL"": 0.5, ""BTAL"": 6, ""DBMF"": 2.5, ""KMLM"": 6, ""QQQ"": 1, ""SPY"": 0.7, ""TQQQ"": 1.5}",0.03000000,tests/data/2026-08-24-net15,BIL50+BTAL50,0.01302692,0.13465185,0.01220995,0.13465528,37107.44196082,28000.00000000,9107.44196082,0.32526578,0.17288559,0.14519024,0.81010647,0.22953724,1.10331350,0.89174207,-0.19387399,141,2021,0.26185709,2022,-0.12898655,223851.73482402,52.67188939,1.49828803,0.00188114,0.30972000,0.09714937,0.31098861,0.09935166,,,0.37657026,0.07077430
VT TQQQ/BIL75+BTAL25 t20 w0-80 QQQ:VOL_EWMA80 gate QQQ<SMA200,sens,sens_2019-07-03,2019-07-03,2022-07-01,false,true,"{""*"": 6, ""BIL"": 0.5, ""BTAL"": 6, ""DBMF"": 2.5, ""KMLM"": 6, ""QQQ"": 1, ""SPY"": 0.7, ""TQQQ"": 1.5}",0.03000000,tests/data/2026-08-24-net15,BIL75+BTAL25,0.01300389,0.13178152,0.01223310,0.13178482,36775.94422712,28000.00000000,8775.94422712,0.31342658,0.17197701,0.14040031,0.80281409,0.23113819,1.08460575,0.82635320,-0.20811562,152,2021,0.28212981,2022,-0.16635129,229932.48729802,38.60389928,1.50565233,0.00137871,0.46513403,0.14723244,0.15519600,0.04911810,,,0.37678755,0.07364476
VT TQQQ/BIL t20 w0-80 QQQ:VOL_EWMA80 gate QQQ<SMA200,sens,sens_2019-07-03,2019-07-03,2022-07-01,false,true,"{""*"": 6, ""BIL"": 0.5, ""BTAL"": 6, ""DBMF"": 2.5, ""KMLM"": 6, ""QQQ"": 1, ""SPY"": 0.7, ""TQQQ"": 1.5}",0.03000000,tests/data/2026-08-24-net15,BIL,0.01243768,0.12906153,0.01216191,0.12906186,36389.91504937,28000.00000000,8389.91504937,0.29963982,0.17003816,0.13478209,0.78097700,0.23738758,1.04782465,0.70623466,-0.24076722,,2021,0.30210985,2022,-0.20245388,234255.85292869,23.24265722,1.50161959,0.00083009,0.62078347,0.19498345,,,,,0.37692710,0.07636772
SPY benchmark,sens,sens_2019-07-03,2019-07-03,2022-07-01,true,true,"{""*"": 6, ""BIL"": 0.5, ""BTAL"": 6, ""DBMF"": 2.5, ""KMLM"": 6, ""QQQ"": 1, ""SPY"": 0.7, ""TQQQ"": 1.5}",0.03000000,tests/data/2026-08-24-net15,,0.00823925,0.01882444,0.00824102,0.01882524,32748.51155303,28000.00000000,4748.51155303,0.16958970,0.09946213,0.07948256,0.52286849,0.23403255,0.71156937,0.29883060,-0.33283784,173,2021,0.28279000,2022,-0.19105449,27687.09141448,1.93809640,0.19703650,0.00006922,,,,,0.99175898,0.98117476,,
VT TQQQ/BTAL t20 w0-80 QQQ:VOL_EWMA80 gate QQQ<SMA200,sens,sens_2020-01-03,2020-01-03,2023-01-03,false,true,"{""*"": 6, ""BIL"": 0.5, ""BTAL"": 6, ""DBMF"": 2.5, ""KMLM"": 6, ""QQQ"": 1, ""SPY"": 0.7, ""TQQQ"": 1.5}",0.03000000,tests/data/2026-08-24-net15,BTAL,0.03736165,0.22970123,0.03719900,0.22970588,32528.82533732,28000.00000000,4528.82533732,0.16174376,0.08548909,0.07570946,0.46991558,0.23278176,0.64355772,0.32865205,-0.26012036,366,2021,0.21988406,2022,-0.08046000,144206.88248512,55.86500283,1.13285213,0.00199518,,,0.70559550,0.19989751,,,0.29349488,0.04357202
VT TQQQ/BIL25+BTAL75 t20 w0-80 QQQ:VOL_EWMA80 gate QQQ<SMA200,sens,sens_2020-01-03,2020-01-03,2023-01-03,false,true,"{""*"": 6, ""BIL"": 0.5, ""BTAL"": 6, ""DBMF"": 2.5, ""KMLM"": 6, ""QQQ"": 1, ""SPY"": 0.7, ""TQQQ"": 1.5}",0.03000000,tests/data/2026-08-24-net15,BIL25+BTAL75,0.03851338,0.22830675,0.03788390,0.22830879,32354.44838326,28000.00000000,4354.44838326,0.15551601,0.08837415,0.07294550,0.49800857,0.21848395,0.67814607,0.41752928,-0.21165977,324,2021,0.24117981,2022,-0.11274116,149642.27407825,46.19217551,1.15093447,0.00164972,0.17464095,0.04820181,0.52879939,0.14996571,,,0.29395760,0.04496910
VT TQQQ/BIL50+BTAL50 t20 w0-80 QQQ:VOL_EWMA80 gate QQQ<SMA200,sens,sens_2020-01-03,2020-01-03,2023-01-03,false,true,"{""*"": 6, ""BIL"": 0.5, ""BTAL"": 6, ""DBMF"": 2.5, ""KMLM"": 6, ""QQQ"": 1, ""SPY"": 0.7, ""TQQQ"": 1.5}",0.03000000,tests/data/2026-08-24-net15,BIL50+BTAL50,0.03785855,0.22678282,0.03722912,0.22678337,32096.45254191,28000.00000000,4096.45254191,0.14630188,0.08958643,0.06883568,0.51372793,0.21074227,0.69342315,0.46155776,-0.19409583,141,2021,0.26188318,2022,-0.14530958,154398.17711731,36.79719371,1.16409131,0.00131419,0.35070937,0.09779736,0.35212927,0.09946889,,,0.29447925,0.04649452
VT TQQQ/BIL75+BTAL25 t20 w0-80 QQQ:VOL_EWMA80 gate QQQ<SMA200,sens,sens_2020-01-03,2020-01-03,2023-01-03,false,true,"{""*"": 6, ""BIL"": 0.5, ""BTAL"": 6, ""DBMF"": 2.5, ""KMLM"": 6, ""QQQ"": 1, ""SPY"": 0.7, ""TQQQ"": 1.5}",0.03000000,tests/data/2026-08-24-net15,BIL75+BTAL25,0.03777204,0.22546127,0.03699244,0.22546225,31810.77397185,28000.00000000,3810.77397185,0.13609907,0.08996326,0.06425601,0.51668910,0.20988446,0.69084602,0.42042708,-0.21398064,,2021,0.28221723,2022,-0.17687470,158203.27354327,26.74924937,1.16972662,0.00095533,0.52685722,0.14871640,0.17570352,0.04921339,,,0.29466534,0.04781564
VT TQQQ/BIL t20 w0-80 QQQ:VOL_EWMA80 gate QQQ<SMA200,sens,sens_2020-01-03,2020-01-03,2023-01-03,false,true,"{""*"": 6, ""BIL"": 0.5, ""BTAL"": 6, ""DBMF"": 2.5, ""KMLM"": 6, ""QQQ"": 1, ""SPY"": 0.7, ""TQQQ"": 1.5}",0.03000000,tests/data/2026-08-24-net15,BIL,0.03704118,0.22399218,0.03670796,0.22399262,31441.46471542,28000.00000000,3441.46471542,0.12290945,0.08865617,0.05828993,0.50248330,0.21610890,0.66700345,0.36187650,-0.24499014,,2021,0.30232924,2022,-0.20882731,161415.12629174,15.73079449,1.17200947,0.00056181,0.70269279,0.19700570,,,,,0.29501009,0.04928527
SPY benchmark,sens,sens_2020-01-03,2020-01-03,2023-01-03,true,true,"{""*"": 6, ""BIL"": 0.5, ""BTAL"": 6, ""DBMF"": 2.5, ""KMLM"": 6, ""QQQ"": 1, ""SPY"": 0.7, ""TQQQ"": 1.5}",0.03000000,tests/data/2026-08-24-net15,,0.00822956,0.01837760,0.00823135,0.01837842,30932.97368744,28000.00000000,2932.97368744,0.10474906,0.07147459,0.04998907,0.40308205,0.24856032,0.55707228,0.21230803,-0.33665516,173,2021,0.28286123,2022,-0.18106724,27875.14118598,1.95125988,0.20711664,0.00006969,,,,,0.99176865,0.98162158,,
VT TQQQ/BTAL t20 w0-80 QQQ:VOL_EWMA80 gate QQQ<SMA200,sens,sens_2020-07-06,2020-07-06,2023-07-03,false,true,"{""*"": 6, ""BIL"": 0.5, ""BTAL"": 6, ""DBMF"": 2.5, ""KMLM"": 6, ""QQQ"": 1, ""SPY"": 0.7, ""TQQQ"": 1.5}",0.03000000,tests/data/2026-08-24-net15,BTAL,0.03764278,0.23156874,0.03745164,0.23157432,33637.89249457,28000.00000000,5637.89249457,0.20135330,0.07376972,0.09335424,0.43586436,0.21833111,0.59956718,0.28334964,-0.26034874,366,2021,0.22005692,2022,-0.07896579,125345.54979459,49.45051625,1.05856237,0.00176609,,,0.69972774,0.19895973,,,0.29946369,0.04170358
VT TQQQ/BIL25+BTAL75 t20 w0-80 QQQ:VOL_EWMA80 gate QQQ<SMA200,sens,sens_2020-07-06,2020-07-06,2023-07-03,false,true,"{""*"": 6, ""BIL"": 0.5, ""BTAL"": 6, ""DBMF"": 2.5, ""KMLM"": 6, ""QQQ"": 1, ""SPY"": 0.7, ""TQQQ"": 1.5}",0.03000000,tests/data/2026-08-24-net15,BIL25+BTAL75,0.03901242,0.23031446,0.03827420,0.23031734,34588.21567481,28000.00000000,6588.21567481,0.23529342,0.09427896,0.10791711,0.54359908,0.20444360,0.75146625,0.44512610,-0.21180281,324,2021,0.24135830,2022,-0.11084214,130605.52260408,40.90580940,1.07526037,0.00146092,0.17302972,0.04800136,0.52443275,0.14946021,,,0.29965844,0.04296056
VT TQQQ/BIL50+BTAL50 t20 w0-80 QQQ:VOL_EWMA80 gate QQQ<SMA200,sens,sens_2020-07-06,2020-07-06,2023-07-03,false,true,"{""*"": 6, ""BIL"": 0.5, ""BTAL"": 6, ""DBMF"": 2.5, ""KMLM"": 6, ""QQQ"": 1, ""SPY"": 0.7, ""TQQQ"": 1.5}",0.03000000,tests/data/2026-08-24-net15,BIL50+BTAL50,0.03878311,0.22897249,0.03799670,0.22897358,35492.59963920,28000.00000000,7492.59963920,0.26759284,0.11361273,0.12150342,0.64628323,0.19664627,0.89727951,0.59808319,-0.18996142,572,2021,0.26165481,2022,-0.14300186,135383.91655687,32.47302607,1.08760640,0.00115975,0.34778181,0.09803848,0.34933209,0.09993137,,,0.29989073,0.04430431
VT TQQQ/BIL75+BTAL25 t20 w0-80 QQQ:VOL_EWMA80 gate QQQ<SMA200,sens,sens_2020-07-06,2020-07-06,2023-07-03,false,true,"{""*"": 6, ""BIL"": 0.5, ""BTAL"": 6, ""DBMF"": 2.5, ""KMLM"": 6, ""QQQ"": 1, ""SPY"": 0.7, ""TQQQ"": 1.5}",0.03000000,tests/data/2026-08-24-net15,BIL75+BTAL25,0.03803072,0.22756740,0.03733528,0.22756807,36361.65777113,28000.00000000,8361.65777113,0.29863063,0.13188102,0.13432015,0.73189773,0.19561966,1.01838084,0.60649894,-0.21744641,,2021,0.28204861,2022,-0.17493879,139739.14125728,23.57026036,1.09620953,0.00084180,0.52284041,0.14988859,0.17434642,0.04930068,,,0.30019348,0.04570983
VT TQQQ/BIL t20 w0-80 QQQ:VOL_EWMA80 gate QQQ<SMA200,sens,sens_2020-07-06,2020-07-06,2023-07-03,false,true,"{""*"": 6, ""BIL"": 0.5, ""BTAL"": 6, ""DBMF"": 2.5, ""KMLM"": 6, ""QQQ"": 1, ""SPY"": 0.7, ""TQQQ"": 1.5}",0.03000000,tests/data/2026-08-24-net15,BIL,0.03776605,0.22573704,0.03726803,0.22573756,37169.42972043,28000.00000000,9169.42972043,0.32747963,0.14896168,0.14603204,0.79127606,0.20132372,1.10147099,0.60520705,-0.24613341,,2021,0.30187063,2022,-0.20772844,143656.72459849,13.80418842,1.10122474,0.00049301,0.69665149,0.19775123,,,,,0.30072384,0.04754033
SPY benchmark,sens,sens_2020-07-06,2020-07-06,2023-07-03,true,true,"{""*"": 6, ""BIL"": 0.5, ""BTAL"": 6, ""DBMF"": 2.5, ""KMLM"": 6, ""QQQ"": 1, ""SPY"": 0.7, ""TQQQ"": 1.5}",0.03000000,tests/data/2026-08-24-net15,,0.01002207,0.02579172,0.01002381,0.02579267,34788.50801338,28000.00000000,6788.50801338,0.24244671,0.13191613,0.11094850,0.77665388,0.18069314,1.10915007,0.53882167,-0.24482335,,2021,0.28090630,2022,-0.18316873,27623.43846848,1.93364069,0.20712078,0.00006906,,,,,0.98997619,0.97420733,,
VT TQQQ/BTAL t20 w0-80 QQQ:VOL_EWMA80 gate QQQ<SMA200,sens,sens_2021-01-04,2021-01-04,2024-01-03,false,true,"{""*"": 6, ""BIL"": 0.5, ""BTAL"": 6, ""DBMF"": 2.5, ""KMLM"": 6, ""QQQ"": 1, ""SPY"": 0.7, ""TQQQ"": 1.5}",0.03000000,tests/data/2026-08-24-net15,BTAL,0.03814489,0.23292692,0.03792828,0.23293310,37888.08582604,28000.00000000,9888.08582604,0.35314592,0.13946009,0.15592031,0.80622587,0.18288413,1.16216194,0.72414974,-0.19258461,177,2023,0.32707886,2022,-0.07701589,148856.33981475,57.22654184,1.16460794,0.00204381,,,0.67503440,0.22668322,,,0.32403775,0.04034479
VT TQQQ/BIL25+BTAL75 t20 w0-80 QQQ:VOL_EWMA80 gate QQQ<SMA200,sens,sens_2021-01-04,2021-01-04,2024-01-03,false,true,"{""*"": 6, ""BIL"": 0.5, ""BTAL"": 6, ""DBMF"": 2.5, ""KMLM"": 6, ""QQQ"": 1, ""SPY"": 0.7, ""TQQQ"": 1.5}",0.03000000,tests/data/2026-08-24-net15,BIL25+BTAL75,0.03932460,0.23199897,0.03862217,0.23200222,37925.68757619,28000.00000000,9925.68757619,0.35448884,0.14139373,0.15645204,0.84288268,0.17534186,1.21651341,0.81746786,-0.17296549,161,2023,0.36513514,2022,-0.10885591,150243.08207517,46.29490702,1.17578346,0.00165339,0.16706119,0.05625382,0.50610787,0.17029989,,,0.32413938,0.04127567
VT TQQQ/BIL50+BTAL50 t20 w0-80 QQQ:VOL_EWMA80 gate QQQ<SMA200,sens,sens_2021-01-04,2021-01-04,2024-01-03,false,true,"{""*"": 6, ""BIL"": 0.5, ""BTAL"": 6, ""DBMF"": 2.5, ""KMLM"": 6, ""QQQ"": 1, ""SPY"": 0.7, ""TQQQ"": 1.5}",0.03000000,tests/data/2026-08-24-net15,BIL50+BTAL50,0.03934838,0.23098729,0.03864941,0.23098872,37884.25860257,28000.00000000,9884.25860257,0.35300924,0.14216216,0.15586617,0.85172602,0.17405184,1.22678071,0.75375642,-0.18860491,572,2023,0.40291409,2022,-0.14096608,151810.35479579,35.86108116,1.18959757,0.00128075,0.33542504,0.11276463,0.33713507,0.11310710,,,0.32440969,0.04228917
VT TQQQ/BIL75+BTAL25 t20 w0-80 QQQ:VOL_EWMA80 gate QQQ<SMA200,sens,sens_2021-01-04,2021-01-04,2024-01-03,false,true,"{""*"": 6, ""BIL"": 0.5, ""BTAL"": 6, ""DBMF"": 2.5, ""KMLM"": 6, ""QQQ"": 1, ""SPY"": 0.7, ""TQQQ"": 1.5}",0.03000000,tests/data/2026-08-24-net15,BIL75+BTAL25,0.03900317,0.22989124,0.03822866,0.22989186,37773.92844754,28000.00000000,9773.92844754,0.34906887,0.14187894,0.15430363,0.83191649,0.17894259,1.19151159,0.65585109,-0.21632797,601,2023,0.44056576,2022,-0.17314371,152500.43168770,25.49938561,1.19769835,0.00091069,0.50406176,0.16983422,0.16820449,0.05626712,,,0.32460268,0.04338603
VT TQQQ/BIL t20 w0-80 QQQ:VOL_EWMA80 gate QQQ<SMA200,sens,sens_2021-01-04,2021-01-04,2024-01-03,false,true,"{""*"": 6, ""BIL"": 0.5, ""BTAL"": 6, ""DBMF"": 2.5, ""KMLM"": 6, ""QQQ"": 1, ""SPY"": 0.7, ""TQQQ"": 1.5}",0.03000000,tests/data/2026-08-24-net15,BIL,0.03864306,0.22874075,0.03807513,0.22874130,37612.87559655,28000.00000000,9612.87559655,0.34331699,0.14082684,0.15201669,0.79085788,0.18954460,1.12391892,0.57714519,-0.24400592,605,2023,0.47779375,2022,-0.20475024,152385.92849782,14.92179668,1.19999174,0.00053292,0.67246796,0.22526950,,,,,0.32479018,0.04453659
SPY benchmark,sens,sens_2021-01-04,2021-01-04,2024-01-03,true,true,"{""*"": 6, ""BIL"": 0.5, ""BTAL"": 6, ""DBMF"": 2.5, ""KMLM"": 6, ""QQQ"": 1, ""SPY"": 0.7, ""TQQQ"": 1.5}",0.03000000,tests/data/2026-08-24-net15,,0.01146942,0.03041091,0.01147122,0.03044485,33710.83875822,28000.00000000,5710.83875822,0.20395853,0.09679578,0.09425879,0.61910497,0.17380570,0.88635484,0.40024497,-0.24184134,709,2021,0.29776361,2022,-0.18015495,27675.11606452,1.93725812,0.22353734,0.00006919,,,,,0.98852878,0.96955515,,
VT TQQQ/BTAL t20 w0-80 QQQ:VOL_EWMA80 gate QQQ<SMA200,sens,sens_2021-07-06,2021-07-06,2024-07-03,false,true,"{""*"": 6, ""BIL"": 0.5, ""BTAL"": 6, ""DBMF"": 2.5, ""KMLM"": 6, ""QQQ"": 1, ""SPY"": 0.7, ""TQQQ"": 1.5}",0.03000000,tests/data/2026-08-24-net15,BTAL,0.03900161,0.23575376,0.03880738,0.23576131,45591.65727971,28000.00000000,17591.65727971,0.62827347,0.21298827,0.25792771,1.17315180,0.17845972,1.71998753,1.33512112,-0.15952730,506,2023,0.32552303,2022,-0.07395810,204762.63165539,77.63188717,1.55889528,0.00277257,,,0.65827216,0.22658885,,,0.34077977,0.03751658
VT TQQQ/BIL25+BTAL75 t20 w0-80 QQQ:VOL_EWMA80 gate QQQ<SMA200,sens,sens_2021-07-06,2021-07-06,2024-07-03,false,true,"{""*"": 6, ""BIL"": 0.5, ""BTAL"": 6, ""DBMF"": 2.5, ""KMLM"": 6, ""QQQ"": 1, ""SPY"": 0.7, ""TQQQ"": 1.5}",0.03000000,tests/data/2026-08-24-net15,BIL25+BTAL75,0.04022737,0.23493495,0.03946234,0.23493947,45129.90339769,28000.00000000,17129.90339769,0.61178226,0.20405743,0.25219341,1.16186631,0.17299083,1.70397367,1.25025341,-0.16321286,553,2023,0.36317797,2022,-0.10606515,204605.62484556,62.56356518,1.57603688,0.00223441,0.16237127,0.05569080,0.49340485,0.17001734,,,0.34092819,0.03833843
VT TQQQ/BIL50+BTAL50 t20 w0-80 QQQ:VOL_EWMA80 gate QQQ<SMA200,sens,sens_2021-07-06,2021-07-06,2024-07-03,false,true,"{""*"": 6, ""BIL"": 0.5, ""BTAL"": 6, ""DBMF"": 2.5, ""KMLM"": 6, ""QQQ"": 1, ""SPY"": 0.7, ""TQQQ"": 1.5}",0.03000000,tests/data/2026-08-24-net15,BIL50+BTAL50,0.03982087,0.23409490,0.03919741,0.23409730,44640.47038362,28000.00000000,16640.47038362,0.59430251,0.19479609,0.24606868,1.11304745,0.17374511,1.62737403,1.04288819,-0.18678521,571,2023,0.40121034,2022,-0.13807617,204224.00352410,47.91823606,1.59190587,0.00171137,0.32713568,0.11238157,0.32869344,0.11313278,,,0.34122677,0.03918059
VT TQQQ/BIL75+BTAL25 t20 w0-80 QQQ:VOL_EWMA80 gate QQQ<SMA200,sens,sens_2021-07-06,2021-07-06,2024-07-03,false,true,"{""*"": 6, ""BIL"": 0.5, ""BTAL"": 6, ""DBMF"": 2.5, ""KMLM"": 6, ""QQQ"": 1, ""SPY"": 0.7, ""TQQQ"": 1.5}",0.03000000,tests/data/2026-08-24-net15,BIL75+BTAL25,0.03991867,0.23368619,0.03924160,0.23368718,44107.83271103,28000.00000000,16107.83271103,0.57527974,0.18474742,0.23934760,1.03189626,0.18034172,1.49924103,0.86512949,-0.21354886,601,2023,0.43820287,2022,-0.16921167,203909.17827531,33.84454521,1.61003542,0.00120873,0.49168650,0.16752858,0.16411376,0.05654755,,,0.34109557,0.03959071
VT TQQQ/BIL t20 w0-80 QQQ:VOL_EWMA80 gate QQQ<SMA200,sens,sens_2021-07-06,2021-07-06,2024-07-03,false,true,"{""*"": 6, ""BIL"": 0.5, ""BTAL"": 6, ""DBMF"": 2.5, ""KMLM"": 6, ""QQQ"": 1, ""SPY"": 0.7, ""TQQQ"": 1.5}",0.03000000,tests/data/2026-08-24-net15,BIL,0.03967569,0.23273762,0.03931597,0.23273831,43495.31672403,28000.00000000,15495.31672403,0.55340417,0.17345439,0.23154523,0.92885883,0.19244817,1.33725135,0.71733075,-0.24180532,605,2023,0.47560203,2022,-0.20143170,202281.68325672,20.02733982,1.62011909,0.00071526,0.65552203,0.22709094,,,,,0.34140602,0.04053958
SPY benchmark,sens,sens_2021-07-06,2021-07-06,2024-07-03,true,true,"{""*"": 6, ""BIL"": 0.5, ""BTAL"": 6, ""DBMF"": 2.5, ""KMLM"": 6, ""QQQ"": 1, ""SPY"": 0.7, ""TQQQ"": 1.5}",0.03000000,tests/data/2026-08-24-net15,,0.01095023,0.03059232,0.01095211,0.03059363,36454.54292082,28000.00000000,8454.54292082,0.30194796,0.09872625,0.13550696,0.63716929,0.17092151,0.91404182,0.40625452,-0.24301576,709,2023,0.25758100,2022,-0.18012880,27781.76411407,1.94472349,0.23445976,0.00006945,,,,,0.98904789,0.96940637,,
VT TQQQ/BTAL t20 w0-80 QQQ:VOL_EWMA80 gate QQQ<SMA200,sens,sens_2022-01-03,2022-01-03,2025-01-03,false,true,"{""*"": 6, ""BIL"": 0.5, ""BTAL"": 6, ""DBMF"": 2.5, ""KMLM"": 6, ""QQQ"": 1, ""SPY"": 0.7, ""TQQQ"": 1.5}",0.03000000,tests/data/2026-08-24-net15,BTAL,0.04039984,0.24029692,0.04026846,0.24030661,39384.56907369,28000.00000000,11384.56907369,0.40659175,0.13635841,0.17650265,0.76922712,0.19030312,1.07137570,0.83592493,-0.16312279,,2023,0.32275289,2022,-0.07188506,248035.61163102,94.83789045,1.86544165,0.00338707,,,0.67675155,0.22669633,,,0.32236859,0.03297128
VT TQQQ/BIL25+BTAL75 t20 w0-80 QQQ:VOL_EWMA80 gate QQQ<SMA200,sens,sens_2022-01-03,2022-01-03,2025-01-03,false,true,"{""*"": 6, ""BIL"": 0.5, ""BTAL"": 6, ""DBMF"": 2.5, ""KMLM"": 6, ""QQQ"": 1, ""SPY"": 0.7, ""TQQQ"": 1.5}",0.03000000,tests/data/2026-08-24-net15,BIL25+BTAL75,0.04185041,0.23995733,0.04125780,0.23996385,39507.15742192,28000.00000000,11507.15742192,0.41096991,0.13341697,0.17818332,0.77068431,0.18536836,1.07179686,0.81735088,-0.16323096,,2023,0.36067276,2022,-0.10453910,248771.62390830,76.65096752,1.88323765,0.00273753,0.16700816,0.05381224,0.50749075,0.17002338,,,0.32234047,0.03331404
VT TQQQ/BIL50+BTAL50 t20 w0-80 QQQ:VOL_EWMA80 gate QQQ<SMA200,sens,sens_2022-01-03,2022-01-03,2025-01-03,false,true,"{""*"": 6, ""BIL"": 0.5, ""BTAL"": 6, ""DBMF"": 2.5, ""KMLM"": 6, ""QQQ"": 1, ""SPY"": 0.7, ""TQQQ"": 1.5}",0.03000000,tests/data/2026-08-24-net15,BIL50+BTAL50,0.04116723,0.23896864,0.04069026,0.23897208,39549.15235988,28000.00000000,11549.15235988,0.41246973,0.12885049,0.17875818,0.74593867,0.18633384,1.03640955,0.75125198,-0.17151435,515,2023,0.39879026,2022,-0.13916564,248253.50748570,58.74540601,1.89563159,0.00209805,0.33627348,0.11159893,0.33803459,0.11323301,,,0.32277546,0.03430581
VT TQQQ/BIL75+BTAL25 t20 w0-80 QQQ:VOL_EWMA80 gate QQQ<SMA200,sens,sens_2022-01-03,2022-01-03,2025-01-03,false,true,"{""*"": 6, ""BIL"": 0.5, ""BTAL"": 6, ""DBMF"": 2.5, ""KMLM"": 6, ""QQQ"": 1, ""SPY"": 0.7, ""TQQQ"": 1.5}",0.03000000,tests/data/2026-08-24-net15,BIL75+BTAL25,0.04146082,0.23856031,0.04091226,0.23856197,39544.64269568,28000.00000000,11544.64269568,0.41230867,0.12377007,0.17869647,0.70275456,0.19321016,0.97543020,0.64229377,-0.19270010,526,2023,0.43593408,2022,-0.17192973,247810.20827502,41.36839054,1.90938071,0.00147744,0.50537413,0.17012437,0.16877976,0.05659078,,,0.32265824,0.03471592
VT TQQQ/BIL t20 w0-80 QQQ:VOL_EWMA80 gate QQQ<SMA200,sens,sens_2022-01-03,2022-01-03,2025-01-03,false,true,"{""*"": 6, ""BIL"": 0.5, ""BTAL"": 6, ""DBMF"": 2.5, ""KMLM"": 6, ""QQQ"": 1, ""SPY"": 0.7, ""TQQQ"": 1.5}",0.03000000,tests/data/2026-08-24-net15,BIL,0.04086520,0.23746109,0.04053254,0.23746211,39475.32644054,28000.00000000,11475.32644054,0.40983309,0.11722541,0.17774729,0.64407442,0.20554489,0.89198522,0.54178215,-0.21637001,528,2023,0.47354539,2022,-0.20640671,246852.36678356,24.30848899,1.92299480,0.00086816,0.67394621,0.22643094,,,,,0.32315476,0.03581579
SPY benchmark,sens,sens_2022-01-03,2022-01-03,2025-01-03,true,true,"{""*"": 6, ""BIL"": 0.5, ""BTAL"": 6, ""DBMF"": 2.5, ""KMLM"": 6, ""QQQ"": 1, ""SPY"": 0.7, ""TQQQ"": 1.5}",0.03000000,tests/data/2026-08-24-net15,,0.01322224,0.03380632,0.01322413,0.03380762,36731.26506053,28000.00000000,8731.26506053,0.31183090,0.08539846,0.13914578,0.56302846,0.17236917,0.80057392,0.34979332,-0.24413976,709,2023,0.25445822,2022,-0.18817295,27463.52481149,1.92244674,0.22756876,0.00006866,,,,,0.98677587,0.96619238,,
VT TQQQ/BTAL t20 w0-80 QQQ:VOL_EWMA80 gate QQQ<SMA200,sens,sens_2022-07-05,2022-07-05,2025-07-03,false,true,"{""*"": 6, ""BIL"": 0.5, ""BTAL"": 6, ""DBMF"": 2.5, ""KMLM"": 6, ""QQQ"": 1, ""SPY"": 0.7, ""TQQQ"": 1.5}",0.03000000,tests/data/2026-08-24-net15,BTAL,0.04508403,0.27326665,0.04493985,0.27327789,39323.65821838,28000.00000000,11323.65821838,0.40441636,0.17211271,0.17609869,0.91116844,0.19616977,1.27467117,1.05453791,-0.16321150,,2023,0.30513289,2022,0.01640410,241412.83189064,93.52806927,1.67509823,0.00334029,,,0.66302349,0.22655728,,,0.33613501,0.00000000
VT TQQQ/BIL25+BTAL75 t20 w0-80 QQQ:VOL_EWMA80 gate QQQ<SMA200,sens,sens_2022-07-05,2022-07-05,2025-07-03,false,true,"{""*"": 6, ""BIL"": 0.5, ""BTAL"": 6, ""DBMF"": 2.5, ""KMLM"": 6, ""QQQ"": 1, ""SPY"": 0.7, ""TQQQ"": 1.5}",0.03000000,tests/data/2026-08-24-net15,BIL25+BTAL75,0.04629162,0.27327109,0.04568306,0.27327789,40332.38071184,28000.00000000,12332.38071184,0.44044217,0.18636483,0.18986558,0.99543500,0.19069318,1.39562678,1.14074026,-0.16337184,,2023,0.34288884,2022,0.01561078,246489.17903387,76.45611542,1.68948608,0.00273058,0.16400173,0.05584809,0.49708730,0.17029381,,,0.33621653,0.00000000
VT TQQQ/BIL50+BTAL50 t20 w0-80 QQQ:VOL_EWMA80 gate QQQ<SMA200,sens,sens_2022-07-05,2022-07-05,2025-07-03,false,true,"{""*"": 6, ""BIL"": 0.5, ""BTAL"": 6, ""DBMF"": 2.5, ""KMLM"": 6, ""QQQ"": 1, ""SPY"": 0.7, ""TQQQ"": 1.5}",0.03000000,tests/data/2026-08-24-net15,BIL50+BTAL50,0.04642086,0.27327424,0.04578252,0.27327789,41331.62556983,28000.00000000,13331.62556983,0.47612948,0.20023112,0.20325665,1.05392320,0.19129558,1.48085636,1.15633602,-0.17315998,,2023,0.38139856,2022,0.01435977,252085.97943973,59.60196528,1.70733457,0.00212864,0.32923778,0.11012453,0.33120681,0.11327066,,,0.33632295,0.00000000
VT TQQQ/BIL75+BTAL25 t20 w0-80 QQQ:VOL_EWMA80 gate QQQ<SMA200,sens,sens_2022-07-05,2022-07-05,2025-07-03,false,true,"{""*"": 6, ""BIL"": 0.5, ""BTAL"": 6, ""DBMF"": 2.5, ""KMLM"": 6, ""QQQ"": 1, ""SPY"": 0.7, ""TQQQ"": 1.5}",0.03000000,tests/data/2026-08-24-net15,BIL75+BTAL25,0.04582609,0.27327626,0.04527361,0.27327789,42292.94618768,28000.00000000,14292.94618768,0.51046236,0.21338706,0.21591790,1.08017802,0.19799358,1.51845177,1.11480849,-0.19141140,,2023,0.41963245,2022,0.01286019,256143.11703222,42.60763549,1.71564684,0.00152170,0.49574348,0.17023569,0.16537138,0.05627903,,,0.33648276,0.00000000
VT TQQQ/BIL t20 w0-80 QQQ:VOL_EWMA80 gate QQQ<SMA200,sens,sens_2022-07-05,2022-07-05,2025-07-03,false,true,"{""*"": 6, ""BIL"": 0.5, ""BTAL"": 6, ""DBMF"": 2.5, ""KMLM"": 6, ""QQQ"": 1, ""SPY"": 0.7, ""TQQQ"": 1.5}",0.03000000,tests/data/2026-08-24-net15,BIL,0.04577079,0.27327698,0.04546607,0.27327789,43204.06405588,28000.00000000,15204.06405588,0.54300229,0.22565125,0.22772548,1.07845358,0.20994144,1.51487306,1.06048237,-0.21278170,,2023,0.45676344,2022,0.01098957,260488.51645052,25.38920239,1.72729044,0.00090676,0.66093782,0.22544520,,,,,0.33656926,0.00000000
SPY benchmark,sens,sens_2022-07-05,2022-07-05,2025-07-03,true,true,"{""*"": 6, ""BIL"": 0.5, ""BTAL"": 6, ""DBMF"": 2.5, ""KMLM"": 6, ""QQQ"": 1, ""SPY"": 0.7, ""TQQQ"": 1.5}",0.03000000,tests/data/2026-08-24-net15,,0.01161877,0.03304622,0.01162052,0.03304738,40940.99338848,28000.00000000,12940.99338848,0.46217834,0.19129635,0.19805022,1.10278801,0.17282334,1.67093631,1.02696611,-0.18627328,127,2023,0.25471235,2022,0.00966891,27966.83634583,1.95767854,0.19778441,0.00006992,,,,,0.98837948,0.96695262,,
VT TQQQ/BTAL t20 w0-80 QQQ:VOL_EWMA80 gate QQQ<SMA200,sens,sens_2023-01-03,2023-01-03,2026-01-02,false,true,"{""*"": 6, ""BIL"": 0.5, ""BTAL"": 6, ""DBMF"": 2.5, ""KMLM"": 6, ""QQQ"": 1, ""SPY"": 0.7, ""TQQQ"": 1.5}",0.03000000,tests/data/2026-08-24-net15,BTAL,0.01134806,0.29805569,0.01112098,0.29835514,40636.30256671,28000.00000000,12636.30256671,0.45129652,0.20091872,0.19379510,1.02045346,0.19999808,1.42739076,1.23106327,-0.16320747,449,2023,0.28797348,2026,-0.01392453,316293.22601125,120.94359468,2.13404934,0.00431941,,,0.57062609,0.19982163,,,0.42832085,0.00000000
VT TQQQ/BIL25+BTAL75 t20 w0-80 QQQ:VOL_EWMA80 gate QQQ<SMA200,sens,sens_2023-01-03,2023-01-03,2026-01-02,false,true,"{""*"": 6, ""BIL"": 0.5, ""BTAL"": 6, ""DBMF"": 2.5, ""KMLM"": 6, ""QQQ"": 1, ""SPY"": 0.7, ""TQQQ"": 1.5}",0.03000000,tests/data/2026-08-24-net15,BIL25+BTAL75,0.01254802,0.29812408,0.01184720,0.29835514,42384.48075571,28000.00000000,14384.48075571,0.51373146,0.22466221,0.21692171,1.09949856,0.20432405,1.54139489,1.37592254,-0.16328115,436,2023,0.33042421,2026,-0.01141600,325913.05813855,100.30034793,2.15378727,0.00358216,0.14108378,0.04757559,0.42784671,0.14983965,,,0.42855845,0.00000000
VT TQQQ/BIL50+BTAL50 t20 w0-80 QQQ:VOL_EWMA80 gate QQQ<SMA200,sens,sens_2023-01-03,2023-01-03,2026-01-02,false,true,"{""*"": 6, ""BIL"": 0.5, ""BTAL"": 6, ""DBMF"": 2.5, ""KMLM"": 6, ""QQQ"": 1, ""SPY"": 0.7, ""TQQQ"": 1.5}",0.03000000,tests/data/2026-08-24-net15,BIL50+BTAL50,0.01258054,0.29819305,0.01177674,0.29835514,44154.99186410,28000.00000000,16154.99186410,0.57696400,0.24796742,0.23964434,1.15568245,0.21222083,1.62236058,1.43423458,-0.17289182,398,2023,0.37229015,2026,-0.00892080,335258.77078473,79.22243259,2.17179206,0.00282937,0.28385891,0.09846281,0.28496766,0.09973857,,,0.42852871,0.00000000
VT TQQQ/BIL75+BTAL25 t20 w0-80 QQQ:VOL_EWMA80 gate QQQ<SMA200,sens,sens_2023-01-03,2023-01-03,2026-01-02,false,true,"{""*"": 6, ""BIL"": 0.5, ""BTAL"": 6, ""DBMF"": 2.5, ""KMLM"": 6, ""QQQ"": 1, ""SPY"": 0.7, ""TQQQ"": 1.5}",0.03000000,tests/data/2026-08-24-net15,BIL75+BTAL25,0.01282544,0.29826202,0.01203778,0.29835514,45959.40749849,28000.00000000,17959.40749849,0.64140741,0.27102757,0.26212943,1.19057722,0.22354371,1.67117756,1.41898933,-0.19100043,235,2023,0.41452019,2026,-0.00641646,344758.61393510,57.41917454,2.19031527,0.00205068,0.42588190,0.14799005,0.14227673,0.04961763,,,0.42875971,0.00000000
VT TQQQ/BIL t20 w0-80 QQQ:VOL_EWMA80 gate QQQ<SMA200,sens,sens_2023-01-03,2023-01-03,2026-01-02,false,true,"{""*"": 6, ""BIL"": 0.5, ""BTAL"": 6, ""DBMF"": 2.5, ""KMLM"": 6, ""QQQ"": 1, ""SPY"": 0.7, ""TQQQ"": 1.5}",0.03000000,tests/data/2026-08-24-net15,BIL,0.01250084,0.29833020,0.01202573,0.29835514,47768.58972448,28000.00000000,19768.58972448,0.70602106,0.29346801,0.28403927,1.20793746,0.23758969,1.69444109,1.38022746,-0.21262293,224,2023,0.45607425,2026,-0.00391647,353644.25092122,34.84710031,2.20553284,0.00124454,0.56848670,0.19847138,,,,,0.42881900,0.00000000
SPY benchmark,sens,sens_2023-01-03,2023-01-03,2026-01-02,true,true,"{""*"": 6, ""BIL"": 0.5, ""BTAL"": 6, ""DBMF"": 2.5, ""KMLM"": 6, ""QQQ"": 1, ""SPY"": 0.7, ""TQQQ"": 1.5}",0.03000000,tests/data/2026-08-24-net15,,0.01176190,0.02889993,0.01176360,0.02890110,42526.11823077,28000.00000000,14526.11823077,0.51878994,0.22695794,0.21876468,1.43016521,0.15173077,2.15193100,1.21847356,-0.18626415,127,2023,0.26134206,2026,0.00181889,27661.51839445,1.93630629,0.18511009,0.00006915,,,,,0.98823640,0.97109890,,
VT TQQQ/BTAL t20 w0-80 QQQ:VOL_EWMA80 gate QQQ<SMA200,sens,sens_2023-07-03,2023-07-03,2026-07-02,false,true,"{""*"": 6, ""BIL"": 0.5, ""BTAL"": 6, ""DBMF"": 2.5, ""KMLM"": 6, ""QQQ"": 1, ""SPY"": 0.7, ""TQQQ"": 1.5}",0.03000000,tests/data/2026-08-24-net15,BTAL,0.00355118,0.06984947,0.00331945,0.06985562,36719.65336183,28000.00000000,8719.65336183,0.31141619,0.16178693,0.13938719,0.83797702,0.20505112,1.14910944,0.92048669,-0.17576237,,2024,0.18543547,2026,-0.02321082,293970.13773437,111.31683984,2.05551424,0.00397560,,,0.55296824,0.19956777,,,0.44584148,0.19678728
VT TQQQ/BIL25+BTAL75 t20 w0-80 QQQ:VOL_EWMA80 gate QQQ<SMA200,sens,sens_2023-07-03,2023-07-03,2026-07-02,false,true,"{""*"": 6, ""BIL"": 0.5, ""BTAL"": 6, ""DBMF"": 2.5, ""KMLM"": 6, ""QQQ"": 1, ""SPY"": 0.7, ""TQQQ"": 1.5}",0.03000000,tests/data/2026-08-24-net15,BIL25+BTAL75,0.00513484,0.06665919,0.00429993,0.06666122,38773.93619330,28000.00000000,10773.93619330,0.38478344,0.18365014,0.16856538,0.90693421,0.21165582,1.24459101,1.06833489,-0.17190316,,2024,0.18348056,2026,0.01097414,298097.76732797,91.34945706,2.06263997,0.00326248,0.13633902,0.04936275,0.41451980,0.14993012,,,0.44612845,0.19858118
VT TQQQ/BIL50+BTAL50 t20 w0-80 QQQ:VOL_EWMA80 gate QQQ<SMA200,sens,sens_2023-07-03,2023-07-03,2026-07-02,false,true,"{""*"": 6, ""BIL"": 0.5, ""BTAL"": 6, ""DBMF"": 2.5, ""KMLM"": 6, ""QQQ"": 1, ""SPY"": 0.7, ""TQQQ"": 1.5}",0.03000000,tests/data/2026-08-24-net15,BIL50+BTAL50,0.00518695,0.06457065,0.00413955,0.06457176,40831.51909582,28000.00000000,12831.51909582,0.45826854,0.20462457,0.19667203,0.95440601,0.22199034,1.31247662,1.18263640,-0.17302408,398,2025,0.20840546,2026,0.04420784,302820.51645384,71.41250442,2.07402848,0.00255045,0.27472440,0.09717266,0.27611795,0.09948666,,,0.44606375,0.19930027
VT TQQQ/BIL75+BTAL25 t20 w0-80 QQQ:VOL_EWMA80 gate QQQ<SMA200,sens,sens_2023-07-03,2023-07-03,2026-07-02,false,true,"{""*"": 6, ""BIL"": 0.5, ""BTAL"": 6, ""DBMF"": 2.5, ""KMLM"": 6, ""QQQ"": 1, ""SPY"": 0.7, ""TQQQ"": 1.5}",0.03000000,tests/data/2026-08-24-net15,BIL75+BTAL25,0.00516414,0.06229365,0.00415398,0.06229554,42995.23630585,28000.00000000,14995.23630585,0.53554415,0.22563071,0.22513062,0.98644310,0.23555951,1.35977150,1.18202334,-0.19088515,235,2025,0.23811072,2026,0.07916376,306974.59451923,51.29192490,2.08168557,0.00183185,0.41284693,0.14963331,0.13778948,0.04956761,,,0.44621962,0.20018872
VT TQQQ/BIL t20 w0-80 QQQ:VOL_EWMA80 gate QQQ<SMA200,sens,sens_2023-07-03,2023-07-03,2026-07-02,false,true,"{""*"": 6, ""BIL"": 0.5, ""BTAL"": 6, ""DBMF"": 2.5, ""KMLM"": 6, ""QQQ"": 1, ""SPY"": 0.7, ""TQQQ"": 1.5}",0.03000000,tests/data/2026-08-24-net15,BIL,0.00513617,0.05999577,0.00436629,0.05999633,45200.15261998,28000.00000000,17200.15261998,0.61429116,0.24624397,0.25307525,1.00553682,0.25168274,1.38972771,1.16114693,-0.21206960,224,2025,0.26777613,2026,0.11378472,310819.76157174,30.86448262,2.08659977,0.00110230,0.55062985,0.19768083,,,,,0.44617829,0.20109771
SPY benchmark,sens,sens_2023-07-03,2023-07-03,2026-07-02,true,true,"{""*"": 6, ""BIL"": 0.5, ""BTAL"": 6, ""DBMF"": 2.5, ""KMLM"": 6, ""QQQ"": 1, ""SPY"": 0.7, ""TQQQ"": 1.5}",0.03000000,tests/data/2026-08-24-net15,,0.01063742,0.02846433,0.01063916,0.02846564,41169.75878385,28000.00000000,13169.75878385,0.47034853,0.19966495,0.20119238,1.28122714,0.15171406,1.90666118,1.06483419,-0.18750802,127,2024,0.24407643,2023,0.07959715,27813.47453946,1.94694322,0.19436833,0.00006953,,,,,0.98936084,0.97153436,,
