time,open,high,low,close,Volume
2019-12-13,20.12,20.15,20.11,20.1243,357012.0
2019-12-16,20.329,20.33,20.2779,20.2897,8007.0
2019-12-17,20.28,20.28,20.1634,20.1894,24885.0
2019-12-18,20.18,20.18,20.09,20.0999,926037.0
2019-12-19,20.1,20.2,20.08,20.1476,104162.0
2019-12-20,20.163,20.2,20.163,20.18,141189.0
2019-12-23,20.18,20.18,20.1129,20.16,21866.0
2019-12-24,20.12,20.25,20.12,20.2088,22013.0
2019-12-26,20.1691,20.198,20.1691,20.198,2506.0
2019-12-27,20.28,20.28,20.2,20.2,8018.0
2019-12-30,20.17,20.1799,20.108,20.175,22642.0
2019-12-31,20.11,20.12,20.0997,20.0997,3220.0
2020-01-02,20.27,20.3936,20.27,20.3922,17024.0
2020-01-03,20.39,20.5,20.39,20.48,48849.0
2020-01-06,20.55,20.55,20.455,20.4574,25269.0
2020-01-07,20.38,20.385,20.355,20.355,10994.0
2020-01-08,20.3502,20.39,20.29,20.34,12530.0
2020-01-09,20.2436,20.36,20.2436,20.35,3512.0
2020-01-10,20.475,20.495,20.475,20.486,46834.0
2020-01-13,20.418,20.5038,20.418,20.5038,3586.0
2020-01-14,20.43,20.54,20.43,20.54,69461.0
2020-01-15,20.59,20.6,20.58,20.5894,71455.0
2020-01-16,20.56,20.56,20.55,20.55,150957.0
2020-01-17,20.59,20.71,20.52,20.5496,8104.0
2020-01-21,20.52,20.56,20.34,20.545,42275.0
2020-01-22,20.63,20.65,20.585,20.585,839531.0
2020-01-23,20.58,20.62,20.57,20.615,54136.0
2020-01-24,20.72,20.72,20.64,20.6483,3375200.0
2020-01-27,20.48,20.59,20.48,20.58,63012.0
2020-01-28,20.55,20.58,20.5409,20.5409,79637.0
2020-01-29,20.66,20.705,20.62,20.6701,76824.0
2020-01-30,20.67,20.67,20.58,20.6302,181350.0
2020-01-31,20.61,20.6135,20.55,20.6135,50114.0
2020-02-03,20.6,20.64,20.51,20.5648,95980.0
2020-02-04,20.59,20.62,20.58,20.6031,172688.0
2020-02-05,20.59,20.6285,20.58,20.609,51409.0
2020-02-06,20.6,20.676,20.6,20.66,235257.0
2020-02-07,20.67,20.7,20.6694,20.69,77336.0
2020-02-10,20.71,20.77,20.71,20.7542,173785.0
2020-02-11,20.8,20.81,20.77,20.7705,128554.0
2020-02-12,20.77,20.805,20.769,20.7905,693558.0
2020-02-13,20.72,20.77,20.72,20.7603,149149.0
2020-02-14,20.8252,20.86,20.795,20.8076,63796.0
2020-02-18,20.87,20.9302,20.86,20.915,17412.0
2020-02-19,20.9355,20.96,20.9355,20.9575,10199.0
2020-02-20,20.95,21.02,20.95,20.999,155120.0
2020-02-21,20.99,21.13,20.99,21.0645,178495.0
2020-02-24,20.9,21.03,20.88,20.92,62234.0
2020-02-25,20.98,20.98,20.7244,20.7244,475982.0
2020-02-26,20.693,20.76,20.68,20.68,19301.0
2020-02-27,20.76,20.76,20.5008,20.5008,69451.0
2020-02-28,20.3609,21.31,20.3,20.4963,132513.0
2020-03-02,20.54,20.832,20.506,20.7,632144.0
2020-03-03,20.82,21.06,20.79,20.98,1546824.0
2020-03-04,21.1,21.1912,21.025,21.04,90390.0
2020-03-05,21.0,21.179,21.0,21.16,146013.0
2020-03-06,21.09,21.41,21.09,21.2402,84693.0
2020-03-09,21.4,21.4,20.04,20.72,249846.0
2020-03-10,20.97,20.97,20.51,20.52,289999.0
2020-03-11,20.26,20.37,19.88,19.89,9640.0
2020-03-12,19.34,19.34,18.402,18.71,277116.0
2020-03-13,19.21,19.21,18.5,18.92,159621.0
2020-03-16,17.97,18.71,17.6352,18.44,70634.0
2020-03-17,18.54,18.54,18.0,18.0922,46711.0
2020-03-18,17.58,17.745,16.95,17.22,46954.0
2020-03-19,17.19,17.4,16.8296,17.03,34949.0
2020-03-20,17.88,17.9,17.55,17.59,34022.0
2020-03-23,17.63,18.208,17.63,18.08,132683.0
2020-03-24,18.57,19.015,18.57,18.93,752213.0
2020-03-25,19.03,19.45,19.0,19.18,115266.0
2020-03-26,19.4209,19.799,19.4209,19.6114,140181.0
2020-03-27,19.35,19.42,19.21,19.37,164546.0
2020-03-30,19.26,19.4398,19.24,19.3,270505.0
2020-03-31,19.44,19.48,19.15,19.2389,619563.0
2020-04-01,19.0549,19.21,18.955,19.0242,340020.0
2020-04-02,19.15,19.4,19.14,19.3694,42348.0
2020-04-03,19.36,19.42,19.27,19.31,113057.0
2020-04-06,19.825,19.84,19.635,19.84,100320.0
2020-04-07,20.13,20.13,19.74,19.76,226678.0
2020-04-08,19.84,19.9884,19.65,19.89,741415.0
2020-04-09,19.94,20.27,19.94,20.0951,280623.0
2020-04-13,20.1,20.24,19.9901,20.1742,143495.0
2020-04-14,20.36,20.46,20.24,20.27,572490.0
2020-04-15,20.13,20.24,20.1198,20.18,245569.0
2020-04-16,20.26,20.26,20.041,20.12,233650.0
2020-04-17,20.56,20.56,20.05,20.09,75455.0
2020-04-20,19.94,20.1362,19.94,20.05,1977921.0
2020-04-21,19.94,20.03,19.88,19.98,132850.0
2020-04-22,20.09,20.199,20.09,20.17,164783.0
2020-04-23,20.28,20.395,20.2101,20.27,46793.0
2020-04-24,20.27,20.359,20.19,20.35,160614.0
2020-04-27,20.46,20.46,20.3071,20.348,35626.0
2020-04-28,20.56,20.56,20.45,20.475,17307.0
2020-04-29,20.58,20.68,20.58,20.68,182079.0
2020-04-30,20.57,20.595,20.3163,20.32,66127.0
2020-05-01,20.12,20.19,20.0956,20.17,194432.0
2020-05-04,20.13,20.22,20.0391,20.21,275969.0
2020-05-05,20.2102,20.28,20.19,20.245,61859.0
2020-05-06,20.24,20.26,19.975,20.01,54970.0
2020-05-07,20.14,20.3065,20.12,20.3,280380.0
2020-05-08,20.33,20.405,20.33,20.37,131062.0
2020-05-11,20.35,20.35,20.21,20.22,103837.0
2020-05-12,20.285,20.32,20.155,20.18,27255.0
2020-05-13,20.225,20.225,20.1,20.15,64465.0
2020-05-14,20.06,20.29,20.0,20.2842,365625.0
2020-05-15,20.32,20.35,20.25,20.31,200802.0
2020-05-18,20.65,20.65,20.49,20.515,70390.0
2020-05-19,20.46,20.54,20.45,20.48,58805.0
2020-05-20,20.575,20.7,20.575,20.68,131264.0
2020-05-21,20.68,20.68,20.535,20.59,46740.0
2020-05-22,20.51,20.55,20.47,20.55,46244.0
2020-05-26,20.65,20.65,20.52,20.5261,92547.0
2020-05-27,20.52,20.6162,20.48,20.6162,38116.0
2020-05-28,20.71,20.74,20.63,20.64,163339.0
2020-05-29,20.65,20.749,20.611,20.745,27268.0
2020-06-01,20.75,20.889,20.7399,20.86,278259.0
2020-06-02,20.96,21.0,20.89,20.9499,55520.0
2020-06-03,20.94,20.96,20.89,20.92,97209.0
2020-06-04,20.84,20.9,20.7538,20.78,48594.0
2020-06-05,21.02,21.06,20.75,20.92,58743.0
2020-06-08,20.94,21.11,20.92,21.11,131967.0
2020-06-09,21.13,21.165,21.09,21.115,159188.0
2020-06-10,21.24,21.32,21.15,21.26,19856.0
2020-06-11,21.16,21.19,20.82,20.82,140861.0
2020-06-12,21.069,21.105,20.83,20.93,69766.0
2020-06-15,20.74,20.96,20.74,20.9172,13104.0
2020-06-16,21.13,21.13,20.93,20.96,100864.0
2020-06-17,20.96,20.9638,20.92,20.94,17482.0
2020-06-18,20.96,21.011,20.95,20.9952,15227.0
2020-06-19,21.045,21.1,21.02,21.0305,649854.0
2020-06-22,21.05,21.16,21.05,21.1371,18410.0
2020-06-23,21.28,21.28,21.216,21.216,36152.0
2020-06-24,21.12,21.16,21.0,21.017,29746.0
2020-06-25,20.999,21.125,20.999,21.12,99348.0
2020-06-26,21.16,21.18,21.05,21.105,71647.0
2020-06-29,21.18,21.235,21.05,21.1316,79094.0
2020-06-30,21.18,21.219,21.1,21.18,76738.0
2020-07-01,21.17,21.17,21.08,21.17,193931.0
2020-07-02,21.245,21.339,21.245,21.31,58556.0
2020-07-06,21.49,21.51,21.4,21.51,84298.0
2020-07-07,21.47,21.57,21.47,21.5306,46067.0
2020-07-08,21.61,21.61,21.5,21.555,116275.0
2020-07-09,21.64,21.67,21.51,21.67,26917.0
2020-07-10,21.62,21.7,21.59,21.648,44530.0
2020-07-13,21.7,21.799,21.6238,21.66,189879.0
2020-07-14,21.62,21.822,21.62,21.79,112722.0
2020-07-15,22.0,22.0,21.8,21.8905,240058.0
2020-07-16,21.89,21.89,21.8,21.8175,107446.0
2020-07-17,21.9,21.91,21.85,21.8949,121206.0
2020-07-20,21.92,22.07,21.92,22.01,331743.0
2020-07-21,22.11,22.2199,22.05,22.15,391344.0
2020-07-22,22.2,22.29,22.18,22.23,461423.0
2020-07-23,22.28,22.4,22.22,22.3,495829.0
2020-07-24,22.22,22.31,22.15,22.31,455461.0
2020-07-27,22.38,22.6002,22.36,22.45,325620.0
2020-07-28,22.47,22.58,22.385,22.5,373009.0
2020-07-29,22.49,22.62,22.4859,22.62,408753.0
2020-07-30,22.57,22.59,22.41,22.59,844713.0
2020-07-31,22.5,22.6,22.39,22.52,657745.0
2020-08-03,22.55,22.59,22.47,22.59,500932.0
2020-08-04,22.61,22.84,22.6,22.84,327063.0
2020-08-05,22.95,23.02,22.91,23.0,632356.0
2020-08-06,23.1,23.14,23.0,23.08,298444.0
2020-08-07,23.05,23.05,22.75,22.83,311235.0
2020-08-10,22.92,22.95,22.87,22.9,492529.0
2020-08-11,22.86,22.86,22.5,22.5,322243.0
2020-08-12,22.56,22.64,22.53,22.56,390168.0
2020-08-13,22.55,22.68,22.49,22.55,196459.0
2020-08-14,22.54,22.55,22.4,22.45,376703.0
2020-08-17,22.47,22.68,22.47,22.67,492615.0
2020-08-18,22.76,22.84,22.7027,22.78,192394.0
2020-08-19,22.8,22.84,22.52,22.53,346909.0
2020-08-20,22.5,22.585,22.3501,22.57,102615.0
2020-08-21,22.54,22.5898,22.46,22.58,122409.0
2020-08-24,22.73,22.73,22.6,22.61,208079.0
2020-08-25,22.69,22.69,22.5384,22.65,65777.0
2020-08-26,22.61,22.75,22.61,22.725,287777.0
2020-08-27,22.81,22.81,22.45,22.48,249249.0
2020-08-28,22.55,22.67,22.55,22.62,121529.0
2020-08-31,22.63,22.7599,22.62,22.65,174559.0
2020-09-01,22.73,22.8799,22.645,22.86,291453.0
2020-09-02,22.88,22.9499,22.81,22.91,144150.0
2020-09-03,22.87,22.89,22.6501,22.7,207300.0
2020-09-04,22.65,22.73,22.475,22.6,219585.0
2020-09-08,22.5,22.56,22.3,22.38,156408.0
2020-09-09,22.54,22.6,22.4,22.55,168473.0
2020-09-10,22.45,22.57,22.42,22.42,89980.0
2020-09-11,22.5,22.56,22.42,22.44,38042.0
2020-09-14,22.55,22.64,22.53,22.6034,76909.0
2020-09-15,22.7,22.78,22.686,22.71,133904.0
2020-09-16,22.83,22.83,22.655,22.67,131501.0
2020-09-17,22.57,22.66,22.52,22.63,83349.0
2020-09-18,22.8,22.8,22.5,22.5,181055.0
2020-09-21,22.4,22.41,22.144,22.25,256274.0
2020-09-22,22.22,22.33,22.15,22.23,410204.0
2020-09-23,22.15,22.23,21.95,21.99,117382.0
2020-09-24,21.88,22.08,21.87,22.0105,152444.0
2020-09-25,21.98,22.06,21.94,22.05,116174.0
2020-09-28,22.24,22.25,22.1624,22.24,293553.0
2020-09-29,22.25,22.28,22.2,22.24,148406.0
2020-09-30,22.25,22.29,22.15,22.204,153656.0
2020-10-01,22.27,22.28,22.12,22.27,209016.0
2020-10-02,22.07,22.2199,22.07,22.2064,178998.0
2020-10-05,22.18,22.25,22.16,22.17,116772.0
2020-10-06,22.16,22.26,22.11,22.11,194676.0
2020-10-07,22.1507,22.176,22.12,22.14,161316.0
2020-10-08,22.28,22.33,22.235,22.31,132500.0
2020-10-09,22.4,22.45,22.35,22.45,117882.0
2020-10-12,22.51,22.55,22.46,22.53,86453.0
2020-10-13,22.46,22.5,22.46,22.5,65720.0
2020-10-14,22.5,22.6,22.43,22.5,82781.0
2020-10-15,22.38,22.47,22.2501,22.43,58710.0
2020-10-16,22.52,22.52,22.39,22.39,90187.0
2020-10-19,22.41,22.43,22.3,22.31,136931.0
2020-10-20,22.41,22.41,22.28,22.29,77391.0
2020-10-21,22.25,22.33,22.25,22.25,48264.0
2020-10-22,22.23,22.29,22.07,22.12,230585.0
2020-10-23,22.22,22.25,22.18,22.23,163995.0
2020-10-26,22.18,22.28,22.12,22.18,83996.0
2020-10-27,22.14,22.22,22.14,22.16,91271.0
2020-10-28,22.0,22.01,21.81,21.81,200026.0
2020-10-29,21.81,21.9097,21.75,21.83,440136.0
2020-10-30,21.69,21.84,21.67,21.69,878369.0
2020-11-02,21.84,21.97,21.78,21.94,272578.0
2020-11-03,22.05,22.11,22.0,22.05,73267.0
2020-11-04,22.18,22.42,22.18,22.33,189137.0
2020-11-05,22.4,22.72,22.4,22.69,93987.0
2020-11-06,22.67,22.67,22.54,22.57,143728.0
2020-11-09,22.9,22.9,22.35,22.38,219457.0
2020-11-10,22.42,22.525,22.38,22.47,95175.0
2020-11-11,22.47,22.5,22.425,22.46,89911.0
2020-11-12,22.48,22.63,22.46,22.58,82152.0
2020-11-13,22.64,22.729,22.64,22.72,103684.0
2020-11-16,22.8,22.93,22.8,22.93,419629.0
2020-11-17,22.85,22.99,22.85,22.95,337580.0
2020-11-18,22.99,23.05,22.889,22.889,61706.0
2020-11-19,22.82,22.95,22.8185,22.93,241492.0
2020-11-20,22.96,23.1299,22.96,23.08,224102.0
2020-11-23,23.11,23.16,23.04,23.1,177580.0
2020-11-24,23.2,23.2,23.0803,23.16,92233.0
2020-11-25,23.17,23.2,23.13,23.14,309559.0
2020-11-27,23.12,23.265,23.12,23.265,29383.0
2020-11-30,23.27,23.31,22.99,23.01,92124.0
2020-12-01,23.05,23.21,23.02,23.17,73072.0
2020-12-02,23.11,23.17,23.01,23.17,187989.0
2020-12-03,23.17,23.32,23.17,23.2909,170835.0
2020-12-04,23.32,23.33,23.25,23.32,313620.0
2020-12-07,23.33,23.47,23.32,23.4,266330.0
2020-12-08,23.43,23.56,23.42,23.54,156394.0
2020-12-09,23.55,23.55,23.34,23.39,163921.0
2020-12-10,23.34,23.53,23.34,23.51,137811.0
2020-12-11,23.5,23.58,23.48,23.51,246863.0
2020-12-14,23.56,23.56,23.4204,23.44,161272.0
2020-12-15,23.51,23.6,23.44,23.6,133703.0
2020-12-16,23.63,23.63,23.4,23.55,110483.0
2020-12-17,23.57,23.77,23.57,23.64,187713.0
2020-12-18,23.64,23.7,23.6,23.63,190524.0
2020-12-21,23.37,23.5599,23.365,23.55,255254.0
2020-12-22,23.6,23.64,23.47,23.47,348319.0
2020-12-23,23.53,23.58,23.48,23.55,174280.0
2020-12-24,23.51,23.61,23.51,23.6,184215.0
2020-12-28,23.76,23.82,23.624,23.66,202640.0
2020-12-29,23.65,23.69,23.61,23.63,183442.0
2020-12-30,23.76,23.78,23.66,23.77,1298535.0
2020-12-31,23.86,23.86,23.7354,23.8,143443.0
2021-01-04,24.03,24.0999,23.92,23.99,315989.0
2021-01-05,23.99,24.1,23.945,24.09,381883.0
2021-01-06,24.09,24.09,23.8303,24.0,337553.0
2021-01-07,24.05,24.05,23.92,24.02,347420.0
2021-01-08,24.05,24.05,23.75,23.9,352062.0
2021-01-11,23.93,23.94,23.63,23.75,259733.0
2021-01-12,23.77,23.94,23.71,23.94,1270620.0
2021-01-13,23.82,24.0442,23.82,23.97,296227.0
2021-01-14,24.06,24.11,24.0,24.03,488903.0
2021-01-15,24.0,24.0,23.78,23.81,438884.0
2021-01-19,23.91,23.96,23.84,23.96,255549.0
2021-01-20,24.1,24.19,24.03,24.16,379681.0
2021-01-21,24.16,24.16,24.03,24.11,138221.0
2021-01-22,24.02,24.06,23.9,24.03,255096.0
2021-01-25,24.17,24.17,24.0,24.15,645779.0
2021-01-26,24.15,24.15,23.97,24.02,291649.0
2021-01-27,23.8,23.93,23.68,23.74,832766.0
2021-01-28,23.73,23.83,23.73,23.79,265030.0
2021-01-29,23.72,23.72,23.4407,23.51,532059.0
2021-02-01,23.62,23.7,23.56,23.68,152160.0
2021-02-02,23.71,23.73,23.612,23.73,422618.0
2021-02-03,23.71,23.73,23.68,23.7,307195.0
2021-02-04,23.75,23.75,23.53,23.65,211571.0
2021-02-05,23.69,23.73,23.65,23.69,174686.0
2021-02-08,23.69,23.9599,23.69,23.95,285358.0
2021-02-09,23.94,24.01,23.92,23.98,116982.0
2021-02-10,24.0,24.09,23.94,24.03,500123.0
2021-02-11,24.03,24.0799,23.9,23.97,278570.0
2021-02-12,23.93,23.96,23.8,23.92,281060.0
2021-02-16,24.02,24.05,23.83,23.86,357907.0
2021-02-17,23.88,23.915,23.76,23.87,205138.0
2021-02-18,23.62,23.74,23.5143,23.59,336261.0
2021-02-19,23.7,23.73,23.5543,23.61,264940.0
2021-02-22,23.57,23.66,23.51,23.54,207140.0
2021-02-23,23.5,23.53,23.32,23.51,188759.0
2021-02-24,23.4,23.555,23.25,23.55,153384.0
2021-02-25,23.52,23.52,22.92,23.06,485777.0
2021-02-26,23.07,23.145,22.761,23.08,288068.0
2021-03-01,23.22,23.22,23.04,23.11,357965.0
2021-03-02,23.16,23.2,23.05,23.19,207515.0
2021-03-03,23.1,23.15,22.915,23.0,249517.0
2021-03-04,22.9,23.01,22.54,22.69,309364.0
2021-03-05,22.74,22.87,22.58,22.86,287551.0
2021-03-08,22.78,22.85,22.62,22.66,84082.0
2021-03-09,22.86,23.04,22.86,23.005,178545.0
2021-03-10,23.06,23.125,22.98,23.11,115149.0
2021-03-11,23.19,23.25,23.1101,23.23,126154.0
2021-03-12,22.98,22.98,22.825,22.925,89192.0
2021-03-15,22.97,23.06,22.8901,23.05,290258.0
2021-03-16,23.05,23.08,22.92,23.0,99824.0
2021-03-17,22.87,22.999,22.73,22.98,115729.0
2021-03-18,22.92,22.92,22.6,22.62,184856.0
2021-03-19,22.53,22.7308,22.53,22.72,299566.0
2021-03-22,22.76,22.91,22.72,22.86,564514.0
2021-03-23,22.86,22.88,22.74,22.8,67025.0
2021-03-24,22.76,22.8,22.71,22.75,103667.0
2021-03-25,22.75,22.78,22.632,22.76,117832.0
2021-03-26,22.77,22.92,22.76,22.92,238473.0
2021-03-29,22.9,22.9,22.67,22.72,75054.0
2021-03-30,22.65,22.68,22.55,22.67,90019.0
2021-03-31,22.68,22.787,22.68,22.72,101882.0
2021-04-01,22.75,22.95,22.75,22.93,162245.0
2021-04-05,22.93,23.0,22.9,23.0,86258.0
2021-04-06,22.98,23.1,22.98,23.0,93072.0
2021-04-07,23.0,23.09,22.96,22.98,57770.0
2021-04-08,23.05,23.15,23.05,23.14,503454.0
2021-04-09,23.13,23.13,22.97,23.01,175794.0
2021-04-12,23.02,23.13,22.9,22.96,69108.0
2021-04-13,22.9,23.11,22.9,23.09,50890.0
2021-04-14,23.08,23.2,23.08,23.12,103165.0
2021-04-15,23.23,23.52,23.23,23.47,43356.0
2021-04-16,23.47,23.57,23.46,23.5,63662.0
2021-04-19,23.46,23.53,23.3905,23.42,119289.0
2021-04-20,23.36,23.36,23.27,23.32,78497.0
2021-04-21,23.32,23.5,23.3,23.48,98976.0
2021-04-22,23.49,23.52,23.4,23.44,200494.0
2021-04-23,23.44,23.56,23.44,23.52,70941.0
2021-04-26,23.61,23.64,23.4,23.6,340166.0
2021-04-27,23.51,23.6299,23.48,23.492,92596.0
2021-04-28,23.48,23.63,23.48,23.63,58850.0
2021-04-29,23.54,23.565,23.42,23.51,119584.0
2021-04-30,23.37,23.45,23.31,23.37,109865.0
2021-05-03,23.42,23.605,23.42,23.5,45632.0
2021-05-04,23.5,23.585,23.445,23.5075,58709.0
2021-05-05,23.56,23.659,23.54,23.645,51283.0
2021-05-06,23.72,23.82,23.685,23.8127,133563.0
2021-05-07,23.94,24.06,23.895,24.0,130874.0
2021-05-10,24.07,24.08,23.87,23.89,111258.0
2021-05-11,23.76,23.77,23.61,23.75,136911.0
2021-05-12,23.64,23.67,23.28,23.38,148884.0
2021-05-13,23.41,23.5,23.34,23.45,52245.0
2021-05-14,23.58,23.71,23.5673,23.7,87090.0
2021-05-17,23.7,23.8,23.6682,23.8,53140.0
2021-05-18,23.8,23.85,23.76,23.7605,402057.0
2021-05-19,23.59,23.75,23.465,23.5791,131742.0
2021-05-20,23.61,23.72,23.61,23.6852,74310.0
2021-05-21,23.77,23.79,23.66,23.6745,771612.0
2021-05-24,23.78,23.84,23.73,23.81,125127.0
2021-05-25,23.9,23.97,23.9,23.95,126961.0
2021-05-26,23.96,24.0,23.905,23.93,238703.0
2021-05-27,23.86,23.99,23.86,23.99,58171.0
2021-05-28,24.0,24.1,24.0,24.065,75952.0
2021-06-01,24.23,24.25,24.07,24.25,95500.0
2021-06-02,24.25,24.3,24.15,24.27,139307.0
2021-06-03,24.26,24.26,24.015,24.07,63635.0
2021-06-04,24.09,24.37,24.09,24.31,54059.0
2021-06-07,24.33,24.33,24.25,24.27,113593.0
2021-06-08,24.3,24.42,24.2763,24.38,78188.0
2021-06-09,24.5,24.53,24.41,24.44,112184.0
2021-06-10,24.46,24.6,24.41,24.6,95346.0
2021-06-11,24.58,24.6,24.48,24.52,170438.0
2021-06-14,24.58,24.58,24.4,24.48,111093.0
2021-06-15,24.46,24.46,24.37,24.38,204482.0
2021-06-16,24.48,24.5126,24.13,24.16,244152.0
2021-06-17,24.22,24.31,24.135,24.22,102198.0
2021-06-18,24.13,24.3,24.13,24.26,56153.0
2021-06-21,24.13,24.21,24.08,24.17,225647.0
2021-06-22,24.15,24.305,24.06,24.29,228566.0
2021-06-23,24.27,24.32,24.205,24.25,104754.0
2021-06-24,24.33,24.369,24.3,24.3,70792.0
2021-06-25,24.33,24.39,24.23,24.2879,99831.0
2021-06-28,24.36,24.38,24.32,24.38,131073.0
2021-06-29,24.36,24.38,24.3,24.35,137146.0
2021-06-30,24.35,24.47,24.35,24.42,70430.0
2021-07-01,24.48,24.5,24.385,24.46,147139.0
2021-07-02,24.5,24.56,24.46,24.54,67569.0
2021-07-06,24.6,24.728,24.545,24.64,98662.0
2021-07-07,24.72,24.84,24.69,24.7,78786.0
2021-07-08,24.6,24.6,24.55,24.59,64193.0
2021-07-09,24.59,24.64,24.54,24.61,143992.0
2021-07-12,24.66,24.76,24.63,24.75,716222.0
2021-07-13,24.74,24.77,24.52,24.56,275623.0
2021-07-14,24.65,24.73,24.65,24.71,62238.0
2021-07-15,24.67,24.83,24.64,24.8,479305.0
2021-07-16,24.78,24.78,24.6201,24.63,185061.0
2021-07-19,24.6,24.72,24.6,24.66,121239.0
2021-07-20,24.64,24.71,24.6,24.64,585845.0
2021-07-21,24.64,24.64,24.52,24.6,75829.0
2021-07-22,24.64,24.78,24.61,24.77,114797.0
2021-07-23,24.75,24.77,24.65,24.76,54778.0
2021-07-26,24.77,24.92,24.77,24.92,125635.0
2021-07-27,24.89,24.9,24.7805,24.89,138987.0
2021-07-28,24.87,25.03,24.82,25.03,110846.0
2021-07-29,25.09,25.14,25.04,25.08,95000.0
2021-07-30,25.15,25.15,24.97,25.0,155038.0
2021-08-02,25.1,25.23,25.07,25.11,99543.0
2021-08-03,25.19,25.21,25.075,25.18,145600.0
2021-08-04,25.2,25.2685,25.05,25.12,144713.0
2021-08-05,25.06,25.08,24.99,25.01,199091.0
2021-08-06,24.88,24.93,24.79,24.84,370414.0
2021-08-09,24.85,24.85,24.72,24.75,174741.0
2021-08-10,24.77,24.82,24.74,24.77,98205.0
2021-08-11,24.81,24.84,24.72,24.84,283439.0
2021-08-12,24.79,24.79,24.695,24.78,182553.0
2021-08-13,24.8,24.95,24.78,24.95,100770.0
2021-08-16,24.98,24.99,24.95,24.98,162138.0
2021-08-17,24.84,24.91,24.73,24.78,79584.0
2021-08-18,24.78,24.8,24.7,24.74,45121.0
2021-08-19,24.62,24.65,24.5701,24.65,58202.0
2021-08-20,24.63,24.6643,24.6,24.65,61629.0
2021-08-23,24.73,24.86,24.7257,24.84,740325.0
2021-08-24,24.93,24.96,24.85,24.9,90163.0
2021-08-25,24.89,24.9,24.8,24.84,57590.0
2021-08-26,24.79,24.84,24.73,24.75,52194.0
2021-08-27,24.84,25.11,24.82,25.11,77650.0
2021-08-30,25.16,25.2,25.129,25.13,73740.0
2021-08-31,25.13,25.16,25.01,25.06,84827.0
2021-09-01,25.09,25.13,25.06,25.11,153205.0
2021-09-02,25.17,25.189,25.11,25.18,69159.0
2021-09-03,25.15,25.15,25.02,25.13,60817.0
2021-09-07,25.01,25.1,24.93,24.98,81146.0
2021-09-08,24.975,24.99,24.9,24.96,48050.0
2021-09-09,25.0,25.15,24.969,25.15,55435.0
2021-09-10,25.15,25.185,25.01,25.04,64059.0
2021-09-13,25.12,25.16,25.0738,25.08,109823.0
2021-09-14,25.19,25.2,25.125,25.16,37176.0
2021-09-15,25.22,25.25,25.16,25.21,98601.0
2021-09-16,25.25,25.25,25.0,25.08,118225.0
2021-09-17,24.97,24.97,24.81,24.86,151994.0
2021-09-20,24.68,24.72,24.5711,24.7,638240.0
2021-09-21,24.76,24.8,24.725,24.73,51358.0
2021-09-22,24.8,24.91,24.76,24.84,136655.0
2021-09-23,24.81,24.87,24.7857,24.83,357475.0
2021-09-24,24.7,24.7,24.515,24.57,280172.0
2021-09-27,24.57,24.605,24.475,24.59,82051.0
2021-09-28,24.52,24.52,24.25,24.26,298254.0
2021-09-29,24.32,24.359,24.12,24.19,170836.0
2021-09-30,24.22,24.22,24.13,24.17,104679.0
2021-10-01,24.23,24.4,24.19,24.38,244118.0
2021-10-04,24.35,24.39,24.31,24.35,135877.0
2021-10-05,24.37,24.44,24.35,24.39,199532.0
2021-10-06,24.32,24.46,24.27,24.4,122040.0
2021-10-07,24.45,24.45,24.3848,24.41,123345.0
2021-10-08,24.41,24.42,24.3637,24.41,69091.0
2021-10-11,24.43,24.475,24.34,24.35,77024.0
2021-10-12,24.45,24.54,24.45,24.54,75122.0
2021-10-13,24.6216,24.75,24.6,24.75,65534.0
2021-10-14,24.76,24.99,24.76,24.985,86490.0
2021-10-15,24.96,24.99,24.91,24.94,122539.0
2021-10-18,24.94,25.02,24.8538,24.98,527075.0
2021-10-19,25.01,25.01,24.91,24.91,125716.0
2021-10-20,24.93,24.98,24.855,24.93,66966.0
2021-10-21,24.92,24.93,24.83,24.8985,79030.0
2021-10-22,24.93,25.059,24.87,24.98,82617.0
2021-10-25,25.01,25.11,24.98,25.07,418857.0
2021-10-26,25.11,25.21,25.08,25.21,81825.0
2021-10-27,25.24,25.38,25.23,25.32,131644.0
2021-10-28,25.29,25.3,25.12,25.16,189933.0
2021-10-29,25.04,25.12,24.75,25.06,94654.0
2021-11-01,25.08,25.11,25.02,25.06,104100.0
2021-11-02,24.99,25.05,24.92,25.05,88086.0
2021-11-03,24.99,25.04,24.9449,25.0,44988.0
2021-11-04,25.02,25.2,25.02,25.2,130579.0
2021-11-05,25.28,25.42,25.28,25.41,149078.0
2021-11-08,25.43,25.62,25.43,25.62,275158.0
2021-11-09,25.69,25.83,25.67,25.83,66836.0
2021-11-10,25.91,25.91,25.47,25.58,243332.0
2021-11-11,25.65,25.7,25.62,25.64,127812.0
2021-11-12,25.71,25.71,25.62,25.66,164241.0
2021-11-15,25.65,25.66,25.45,25.47,65484.0
2021-11-16,25.49,25.5,25.31,25.35,429970.0
2021-11-17,25.32,25.41,25.27,25.37,70697.0
2021-11-18,25.32,25.7,25.32,25.4,163825.0
2021-11-19,25.4,25.51,25.4,25.44,76649.0
2021-11-22,25.41,25.44,25.12,25.17,100110.0
2021-11-23,25.09,25.1682,24.92,24.94,74860.0
2021-11-24,25.17,25.17,24.95,25.13,64692.0
2021-11-26,25.1,25.109,24.9994,25.1,53331.0
2021-11-29,25.21,25.25,25.04,25.08,124690.0
2021-11-30,25.02,25.27,25.0,25.09,240978.0
2021-12-01,25.29,25.29,25.09,25.1,118485.0
2021-12-02,25.15,25.3,25.12,25.29,197308.0
2021-12-03,25.29,25.32,25.16,25.29,82622.0
2021-12-06,25.53,25.53,25.25,25.31,231519.0
2021-12-07,25.404,25.5,25.3999,25.43,952057.0
2021-12-08,25.41,25.43,25.2452,25.29,63233.0
2021-12-09,25.29,25.3,25.14,25.17,330254.0
2021-12-10,25.18,25.25,25.11,25.15,89174.0
2021-12-13,25.2,25.24,25.11,25.13,158946.0
2021-12-14,24.94,25.01,24.88,24.97,261721.0
2021-12-15,24.93,25.02,24.836,25.02,127943.0
2021-12-16,25.1,25.2,25.02,25.07,33618.0
2021-12-17,25.07,25.15,25.04,25.06,100286.0
2021-12-20,24.87,24.88,24.77,24.8,210847.0
2021-12-21,24.91,25.05,24.8521,25.05,138572.0
2021-12-22,25.12,25.31,25.12,25.31,54445.0
2021-12-23,25.33,25.35,25.17,25.25,183086.0
2021-12-27,25.26,25.4,25.24,25.36,130689.0
2021-12-28,25.18,25.2,25.02,25.04,212425.0
2021-12-29,25.0,25.0,24.84,24.94,884304.0
2021-12-30,25.0,25.15,24.98,25.15,942061.0
2021-12-31,25.13,25.136,25.045,25.08,425859.0
2022-01-03,25.08,25.13,24.9,24.96,392673.0
2022-01-04,24.86,24.86,24.63,24.7,461355.0
2022-01-05,24.75,24.77,24.37,24.41,136244.0
2022-01-06,24.31,24.3581,24.17,24.35,125609.0
2022-01-07,24.33,24.35,24.18,24.35,125615.0
2022-01-10,24.28,24.345,24.1,24.32,141520.0
2022-01-11,24.39,24.69,24.35,24.64,213261.0
2022-01-12,24.76,24.82,24.69,24.7,34343.0
2022-01-13,24.81,24.81,24.67,24.69,56664.0
2022-01-14,24.52,24.53,24.395,24.45,410141.0
2022-01-18,24.18,24.37,24.15,24.21,1606333.0
2022-01-19,24.29,24.33,24.21,24.21,504439.0
2022-01-20,24.33,24.4,24.18,24.18,186320.0
2022-01-21,24.21,24.21,24.06,24.09,100832.0
2022-01-24,23.98,24.04,23.77,24.04,258153.0
2022-01-25,23.93,24.04,23.9,24.0,299365.0
2022-01-26,24.05,24.1,23.59,23.72,535764.0
2022-01-27,23.86,24.0536,23.8,23.83,200068.0
2022-01-28,23.8,23.97,23.7,23.97,43699.0
2022-01-31,23.97,24.11,23.87,24.11,65286.0
2022-02-01,24.17,24.19,24.1,24.16,53375.0
2022-02-02,24.39,24.39,24.15,24.22,83365.0
2022-02-03,24.06,24.08,23.88,23.94,88254.0
2022-02-04,23.86,23.86,23.68,23.78,155466.0
2022-02-07,23.84,23.92,23.76,23.88,103350.0
2022-02-08,23.83,23.92,23.76,23.92,113034.0
2022-02-09,24.04,24.2297,24.04,24.16,573134.0
2022-02-10,23.94,24.139,23.78,23.82,161785.0
2022-02-11,23.9,23.95,23.79,23.92,87654.0
2022-02-14,23.95,23.95,23.68,23.73,207674.0
2022-02-15,23.75,23.75,23.63,23.66,1015953.0
2022-02-16,23.66,23.82,23.63,23.81,735304.0
2022-02-17,23.78,23.835,23.63,23.68,726611.0
2022-02-18,23.73,23.7599,23.66,23.7,195756.0
2022-02-22,23.68,23.72,23.53,23.65,165058.0
2022-02-23,23.71,23.71,23.47,23.5,197453.0
2022-02-24,23.38,23.49,23.23,23.41,294483.0
2022-02-25,23.32,23.76,23.32,23.7,135712.0
2022-02-28,23.68,24.1,23.66,24.1,199879.0
2022-03-01,24.04,24.36,24.0204,24.14,169253.0
2022-03-02,24.26,24.26,24.0807,24.0807,132364.0
2022-03-03,24.16,24.16,23.97,24.01,198555.0
2022-03-04,24.0,24.1,24.0,24.1,116138.0
2022-03-07,24.15,24.19,24.0,24.07,147037.0
2022-03-08,24.15,24.28,24.0596,24.2681,93627.0
2022-03-09,24.19,24.19,23.965,24.08,230093.0
2022-03-10,23.85,23.87,23.6914,23.82,59993.0
2022-03-11,23.86,23.92,23.78,23.85,72580.0
2022-03-14,23.77,23.77,23.35,23.41,188762.0
2022-03-15,23.3,23.34,23.05,23.11,227341.0
2022-03-16,23.22,23.375,23.05,23.36,292911.0
2022-03-17,23.44,23.69,23.43,23.69,111889.0
2022-03-18,23.65,23.86,23.64,23.83,501508.0
2022-03-21,23.72,23.83,23.61,23.68,282961.0
2022-03-22,23.68,23.71,23.58,23.58,299002.0
2022-03-23,23.59,23.85,23.59,23.82,182311.0
2022-03-24,23.82,23.89,23.77,23.8,122833.0
2022-03-25,23.82,23.85,23.66,23.77,152082.0
2022-03-28,23.59,23.6,23.43,23.53,361246.0
2022-03-29,23.53,23.71,23.44,23.63,189846.0
2022-03-30,23.6,23.82,23.6,23.73,254120.0
2022-03-31,23.73,23.84,23.6,23.66,345395.0
2022-04-01,23.63,23.7599,23.51,23.73,257504.0
2022-04-04,23.77,23.83,23.68,23.78,352073.0
2022-04-05,23.68,23.73,23.35,23.37,106215.0
2022-04-06,23.19,23.39,22.94,23.13,495981.0
2022-04-07,23.04,23.07,22.87,23.0,263136.0
2022-04-08,23.01,23.029,22.88,23.0,247322.0
2022-04-11,22.84,22.85,22.61,22.68,358320.0
2022-04-12,22.96,22.96,22.7,22.73,281795.0
2022-04-13,22.7413,22.87,22.74,22.83,326465.0
2022-04-14,22.76,22.81,22.57,22.57,344278.0
2022-04-18,22.57,22.66,22.55,22.59,296768.0
2022-04-19,22.54,22.5562,22.43,22.48,213774.0
2022-04-20,22.57,22.75,22.52,22.67,168140.0
2022-04-21,22.71,22.75,22.33,22.38,141052.0
2022-04-22,22.35,22.445,22.02,22.05,370235.0
2022-04-25,22.01,22.01,21.84,21.94,180269.0
2022-04-26,21.9,21.965,21.75,21.76,258981.0
2022-04-27,21.86,21.91,21.75,21.77,200391.0
2022-04-28,21.79,22.06,21.74,22.01,249977.0
2022-04-29,22.05,22.15,21.66,21.67,138073.0
2022-05-02,21.5,21.55,21.17,21.26,441647.0
2022-05-03,21.44,21.648,21.44,21.52,163717.0
2022-05-04,21.48,21.9,21.41,21.87,140304.0
2022-05-05,21.61,21.61,21.07,21.24,81342.0
2022-05-06,21.11,21.19,20.97,21.02,185996.0
2022-05-09,20.79,20.79,20.4968,20.53,847620.0
2022-05-10,20.73,20.775,20.53,20.56,223060.0
2022-05-11,20.61,20.91,20.54,20.83,216743.0
2022-05-12,20.81,20.84,20.61,20.71,207591.0
2022-05-13,20.84,20.92,20.76,20.86,367551.0
2022-05-16,20.86,20.9899,20.86,20.9,79683.0
2022-05-17,21.04,21.05,20.96,21.01,142251.0
2022-05-18,20.91,21.035,20.882,20.91,50918.0
2022-05-19,20.92,21.1499,20.92,20.94,52228.0
2022-05-20,21.0,21.05,20.7665,20.94,62102.0
2022-05-23,21.0,21.12,20.97,21.03,391810.0
2022-05-24,21.01,21.1505,20.99,21.11,139883.0
2022-05-25,21.13,21.23,21.07,21.23,106069.0
2022-05-26,21.03,21.41,21.03,21.38,109533.0
2022-05-27,21.43,21.54,21.38,21.51,259644.0
2022-05-31,21.52,21.66,21.23,21.27,86774.0
2022-06-01,21.34,21.6199,21.16,21.3,80440.0
2022-06-02,21.35,21.5111,21.3,21.5,434382.0
2022-06-03,21.43,21.515,21.34,21.515,38334.0
2022-06-06,21.56,21.5743,21.32,21.36,49828.0
2022-06-07,21.33,21.545,21.32,21.53,971228.0
2022-06-08,21.49,21.53,21.32,21.33,83596.0
2022-06-09,21.28,21.335,21.13,21.14,202376.0
2022-06-10,21.0,21.0,20.78,20.85,78372.0
2022-06-13,20.5,20.5,19.95,20.03,275517.0
2022-06-14,20.04,20.0674,19.641,19.74,830983.0
2022-06-15,19.92,20.21,19.865,20.15,101716.0
2022-06-16,19.8,19.95,19.58,19.94,150068.0
2022-06-17,19.93,19.992,19.7607,19.91,663288.0
2022-06-21,19.97,20.04,19.88,19.92,205652.0
2022-06-22,19.93,20.14,19.93,20.05,175717.0
2022-06-23,20.2,20.22,19.98,20.05,59883.0
2022-06-24,20.09,20.26,20.09,20.2,261978.0
2022-06-27,19.92,19.93,19.78,19.8,67521.0
2022-06-28,19.9,19.9,19.65,19.66,82992.0
2022-06-29,19.77,19.86,19.6,19.66,95399.0
2022-06-30,19.75,19.8,19.51,19.53,115627.0
2022-07-01,19.76,19.91,19.64,19.78,226889.0
2022-07-05,19.68,19.74,19.57,19.74,65760.0
2022-07-06,19.73,19.73,19.33,19.44,198606.0
2022-07-07,19.62,19.69,19.5,19.5,437491.0
2022-07-08,19.49,19.54,19.34,19.4,45917.0
2022-07-11,19.39,19.46,19.34,19.35,150172.0
2022-07-12,19.35,19.505,19.34,19.4,197961.0
2022-07-13,19.2,19.5886,19.2,19.53,68629.0
2022-07-14,19.24,19.39,19.17,19.365,595468.0
2022-07-15,19.445,19.56,19.3601,19.51,72484.0
2022-07-18,19.51,19.6,19.43,19.43,148866.0
2022-07-19,19.59,19.6234,19.51,19.58,140754.0
2022-07-20,19.65,19.7,19.51,19.63,646517.0
2022-07-21,19.61,19.87,19.568,19.86,176834.0
2022-07-22,20.0,20.1595,19.95,20.04,342319.0
2022-07-25,19.97,20.04,19.93,20.0,96325.0
2022-07-26,20.19,20.2,19.97,19.9905,13917.0
2022-07-27,20.09,20.29,20.09,20.25,181026.0
2022-07-28,20.3,20.56,20.3,20.51,130933.0
2022-07-29,20.5,20.855,20.49,20.77,72487.0
2022-08-01,20.71,20.86,20.66,20.82,88102.0
2022-08-02,20.77,20.81,20.39,20.45,153986.0
2022-08-03,20.52,20.69,20.36,20.65,101612.0
2022-08-04,20.65,20.75,20.57,20.68,358607.0
2022-08-05,20.45,20.45,20.2453,20.42,100938.0
2022-08-08,20.57,20.74,20.57,20.64,555239.0
2022-08-09,20.5,20.65,20.5,20.6,40780.0
2022-08-10,20.685,20.81,20.62,20.65,248147.0
2022-08-11,20.75,20.79,20.44,20.48,74534.0
2022-08-12,20.52,20.66,20.49,20.65,65361.0
2022-08-15,20.57,20.6806,20.52,20.62,92059.0
2022-08-16,20.53,20.6578,20.47,20.63,43319.0
2022-08-17,20.51,20.53,20.41,20.5,143115.0
2022-08-18,20.53,20.6415,20.48,20.62,179193.0
2022-08-19,20.47,20.47,20.2935,20.36,61252.0
2022-08-22,20.25,20.265,20.18,20.19,182209.0
2022-08-23,20.24,20.405,20.21,20.24,115390.0
2022-08-24,20.23,20.27,20.15,20.22,58877.0
2022-08-25,20.29,20.5,20.101,20.5,133155.0
2022-08-26,20.5,20.52,20.32,20.48,195214.0
2022-08-29,20.22,20.27,20.18,20.21,23698.0
2022-08-30,20.28,20.28,20.0,20.09,437682.0
2022-08-31,20.06,20.07,19.75,19.76,157601.0
2022-09-01,19.65,19.65,19.34,19.51,191213.0
2022-09-02,19.56,19.72,19.54,19.62,247992.0
2022-09-06,19.55,19.62,19.28,19.29,131735.0
2022-09-07,19.31,19.55,19.29,19.54,62534.0
2022-09-08,19.44,19.54,19.4,19.45,34908.0
2022-09-09,19.56,19.6446,19.52,19.6204,91595.0
2022-09-12,19.67,19.75,19.525,19.58,131629.0
2022-09-13,19.35,19.35,19.2701,19.29,327134.0
2022-09-14,19.36,19.435,19.31,19.37,73982.0
2022-09-15,19.34,19.35,19.1729,19.21,65055.0
2022-09-16,19.13,19.15,18.94,19.0,276162.0
2022-09-19,18.92,19.05,18.8994,19.0,305964.0
2022-09-20,18.78,18.89,18.7501,18.87,147922.0
2022-09-21,18.9,19.07,18.73,18.85,80850.0
2022-09-22,18.74,18.74,18.49,18.52,675613.0
2022-09-23,18.39,18.39,18.13,18.27,608365.0
2022-09-26,18.14,18.2,17.77,17.77,272496.0
2022-09-27,17.58,17.62,17.27,17.27,169690.0
2022-09-28,17.46,17.87,17.45,17.84,45771.0
2022-09-29,17.66,17.66,17.43,17.54,212059.0
2022-09-30,17.55,17.59,17.305,17.33,141726.0
2022-10-03,17.6,17.88,17.58,17.81,401725.0
2022-10-04,17.98,18.15,17.98,18.14,154967.0
2022-10-05,17.99,17.99,17.76,17.925,528165.0
2022-10-06,17.91,17.92,17.72,17.75,45462.0
2022-10-07,17.66,17.66,17.5,17.55,92705.0
2022-10-10,17.59,17.59,17.29,17.35,253910.0
2022-10-11,17.27,17.505,17.19,17.32,162820.0
2022-10-12,17.31,17.44,17.31,17.39,166408.0
2022-10-13,17.08,17.56,17.05,17.45,61300.0
2022-10-14,17.55,17.58,17.22,17.29,69910.0
2022-10-17,17.5,17.61,17.43,17.43,84019.0
2022-10-18,17.63,17.63,17.3145,17.46,45433.0
2022-10-19,17.28,17.35,17.18,17.28,51920.0
2022-10-20,17.22,17.384,17.11,17.21,193900.0
2022-10-21,17.08,17.29,16.97,17.27,162165.0
2022-10-24,17.2,17.32,17.11,17.24,204608.0
2022-10-25,17.3,17.56,17.3,17.48,207277.0
2022-10-26,17.59,17.79,17.59,17.63,132546.0
2022-10-27,17.695,17.84,17.67,17.72,451793.0
2022-10-28,17.7,17.77,17.6284,17.75,405970.0
2022-10-31,17.7,17.77,17.55,17.61,440886.0
2022-11-01,17.94,18.02,17.75,17.82,215701.0
2022-11-02,17.82,17.93,17.58,17.58,312712.0
2022-11-03,17.45,17.5,17.3519,17.4,373722.0
2022-11-04,17.6,17.74,17.3186,17.62,438018.0
2022-11-07,17.7602,17.7602,17.63,17.6491,38082.0
2022-11-08,17.7,17.9299,17.7,17.8,250249.0
2022-11-09,17.78,17.84,17.5506,17.65,43849.0
2022-11-10,18.0,18.49,18.0,18.43,133957.0
2022-11-11,18.47,18.63,18.44,18.56,2128370.0
2022-11-14,18.55,18.57,18.44,18.47,16272252.0
2022-11-15,18.7,18.79,18.44,18.68,554822.0
2022-11-16,18.78,18.87,18.715,18.75,108200.0
2022-11-17,18.63,18.63,18.44,18.56,88632.0
2022-11-18,18.62,18.62,18.4,18.45,157051.0
2022-11-21,18.51,18.51,18.37,18.47,371244.0
2022-11-22,18.57,18.7399,18.57,18.72,353912.0
2022-11-23,18.76,19.0,18.76,18.97,35211.0
2022-11-25,18.99,18.99,18.921,18.94,24513.0
2022-11-28,18.92,18.9895,18.78,18.85,162845.0
2022-11-29,18.85,18.9,18.71,18.75,115195.0
2022-11-30,18.85,19.16,18.78,19.16,2314364.0
2022-12-01,19.31,19.58,19.31,19.56,1323179.0
2022-12-02,19.35,19.86,19.35,19.86,1584048.0
2022-12-05,19.86,19.86,19.37,19.44,98794.0
2022-12-06,19.55,19.55,19.39,19.53,69631.0
2022-12-07,19.57,19.72,19.5,19.72,296079.0
2022-12-08,19.78,19.8,19.555,19.79,1057385.0
2022-12-09,19.6,19.675,19.36,19.41,413551.0
2022-12-12,19.4,19.665,19.3753,19.5,340040.0
2022-12-13,19.9,19.9,19.55,19.56,675295.0
2022-12-14,19.52,19.5841,19.35,19.46,156779.0
2022-12-15,19.4699,19.4699,19.299,19.4,17155942.0
2022-12-16,19.11,19.2293,19.11,19.18,111529.0
2022-12-19,19.03,19.16,18.97,19.03,392557.0
2022-12-20,18.78,18.99,18.69,18.96,169761.0
2022-12-21,19.15,19.19,19.04,19.19,151905.0
2022-12-22,19.2,19.2,18.87,18.92,428629.0
2022-12-23,18.73,18.89,18.73,18.83,110879.0
2022-12-27,18.73,18.7923,18.62,18.67,83401.0
2022-12-28,18.71,18.76,18.51,18.56,558072.0
2022-12-29,18.59,18.77,18.59,18.72,210749.0
2022-12-30,18.6,18.64,18.5,18.63,253323.0
2023-01-03,18.88,18.9484,18.68,18.73,129497.0
2023-01-04,18.93,18.99,18.87,18.97,482148.0
2023-01-05,18.8,18.97,18.7952,18.93,3349335.0
2023-01-06,18.97,19.43,18.97,19.42,47254.0
2023-01-09,19.4,19.61,19.4,19.5,164296.0
2023-01-10,19.4,19.48,19.34,19.48,161506.0
2023-01-11,19.59,19.68,19.51,19.68,189029.0
2023-01-12,19.6657,19.97,19.63,19.95,108801.0
2023-01-13,19.84,19.96,19.77,19.83,315759.0
2023-01-17,19.66,19.77,19.66,19.7,1506900.0
2023-01-18,20.0,20.0599,19.8,19.86,584542.0
2023-01-19,19.81,19.96,19.77,19.93,159562.0
2023-01-20,19.79,19.86,19.77,19.8,69094.0
2023-01-23,19.8,19.91,19.79,19.86,155920.0
2023-01-24,19.9,20.055,19.8,20.03,180239.0
2023-01-25,20.02,20.18,19.95,20.12,110885.0
2023-01-26,20.16,20.19,20.07,20.16,63639.0
2023-01-27,20.09,20.15,20.04,20.08,44330.0
2023-01-30,20.03,20.0369,19.86,19.91,98269.0
2023-01-31,19.95,19.95,19.82,19.89,166617.0
2023-02-01,20.01,20.27,19.9049,20.17,144975.0
2023-02-02,20.3,20.4199,20.01,20.09,65074.0
2023-02-03,19.77,19.92,19.72,19.78,97328.0
2023-02-06,19.62,19.63,19.55,19.58,70116.0
2023-02-07,19.56,19.8,19.56,19.6866,36636.0
2023-02-08,19.67,19.7289,19.58,19.68,84726.0
2023-02-09,19.94,19.94,19.52,19.56,45500.0
2023-02-10,19.5,19.5099,19.398,19.45,32820.0
2023-02-13,19.44,19.56,19.44,19.56,68713.0
2023-02-14,19.55,19.64,19.34,19.49,71928.0
2023-02-15,19.36,19.5,19.29,19.38,177371.0
2023-02-16,19.25,19.36,19.21,19.21,15374.0
2023-02-17,19.13,19.25,19.095,19.24,20831.0
2023-02-21,19.13,19.16,18.96,18.9649,53520.0
2023-02-22,19.03,19.11,18.955,18.97,42676.0
2023-02-23,19.04,19.13,18.9661,19.07,27897.0
2023-02-24,18.89,18.89,18.73,18.8069,38373.0
2023-02-27,18.9,18.94,18.85,18.92,65590.0
2023-02-28,18.81,18.94,18.7803,18.91,40989.0
2023-03-01,18.93,19.06,18.8973,18.94,96742.0
2023-03-02,18.79,18.935,18.79,18.91,42938.0
2023-03-03,19.07,19.3208,19.04,19.32,87328.0
2023-03-06,19.35,19.42,19.16,19.18,61356.0
2023-03-07,19.12,19.13,18.9392,18.9616,33180.0
2023-03-08,18.97,19.08,18.87,18.91,119092.0
2023-03-09,18.92,19.0034,18.81,18.81,55189.0
2023-03-10,19.04,19.23,18.96,19.19,22724.0
2023-03-13,19.26,19.54,19.2,19.26,111906.0
2023-03-14,19.2,19.34,19.12,19.15,92971.0
2023-03-15,19.18,19.31,19.1,19.18,80194.0
2023-03-16,19.26,19.3252,19.1085,19.1085,240845.0
2023-03-17,19.32,19.32,19.14,19.14,94019.0
2023-03-20,19.18,19.31,19.18,19.2213,89511.0
2023-03-21,19.22,19.26,19.18,19.22,79195.0
2023-03-22,19.22,19.54,19.22,19.42,107872.0
2023-03-23,19.42,19.47,19.3501,19.4543,55549.0
2023-03-24,19.4348,19.45,19.3699,19.3851,45338.0
2023-03-27,19.32,19.32,19.175,19.175,122432.0
2023-03-28,19.09,19.34,19.09,19.2202,118676.0
2023-03-29,19.22,19.32,19.22,19.3,81631.0
2023-03-30,19.4,19.47,19.3963,19.4217,84745.0
2023-03-31,19.53,19.58,19.475,19.56,257129.0
2023-04-03,19.61,19.81,19.61,19.7082,160793.0
2023-04-04,19.655,19.8,19.65,19.754,62023.0
2023-04-05,19.75,19.82,19.74,19.8,190132.0
2023-04-06,19.8,19.9,19.79,19.82,76317.0
2023-04-10,19.75,19.75,19.64,19.73,72842.0
2023-04-11,19.78,19.8471,19.7601,19.8103,76324.0
2023-04-12,19.8,19.8599,19.78,19.8249,187294.0
2023-04-13,19.92,19.98,19.89,19.895,77914.0
2023-04-14,19.84,19.84,19.66,19.7,49539.0
2023-04-17,19.7,19.72,19.56,19.58,266855.0
2023-04-18,19.58,19.6571,19.58,19.625,77009.0
2023-04-19,19.6,19.6,19.49,19.5653,18272.0
2023-04-20,19.645,19.6627,19.56,19.59,23513.0
2023-04-21,19.57,19.59,19.45,19.475,11324.0
2023-04-24,19.49,19.63,19.49,19.61,102443.0
2023-04-25,19.64,19.66,19.61,19.6481,33143.0
2023-04-26,19.66,19.66,19.5048,19.5103,41910.0
2023-04-27,19.475,19.5262,19.44,19.5127,6912.0
2023-04-28,19.55,19.67,19.55,19.63,30130.0
2023-05-01,19.6,19.6,19.3,19.3,52115.0
2023-05-02,19.33,19.48,19.32,19.48,121334.0
2023-05-03,19.46,19.58,19.46,19.53,91629.0
2023-05-04,19.46,19.55,19.46,19.465,26168.0
2023-05-05,19.4359,19.55,19.4359,19.5395,74803.0
2023-05-08,19.45,19.48,19.41,19.44,21933.0
2023-05-09,19.4,19.4,19.33,19.33,43154.0
2023-05-10,19.445,19.46,19.4,19.45,48082.0
2023-05-11,19.48,19.48,19.4,19.47,28278.0
2023-05-12,19.4808,19.5,19.38,19.39,31432.0
2023-05-15,19.33,19.42,19.33,19.41,76091.0
2023-05-16,19.29,19.35,19.1792,19.205,50188.0
2023-05-17,19.23,19.3,19.21,19.27,72749.0
2023-05-18,19.18,19.18,19.07,19.14,121010.0
2023-05-19,19.17,19.17,19.08,19.105,55301.0
2023-05-22,19.11,19.15,19.06,19.06,14897.0
2023-05-23,19.01,19.07,18.98,19.05,41277.0
2023-05-24,19.03,19.05,18.88,18.88,98048.0
2023-05-25,18.92,18.92,18.79,18.8284,84409.0
2023-05-26,18.87,18.975,18.87,18.975,203441.0
2023-05-30,19.07,19.07,18.96,19.0202,37623.0
2023-05-31,18.99,18.99,18.9195,18.96,254880.0
2023-06-01,19.01,19.1663,19.01,19.145,23941.0
2023-06-02,19.25,19.255,19.1501,19.1559,16429.0
2023-06-05,19.12,19.2,19.12,19.15,107181.0
2023-06-06,19.1,19.2631,19.0838,19.2523,33075.0
2023-06-07,19.269,19.31,19.12,19.13,495462.0
2023-06-08,19.14,19.3324,19.14,19.3324,51013.0
2023-06-09,19.28,19.3445,19.27,19.27,202835.0
2023-06-12,19.27,19.31,19.18,19.31,49411.0
2023-06-13,19.35,19.4,19.24,19.26,39553.0
2023-06-14,19.37,19.45,19.29,19.385,202514.0
2023-06-15,19.52,19.61,19.52,19.5959,33930.0
2023-06-16,19.63,19.63,19.52,19.54,136742.0
2023-06-20,19.57,19.57,19.48,19.5197,74097.0
2023-06-21,19.3801,19.55,19.35,19.54,43299.0
2023-06-22,19.35,19.42,19.34,19.35,58491.0
2023-06-23,19.34,19.38,19.3011,19.34,160515.0
2023-06-26,19.41,19.42,19.33,19.35,177291.0
2023-06-27,19.35,19.35,19.13,19.16,349923.0
2023-06-28,19.31,19.31,19.12,19.22,57272.0
2023-06-29,19.23,19.23,18.97,19.03,2050548.0
2023-06-30,19.18,19.2604,19.0833,19.23,363677.0
2023-07-03,19.37,19.3733,19.29,19.3,91258.0
2023-07-05,19.33,19.33,19.04,19.09,34735.0
2023-07-06,18.9,18.91,18.7,18.7505,28888.0
2023-07-07,18.69,18.86,18.69,18.765,31974.0
2023-07-10,18.72,18.85,18.72,18.805,128110.0
2023-07-11,18.91,18.93,18.85,18.92,64164.0
2023-07-12,19.06,19.3,19.06,19.27,20824.0
2023-07-13,19.45,19.51,19.39,19.47,54306.0
2023-07-14,19.45,19.47,19.33,19.33,65812.0
2023-07-17,19.26,19.39,19.26,19.36,94636.0
2023-07-18,19.39,19.5,19.3808,19.43,45306.0
2023-07-19,19.51,19.5672,19.46,19.56,75374.0
2023-07-20,19.6,19.6,19.42,19.48,56495.0
2023-07-21,19.57,19.57,19.46,19.475,25648.0
2023-07-24,19.47,19.5599,19.47,19.5,50624.0
2023-07-25,19.51,19.5911,19.51,19.55,40253.0
2023-07-26,19.58,19.58,19.48,19.52,51365.0
2023-07-27,19.46,19.46,19.2,19.2,43439.0
2023-07-28,19.18,19.38,19.18,19.35,430711.0
2023-07-31,19.36,19.47,19.36,19.42,47465.0
2023-08-01,19.3,19.305,19.14,19.16,56997.0
2023-08-02,19.1,19.1,18.83,18.93,634106.0
2023-08-03,18.8,18.8,18.65,18.71,89508.0
2023-08-04,18.74,18.985,18.704,18.9,18111.0
2023-08-07,18.93,18.93,18.8338,18.8757,46063.0
2023-08-08,18.95,18.95,18.83,18.89,27511.0
2023-08-09,18.91,18.94,18.89,18.92,32096.0
2023-08-10,18.89,19.01,18.72,18.73,18107.0
2023-08-11,18.61,18.72,18.61,18.64,22300.0
2023-08-14,18.6,18.65,18.53,18.56,82177.0
2023-08-15,18.49,18.49,18.37,18.37,39789.0
2023-08-16,18.35,18.42,18.23,18.23,160061.0
2023-08-17,18.15,18.295,18.14,18.2,20116.0
2023-08-18,18.1,18.24,18.1,18.22,130923.0
2023-08-21,18.13,18.15,18.02,18.15,75347.0
2023-08-22,18.16,18.185,18.13,18.17,41704.0
2023-08-23,18.14,18.53,18.14,18.53,25869.0
2023-08-24,18.5,18.5,18.3795,18.38,138881.0
2023-08-25,18.35,18.47,18.31,18.43,53417.0
2023-08-28,18.5129,18.53,18.44,18.5,323886.0
2023-08-29,18.44,18.759,18.44,18.73,700936.0
2023-08-30,18.71,18.78,18.71,18.72,25244.0
2023-08-31,18.783,18.79,18.74,18.74,18354.0
2023-09-01,18.7,18.77,18.5833,18.62,54006.0
2023-09-05,18.55,18.6,18.45,18.45,34297.0
2023-09-06,18.5,18.5,18.4,18.435,9523.0
2023-09-07,18.42,18.43,18.39,18.42,23016.0
2023-09-08,18.52,18.55,18.46,18.47,228570.0
2023-09-11,18.47,18.524,18.46,18.46,59230.0
2023-09-12,18.47,18.51,18.47,18.5,42337.0
2023-09-13,18.53,18.54,18.47,18.48,34223.0
2023-09-14,18.54,18.578,18.51,18.53,141448.0
2023-09-15,18.485,18.54,18.43,18.43,54324.0
2023-09-18,18.43,18.5,18.42,18.49,44756.0
2023-09-19,18.49,18.49,18.37,18.38,85530.0
2023-09-20,18.44,18.53,18.33,18.33,72818.0
2023-09-21,18.17,18.17,17.95,17.95,41163.0
2023-09-22,18.03,18.1,18.0,18.06,190408.0
2023-09-25,17.85,17.9099,17.8,17.81,239069.0
2023-09-26,17.63,17.655,17.5,17.52,89964.0
2023-09-27,17.56,17.62,17.38,17.44,34750.0
2023-09-28,17.4,17.5917,17.35,17.59,264739.0
2023-09-29,17.93,17.93,17.47,17.51,161631.0
2023-10-02,17.38,17.44,17.2239,17.232,188398.0
2023-10-03,17.11,17.14,16.9001,16.9421,159309.0
2023-10-04,17.05,17.07,16.9101,17.06,161034.0
2023-10-05,17.11,17.11,16.95,17.0,72979.0
2023-10-06,16.82,17.07,16.7501,16.95,246399.0
2023-10-09,17.06,17.258,17.0,17.24,1437353.0
2023-10-10,17.25,17.4353,17.2101,17.35,272685.0
2023-10-11,17.51,17.579,17.44,17.579,119059.0
2023-10-12,17.59,17.59,17.18,17.225,72087.0
2023-10-13,17.46,17.5,17.3811,17.43,287635.0
2023-10-16,17.32,17.39,17.29,17.36,99006.0
2023-10-17,17.13,17.32,17.13,17.291,54398.0
2023-10-18,17.25,17.25,17.07,17.12,35904.0
2023-10-19,17.1,17.17,16.96,16.97,86069.0
2023-10-20,16.9,16.97,16.88,16.91,35615.0
2023-10-23,16.75,17.01,16.71,16.91,32443.0
2023-10-24,16.95,17.09,16.93,17.09,132654.0
2023-10-25,16.96,16.96,16.81,16.84,35148.0
2023-10-26,16.81,16.989,16.8,16.96,254797.0
2023-10-27,16.89,16.98,16.8453,16.91,69359.0
2023-10-30,16.89,16.96,16.82,16.92,248045.0
2023-10-31,16.98,16.98,16.87,16.87,224378.0
2023-11-01,16.94,17.13,16.94,17.13,93743.0
2023-11-02,17.38,17.51,17.38,17.49,282318.0
2023-11-03,17.67,17.76,17.64,17.64,155359.0
2023-11-06,17.64,17.64,17.51,17.53,66423.0
2023-11-07,17.44,17.667,17.44,17.601,148664.0
2023-11-08,17.649,17.72,17.62,17.71,114340.0
2023-11-09,17.7,17.7,17.39,17.41,69263.0
2023-11-10,17.48,17.51,17.43,17.49,173260.0
2023-11-13,17.45,17.5,17.393,17.46,112173.0
2023-11-14,17.86,17.9,17.81,17.87,219564.0
2023-11-15,17.86,17.86,17.72,17.771,12856249.0
2023-11-16,17.86,17.9,17.81,17.859,188000.0
2023-11-17,17.94,17.99,17.88,17.93,127900.0
2023-11-20,18.18,18.18,17.91,18.07,62251.0
2023-11-21,18.06,18.1,17.96,18.03,23805.0
2023-11-22,18.06,18.0963,17.97,18.07,28760.0
2023-11-24,17.96,18.07,17.95,17.95,75246.0
2023-11-27,17.99,18.085,17.97,18.08,1034625.0
2023-11-28,18.0628,18.18,18.04,18.15,243208.0
2023-11-29,18.28,18.32,18.21,18.29,94313.0
2023-11-30,18.23,18.23,18.11,18.153,63331.0
2023-12-01,18.14,18.479,18.14,18.479,101135.0
2023-12-04,18.5,18.5,18.215,18.28,309957.0
2023-12-05,18.28,18.47,18.28,18.4,583101.0
2023-12-06,18.53,18.5944,18.49,18.51,45612.0
2023-12-07,18.48,18.6088,18.46,18.51,100259.0
2023-12-08,18.38,18.48,18.33,18.47,16139.0
2023-12-11,18.4,18.4,18.29,18.38,123445.0
2023-12-12,18.34,18.4,18.31,18.38,37447.0
2023-12-13,18.41,18.84,18.385,18.83,79951.0
2023-12-14,19.08,19.33,19.08,19.28,187226.0
2023-12-15,19.18,19.255,19.165,19.22,153910.0
2023-12-18,19.19,19.2,19.16,19.19,240347.0
2023-12-19,19.2,19.3585,19.18,19.27,196861.0
2023-12-20,19.31,19.32,19.23,19.23,163437.0
2023-12-21,19.32,19.36,19.23,19.3,538387.0
2023-12-22,19.37,19.4,19.22,19.25,62062.0
2023-12-26,19.15,19.15,19.05,19.12,331653.0
2023-12-27,19.25,19.37,19.24,19.37,425804.0
2023-12-28,19.21,19.43,19.21,19.28,153812.0
2023-12-29,19.32,19.32,19.105,19.13,176127.0
2024-01-02,18.98,19.11,18.98,19.03,158304.0
2024-01-03,18.87,19.06,18.8,19.0,36673.0
2024-01-04,18.9,18.9,18.8299,18.8299,84267.0
2024-01-05,18.72,18.92,18.69,18.72,75282.0
2024-01-08,18.7,18.85,18.66,18.85,62436.0
2024-01-09,18.67,18.78,18.67,18.72,470345.0
2024-01-10,18.82,18.82,18.66,18.66,35677.0
2024-01-11,18.66,18.78,18.61,18.75,22786.0
2024-01-12,18.87,18.92,18.79,18.84,39963.0
2024-01-16,18.55,18.68,18.5,18.53,24989.0
2024-01-17,18.43,18.43,18.33,18.39,82211.0
2024-01-18,18.39,18.42,18.32,18.39,100189.0
2024-01-19,18.4,18.49,18.312,18.48,338817.0
2024-01-22,18.48,18.57,18.48,18.52,352566.0
2024-01-23,18.45,18.47,18.37,18.47,76387.0
2024-01-24,18.66,18.66,18.41,18.41,40770.0
2024-01-25,18.53,18.55,18.44,18.55,267173.0
2024-01-26,18.56,18.56,18.49,18.51,47001.0
2024-01-29,18.59,18.73,18.56,18.69,64069.0
2024-01-30,18.73,18.75,18.63,18.72,226101.0
2024-01-31,18.79,18.885,18.72,18.76,81744.0
2024-02-01,18.92,19.12,18.92,19.08,38921.0
2024-02-02,18.61,18.805,18.61,18.75,37604.0
2024-02-05,18.67,18.67,18.46,18.52,42825.0
2024-02-06,18.53,18.68,18.53,18.66,48504.0
2024-02-07,18.61,18.6801,18.61,18.64,72979.0
2024-02-08,18.5,18.59,18.5,18.55,45771.0
2024-02-09,18.53,18.5647,18.5,18.53,69422.0
2024-02-12,18.53,18.6081,18.53,18.59,20620.0
2024-02-13,18.35,18.36,18.2315,18.27,29644.0
2024-02-14,18.32,18.42,18.32,18.42,43280.0
2024-02-15,18.54,18.55,18.47,18.511,38747.0
2024-02-16,18.45,18.54,18.44,18.52,50699.0
2024-02-20,18.48,18.5,18.45,18.45,14882.0
2024-02-21,18.45,18.4694,18.37,18.43,22406.0
2024-02-22,18.5,18.54,18.48,18.51,25171.0
2024-02-23,18.5,18.68,18.5,18.65,18827.0
2024-02-26,18.63,18.635,18.56,18.58,69555.0
2024-02-27,18.62,18.62,18.52,18.52,17533.0
2024-02-28,18.49,18.59,18.49,18.57,58665.0
2024-02-29,18.63,18.705,18.63,18.68,16509.0
2024-03-01,18.6713,18.89,18.67,18.885,24218.0
2024-03-04,18.79,18.88,18.79,18.865,37507.0
2024-03-05,18.91,19.06,18.91,18.9752,30278.0
2024-03-06,19.06,19.1699,19.06,19.1091,53921.0
2024-03-07,19.18,19.22,19.14,19.19,37011.0
2024-03-08,19.225,19.25,19.155,19.155,63546.0
2024-03-11,19.2,19.2,19.13,19.155,12772.0
2024-03-12,19.1,19.13,19.06,19.1,71977.0
2024-03-13,19.11,19.14,19.08,19.12,412022.0
2024-03-14,19.04,19.04,18.83,18.97,12608.0
2024-03-15,18.84,18.8999,18.84,18.85,18765.0
2024-03-18,18.89,18.9092,18.8239,18.8411,27751.0
2024-03-19,18.8,18.9002,18.8,18.8832,20279.0
2024-03-20,18.9,19.02,18.88,19.02,127369.0
2024-03-21,19.16,19.161,19.04,19.062,28008.0
2024-03-22,19.13,19.14,19.11,19.1115,8076.0
2024-03-25,19.0698,19.08,18.98,18.98,37986.0
2024-03-26,19.0,19.03,18.98,18.99,43203.0
2024-03-27,19.04,19.1938,19.04,19.1938,48558.0
2024-03-28,19.24,19.29,19.2,19.2654,63795.0
2024-04-01,19.19,19.19,19.065,19.0819,83611.0
2024-04-02,18.97,19.0717,18.9599,19.0717,228450.0
2024-04-03,18.97,19.12,18.97,19.11,42011.0
2024-04-04,19.17,19.242,19.13,19.1472,34066.0
2024-04-05,19.06,19.13,19.06,19.0927,55881.0
2024-04-08,19.12,19.15,19.08,19.12,28577.0
2024-04-09,19.16,19.2802,19.16,19.275,52697.0
2024-04-10,19.1,19.1,18.9,18.96,162510.0
2024-04-11,19.0,19.0,18.84,18.95,257039.0
2024-04-12,19.02,19.09,18.87,18.871,15864.0
2024-04-15,18.87,18.87,18.6701,18.7167,19875.0
2024-04-16,18.6,18.6,18.47,18.5641,128258.0
2024-04-17,18.62,18.68,18.54,18.6404,17187.0
2024-04-18,18.64,18.6599,18.565,18.6102,38009.0
2024-04-19,18.65,18.69,18.63,18.6353,59393.0
2024-04-22,18.54,18.645,18.53,18.6304,19927.0
2024-04-23,18.37,18.74,18.37,18.6631,174892.0
2024-04-24,18.67,18.67,18.5601,18.6092,29810.0
2024-04-25,18.46,18.58,18.44,18.56,27216.0
2024-04-26,18.7496,18.7496,18.67,18.7121,19572.0
2024-04-29,18.73,18.86,18.73,18.84,28358.0
2024-04-30,18.75,18.75,18.57,18.57,7533.0
2024-05-01,18.6,18.78,18.54,18.61,74134.0
2024-05-02,18.6,18.77,18.6,18.7317,16577.0
2024-05-03,18.97,18.97,18.85,18.9487,79261.0
2024-05-06,18.97,19.08,18.97,19.0638,103833.0
2024-05-07,19.13,19.2,19.1,19.1,104680.0
2024-05-08,19.05,19.07,19.03,19.05,40284.0
2024-05-09,19.03,19.1922,19.03,19.19,76819.0
2024-05-10,19.2,19.2344,19.16,19.1688,23339.0
2024-05-13,19.18,19.2491,19.15,19.16,49798.0
2024-05-14,19.2,19.302,19.2,19.302,5615.0
2024-05-15,19.45,19.5602,19.42,19.52,18252.0
2024-05-16,19.54,19.545,19.48,19.4868,22181.0
2024-05-17,19.45,19.55,19.45,19.5385,212319.0
2024-05-20,19.45,19.54,19.45,19.51,7955.0
2024-05-21,19.53,19.57,19.53,19.555,19011.0
2024-05-22,19.51,19.51,19.42,19.47,35282.0
2024-05-23,19.5,19.5,19.19,19.2198,26272.0
2024-05-24,19.2423,19.31,19.2423,19.2932,20912.0
2024-05-28,19.3691,19.3691,19.1501,19.1821,65336.0
2024-05-29,19.05,19.05,18.94,18.9711,42006.0
2024-05-30,19.0,19.09,19.0,19.08,148152.0
2024-05-31,19.21,19.22,19.1099,19.2016,73263.0
2024-06-03,19.23,19.35,19.23,19.34,50500.0
2024-06-04,19.3232,19.3816,19.3,19.3816,8985.0
2024-06-05,19.42,19.53,19.36,19.5191,79113.0
2024-06-06,19.54,19.57,19.54,19.55,18040.0
2024-06-07,19.34,19.34,19.18,19.18,18983.0
2024-06-10,19.16,19.195,19.14,19.1905,39226.0
2024-06-11,19.18,19.2324,19.11,19.2324,31136.0
2024-06-12,19.51,19.54,19.35,19.3595,307214.0
2024-06-13,19.42,19.48,19.37,19.476,139106.0
2024-06-14,19.515,19.52,19.4801,19.52,17653.0
2024-06-17,19.38,19.4619,19.354,19.4619,36853.0
2024-06-18,19.48,19.62,19.48,19.5953,44516.0
2024-06-20,19.48,19.6,19.48,19.58,26904.0
2024-06-21,19.59,19.59,19.47,19.47,14291.0
2024-06-24,19.44,19.59,19.44,19.56,17196.0
2024-06-25,19.51,19.5851,19.51,19.5851,11914.0
2024-06-26,19.23,19.23,19.19,19.2,20533.0
2024-06-27,19.28,19.35,19.28,19.285,99407.0
2024-06-28,19.31,19.37,19.1057,19.1057,93672.0
2024-07-01,19.02,19.04,18.9,18.905,99932.0
2024-07-02,19.01,19.04,18.9302,19.0377,75035.0
2024-07-03,19.09,19.28,19.09,19.25,15773.0
2024-07-05,19.3,19.43,19.28,19.42,105312.0
2024-07-08,19.42,19.42,19.36,19.39,15062.0
2024-07-09,19.31,19.35,19.29,19.3,12952.0
2024-07-10,19.32,19.4153,19.32,19.4153,8517.0
2024-07-11,19.56,19.68,19.56,19.61,54681.0
2024-07-12,19.61,19.69,19.61,19.68,31509.0
2024-07-15,19.58,19.64,19.56,19.57,20764.0
2024-07-16,19.59,19.81,19.59,19.79,54440.0
2024-07-17,19.71,19.79,19.71,19.73,10467.0
2024-07-18,19.68,19.73,19.55,19.56,22468.0
2024-07-19,19.5,19.5,19.39,19.39,10290.0
2024-07-22,19.4793,19.4793,19.33,19.38,16875.0
2024-07-23,19.35,19.38,19.31,19.31,16025.0
2024-07-24,19.31,19.35,19.07,19.07,19071.0
2024-07-25,19.12,19.24,19.12,19.14,54801.0
2024-07-26,19.3,19.3364,19.27,19.3236,13951.0
2024-07-29,19.38,19.3851,19.32,19.3497,54636.0
2024-07-30,19.38,19.3885,19.33,19.3885,4551.0
2024-07-31,19.04,19.67,19.04,19.67,22747.0
2024-08-01,19.74,19.75,19.5595,19.5777,32203.0
2024-08-02,19.62,19.6847,19.58,19.6847,17269.0
2024-08-05,19.62,19.62,19.44,19.59,29047.0
2024-08-06,19.5,19.5032,19.4,19.4,33879.0
2024-08-07,19.42,19.4801,19.26,19.29,65758.0
2024-08-08,19.261,19.42,19.261,19.42,77594.0
2024-08-09,19.54,19.54,19.4824,19.5274,3957.0
2024-08-12,19.53,19.6399,19.5101,19.62,28787.0
2024-08-13,19.7097,19.7476,19.67,19.745,29207.0
2024-08-14,19.7799,19.8,19.7409,19.75,8088.0
2024-08-15,19.6889,19.8,19.67,19.78,18283.0
2024-08-16,19.85,19.9,19.84,19.88,17860.0
2024-08-19,19.88,20.028,19.88,20.0,14128.0
2024-08-20,20.07,20.08,20.03,20.0688,11426.0
2024-08-21,20.09,20.2,20.08,20.155,12757.0
2024-08-22,20.01,20.01,19.9,19.94,4534.0
2024-08-23,20.05,20.22,20.05,20.1867,35905.0
2024-08-26,20.24,20.24,20.17,20.1746,9634.0
2024-08-27,20.16,20.1887,20.08,20.1752,22869.0
2024-08-28,20.13,20.14,20.0473,20.0818,4509.0
2024-08-29,20.27,20.27,20.04,20.07,41400.0
2024-08-30,20.07,20.109,19.92,19.97,28417.0
2024-09-03,19.97,19.97,19.86,19.88,53561.0
2024-09-04,19.85,19.98,19.85,19.98,43073.0
2024-09-05,20.06,20.06,19.95,20.0107,9720.0
2024-09-06,20.04,20.04,19.84,19.87,30768.0
2024-09-09,19.92,20.03,19.9,19.9894,10903.0
2024-09-10,19.96,20.05,19.93,20.05,49183.0
2024-09-11,20.025,20.1055,20.0,20.1055,11341.0
2024-09-12,20.14,20.18,20.1,20.18,14284.0
2024-09-13,20.27,20.33,20.27,20.29,12958.0
2024-09-16,20.37,20.48,20.3699,20.4728,8284.0
2024-09-17,20.52,20.52,20.43,20.43,26560.0
2024-09-18,20.41,20.55,20.2767,20.2767,22495.0
2024-09-19,20.37,20.4541,20.34,20.4541,29396.0
2024-09-20,20.42,20.435,20.3297,20.38,24737.0
2024-09-23,20.3792,20.5,20.35,20.48,146821.0
2024-09-24,20.48,20.65,20.48,20.6326,29720.0
2024-09-25,20.5101,20.53,20.4583,20.47,207125.0
2024-09-26,20.51,20.55,20.46,20.55,12525.0
2024-09-27,20.5,20.73,20.5,20.6352,619524.0
2024-09-30,20.67,20.67,20.53,20.61,54462.0
2024-10-01,20.71,20.79,20.66,20.73,76493.0
2024-10-02,20.65,20.6617,20.58,20.6617,6590.0
2024-10-03,20.6,20.6,20.4834,20.4834,13259.0
2024-10-04,20.41,20.415,20.3599,20.3766,118488.0
2024-10-07,20.24,20.38,20.24,20.2905,118281.0
2024-10-08,20.12,20.19,20.07,20.19,59786.0
2024-10-09,20.05,20.15,20.05,20.14,21178.0
2024-10-10,20.07,20.1357,20.0401,20.13,12160.0
2024-10-11,20.14,20.222,20.14,20.16,17330.0
2024-10-14,20.05,20.16,20.05,20.15,41983.0
2024-10-15,20.16,20.2,20.12,20.12,23033.0
2024-10-16,20.23,20.25,20.2,20.2052,96612.0
2024-10-17,20.17,20.17,20.08,20.13,51178.0
2024-10-18,20.18,20.205,20.16,20.1691,36672.0
2024-10-21,20.06,20.0893,19.88,19.89,87454.0
2024-10-22,19.96,19.96,19.91,19.96,67536.0
2024-10-23,19.83,19.84,19.75,19.7993,15394.0
2024-10-24,19.86,19.9,19.83,19.9,6959.0
2024-10-25,19.94,19.94,19.79,19.82,29435.0
2024-10-28,19.82,19.83,19.7669,19.83,54264.0
2024-10-29,19.76,19.82,19.7,19.8,31941.0
2024-10-30,19.89,19.95,19.86,19.8694,14985.0
2024-10-31,19.77,19.7976,19.6812,19.75,14468.0
2024-11-01,19.79,19.84,19.6,19.6,32392.0
2024-11-04,19.79,19.839,19.7,19.7379,7422.0
2024-11-05,19.75,19.8675,19.72,19.8675,18303.0
2024-11-06,19.49,19.59,19.4,19.5535,821315.0
2024-11-07,19.75,19.89,19.75,19.85,83857.0
2024-11-08,19.85,19.855,19.77,19.855,67572.0
2024-11-11,19.76,19.76,19.691,19.725,31649.0
2024-11-12,19.59,19.61,19.39,19.4099,57959.0
2024-11-13,19.38,19.38,19.26,19.26,70580.0
2024-11-14,19.38,19.41,19.3021,19.3021,46694.0
2024-11-15,19.25,19.25,19.17,19.2242,13736.0
2024-11-18,19.2592,19.3801,19.23,19.37,554149.0
2024-11-19,19.39,19.4606,19.38,19.4221,47997.0
2024-11-20,19.37,19.4302,19.37,19.4155,32201.0
2024-11-21,19.45,19.51,19.43,19.47,27410.0
2024-11-22,19.48,19.5441,19.47,19.525,35077.0
2024-11-25,19.71,19.74,19.67,19.73,85698.0
2024-11-26,19.73,19.73,19.61,19.63,38945.0
2024-11-27,19.76,19.78,19.71,19.7148,11904.0
2024-11-29,19.78,19.8932,19.78,19.8932,60441.0
2024-12-02,19.86,19.92,19.81,19.88,33692.0
2024-12-03,19.96,19.96,19.85,19.87,18463.0
2024-12-04,19.8,19.96,19.8,19.9557,40416.0
2024-12-05,19.94,19.96,19.9062,19.93,38946.0
2024-12-06,20.01,20.01,19.87,19.93,601568.0
2024-12-09,19.93,20.015,19.92,19.9225,19914.0
2024-12-10,19.9,19.9,19.82,19.8505,517890.0
2024-12-11,19.9,19.9,19.785,19.805,11421.0
2024-12-12,19.72,19.72,19.56,19.56,21463.0
2024-12-13,19.54,19.54,19.42,19.44,6855.0
2024-12-16,19.4394,19.45,19.37,19.3771,39804.0
2024-12-17,19.31,19.37,19.31,19.33,29326.0
2024-12-18,19.33,19.35,18.95,18.95,28503.0
2024-12-19,18.9,18.93,18.73,18.7981,154804.0
2024-12-20,18.84,19.02,18.83,18.8998,58054.0
2024-12-23,18.88,18.88,18.79,18.85,34132.0
2024-12-24,18.78,18.95,18.78,18.95,88908.0
2024-12-26,18.63,18.9916,18.63,18.97,49523.0
2024-12-27,18.72,18.79,18.69,18.7071,8145.0
2024-12-30,18.68,18.75,18.65,18.71,453011.0
2024-12-31,18.8,18.8,18.67,18.6851,131115.0
2025-01-02,18.77,18.815,18.69,18.75,81849.0
2025-01-03,18.7326,18.75,18.6929,18.7,28471.0
2025-01-06,18.72,18.79,18.69,18.69,60088.0
2025-01-07,18.7,18.74,18.58,18.58,26800.0
2025-01-08,18.58,18.63,18.51,18.62,25935.0
2025-01-10,18.39,18.53,18.39,18.4401,20488.0
2025-01-13,18.4,18.47,18.4,18.45,77576.0
2025-01-14,18.5,18.51,18.42,18.48,31385.0
2025-01-15,18.77,18.8,18.73,18.79,23047.0
2025-01-16,18.81,18.9,18.77,18.85,17319.0
2025-01-17,18.95,18.98,18.925,18.925,8645.0
2025-01-21,19.07,19.0923,19.032599,19.0923,41312.0
2025-01-22,19.09,19.12,19.03,19.045,91384.0
2025-01-23,18.94,19.05,18.92,19.05,167816.0
2025-01-24,19.09,19.16,19.09,19.12,77880.0
2025-01-27,19.13,19.19,19.12,19.18,40195.0
2025-01-28,19.14,19.17,19.08,19.16,49946.0
2025-01-29,19.2,19.22,19.0522,19.139,48060.0
2025-01-30,19.25,19.313,19.25,19.27,3933.0
2025-01-31,19.27,19.3,19.1,19.15,23609.0
2025-02-03,19.15,19.2586,19.15,19.17,62746.0
2025-02-04,19.08,19.35,19.08,19.34,45000.0
2025-02-05,19.47,19.59,19.46,19.52,25652.0
2025-02-06,19.54,19.575,19.49,19.52,10313.0
2025-02-07,19.5,19.5,19.42,19.425,11835.0
2025-02-10,19.43,19.559,19.43,19.491,72832.0
2025-02-11,19.39,19.49,19.39,19.4616,89289.0
2025-02-12,19.26,19.325,19.22,19.2557,17746.0
2025-02-13,19.4036,19.55,19.402,19.535,42680.0
2025-02-14,19.6,19.655,19.571,19.585,28343.0
2025-02-18,19.63,19.63,19.53,19.5314,24656.0
2025-02-19,19.51,19.58,19.5,19.56,31353.0
2025-02-20,19.58,19.64,19.58,19.62,56146.0
2025-02-21,19.66,19.69,19.6,19.6,8369.0
2025-02-24,19.61,19.65,19.575,19.63,38284.0
2025-02-25,19.77,19.77,19.665,19.7281,33555.0
2025-02-26,19.78,19.82,19.7612,19.7916,21777.0
2025-02-27,19.64,19.735,19.56,19.57,40456.0
2025-02-28,19.5502,19.71,19.5502,19.71,97876.0
2025-03-03,19.71,19.81,19.65,19.68,27271.0
2025-03-04,19.66,19.67,19.57,19.57,318426.0
2025-03-05,19.7064,19.7064,19.56,19.62,117833.0
2025-03-06,19.515,19.54,19.42,19.5,175141.0
2025-03-07,19.58,19.615,19.5,19.5248,36782.0
2025-03-10,19.58,19.595,19.46,19.51,42112.0
2025-03-11,19.5,19.5003,19.39,19.41,17439.0
2025-03-12,19.3534,19.4067,19.3,19.3623,50670.0
2025-03-13,19.32,19.44,19.315,19.4139,56952.0
2025-03-14,19.45,19.65,19.4362,19.65,98494.0
2025-03-17,19.61,19.72,19.61,19.6749,12868.0
2025-03-18,19.68,19.74,19.62,19.69,26388.0
2025-03-19,19.7,19.84,19.67,19.83,15063.0
2025-03-20,19.88,19.9481,19.8,19.81,21150.0
2025-03-21,19.75,19.75,19.66,19.68,16520.0
2025-03-24,19.9,19.9,19.63,19.63,13837.0
2025-03-25,19.68,19.73,19.68,19.7068,70798.0
2025-03-26,19.6155,19.65,19.58,19.5847,34661.0
2025-03-27,19.46,19.52,19.46,19.49,48386.0
2025-03-28,19.73,19.73,19.52,19.5377,76198.0
2025-03-31,19.51,19.69,19.51,19.69,30314.0
2025-04-01,19.75,19.82,19.73,19.75,20973.0
2025-04-02,19.64,19.79,19.64,19.75,267212.0
2025-04-03,19.67,19.7,19.56,19.59,328966.0
2025-04-04,19.17,19.36,19.07,19.07,27314.0
2025-04-07,18.91,18.91,18.462,18.55,52936.0
2025-04-08,18.5,18.71,18.18,18.2,49532.0
2025-04-09,18.0799,18.828,17.91,18.828,41098.0
2025-04-10,18.63,18.63,18.31,18.3405,62326.0
2025-04-11,18.23,18.59,18.19,18.59,32327.0
2025-04-14,18.74,18.84,18.67,18.7885,41615.0
2025-04-15,18.57,18.87,18.57,18.81,37421.0
2025-04-16,18.83,18.886,18.815,18.85,39538.0
2025-04-17,18.72,18.91,18.72,18.8669,34667.0
2025-04-21,18.68,18.8503,18.64,18.6986,186096.0
2025-04-22,18.62,19.01,18.62,18.92,112951.0
2025-04-23,19.12,19.32,19.0,19.02,30861.0
2025-04-24,19.2159,19.34,19.19,19.32,31317.0
2025-04-25,19.31,19.34,19.29,19.33,590708.0
2025-04-28,19.34,19.461,19.34,19.45,39108.0
2025-04-29,19.45,19.55,19.45,19.53,26624.0
2025-04-30,19.38,19.49,19.33,19.4689,7070.0
2025-05-01,19.4383,19.44,19.31,19.33,27746.0
2025-05-02,19.44,19.44,19.34,19.36,15447.0
2025-05-05,19.3492,19.39,19.31,19.3691,6827.0
2025-05-06,19.3391,19.47,19.33,19.4623,17307.0
2025-05-07,19.485,19.485,19.41,19.41,10853.0
2025-05-08,19.45,19.45,19.3,19.3,15403.0
2025-05-09,19.38,19.41,19.36,19.36,37666.0
2025-05-12,19.36,19.431325,19.31,19.31,52505.0
2025-05-13,19.37,19.46,19.28,19.455,90886.0
2025-05-14,19.42,19.44,19.3468,19.3523,31743.0
2025-05-15,19.35,19.54,19.35,19.515,65644.0
2025-05-16,19.52,19.58,19.47,19.5393,35023.0
2025-05-19,19.31,19.5477,19.31,19.5477,4490.0
2025-05-20,19.45,19.515,19.45,19.4827,18313.0
2025-05-21,19.395,19.42,19.22,19.2388,31739.0
2025-05-22,19.12,19.27,19.12,19.21,126535.0
2025-05-23,19.251,19.33,19.251,19.3287,4987.0
2025-05-27,19.43,19.529,19.42,19.5152,27514.0
2025-05-28,19.47,19.47,19.34,19.362,4134.0
2025-05-29,19.64,19.64,19.44,19.4985,38406.0
2025-05-30,19.43,19.525,19.42,19.5082,23632.0
2025-06-02,19.46,19.51,19.431,19.5036,23275.0
2025-06-03,19.45,19.54,19.45,19.46,27068.0
2025-06-04,19.57,19.755,19.57,19.75,78815.0
2025-06-05,19.83,19.83,19.694,19.74,143634.0
2025-06-06,19.7,19.7106,19.53,19.56,123949.0
2025-06-09,19.54,19.651,19.54,19.615,26784.0
2025-06-10,19.71,19.73,19.63,19.73,23140.0
2025-06-11,19.74,19.783,19.7,19.78,86078.0
2025-06-12,19.78,19.95,19.78,19.925,17147.0
2025-06-13,19.8644,19.8644,19.761,19.78,58989.0
2025-06-16,19.82,19.895,19.74,19.74,8134.0
2025-06-17,19.84,19.86,19.79,19.8483,107886.0
2025-06-18,19.83,19.92,19.82,19.8248,13598.0
2025-06-20,19.83,19.83,19.7,19.79,53634.0
2025-06-23,19.86,19.92,19.8301,19.8383,14428.0
2025-06-24,19.79,19.955,19.79,19.92,26483.0
2025-06-25,19.86,19.96,19.86,19.94,13267.0
2025-06-26,20.0,20.1,19.99,20.1,36277.0
2025-06-27,19.76,19.87,19.76,19.791,10013.0
2025-06-30,19.95,19.96,19.825,19.95,121791.0
2025-07-01,19.95,20.1,19.95,20.02,76570.0
2025-07-02,19.98,20.1,19.95,20.09,8390.0
2025-07-03,19.975,20.09,19.975,20.06,12113.0
2025-07-07,19.96,19.96,19.75,19.8134,11587.0
2025-07-08,19.73,19.8,19.73,19.8,8026.0
2025-07-09,19.84,19.89,19.8201,19.87,6946.0
2025-07-10,19.93,19.9799,19.9,19.9749,36496.0
2025-07-11,19.85,19.8625,19.81,19.8323,10624.0
2025-07-14,19.7,19.815,19.7,19.79,34624.0
2025-07-15,19.73,19.73,19.6293,19.65,173569.0
2025-07-16,19.72,19.7699,19.6,19.7543,12909.0
2025-07-17,19.8,19.805,19.77,19.8019,7115.0
2025-07-18,19.88,19.89,19.78,19.79,14015.0
2025-07-21,19.84,20.045,19.83,19.96,56936.0
2025-07-22,20.02,20.13,20.02,20.112,26760.0
2025-07-23,20.05,20.08,20.02,20.07,14904.0
2025-07-24,20.0,20.08,20.0,20.05,36281.0
2025-07-25,20.0,20.0535,19.96,20.0535,40113.0
2025-07-28,20.0,20.0,19.91,19.9299,40513.0
2025-07-29,19.99,20.1118,19.98,20.1118,22118.0
2025-07-30,19.98,19.9995,19.889,19.89,6205.0
2025-07-31,19.9309,19.98,19.8671,19.8671,6219.0
2025-08-01,20.0,20.0,19.705,19.95,11638.0
2025-08-04,20.07,20.13,20.02,20.1,14973.0
2025-08-05,20.12,20.15,20.12,20.1426,13971.0
2025-08-06,20.09,20.14,20.045,20.0923,17877.0
2025-08-07,20.2,20.2,20.105,20.12,11617.0
2025-08-08,20.07,20.17,20.07,20.155,8700.0
2025-08-11,20.18,20.19,20.095,20.11,11927.0
2025-08-12,19.88,20.125,19.88,20.1247,35605.0
2025-08-13,20.2,20.3,20.2,20.275,72568.0
2025-08-14,20.15,20.19,20.09,20.1284,9848.0
2025-08-15,20.08,20.0801,19.99,20.0685,3245.0
2025-08-18,20.07,20.08,20.0,20.0476,11253.0
2025-08-19,20.08,20.1,20.04,20.05,24897.0
2025-08-20,20.05,20.0801,20.04,20.06,34488.0
2025-08-21,20.04,20.04,19.98,20.0,25743.0
2025-08-22,20.2,20.35,20.2,20.3265,30284.0
2025-08-25,20.27,20.31,20.27,20.275,18369.0
2025-08-26,20.19,20.28,20.17,20.27,13441.0
2025-08-27,20.17,20.3,20.17,20.295,24531.0
2025-08-28,20.3,20.44,20.29,20.405,23015.0
2025-08-29,20.16,20.35,20.04,20.3394,17389.0
2025-09-02,20.19,20.25,20.17,20.245,16158.0
2025-09-03,20.32,20.45,20.32,20.3903,13554.0
2025-09-04,20.4335,20.5,20.3816,20.4971,32340.0
2025-09-05,20.72,20.76,20.637,20.76,52135.0
2025-09-08,20.85,20.9,20.81,20.8948,17635.0
2025-09-09,20.92,20.92,20.8185,20.8185,10871.0
2025-09-10,20.8838,20.9693,20.8838,20.915,8884.0
2025-09-11,20.92,21.11,20.92,21.0879,11039.0
2025-09-12,21.13,21.13,20.98,21.0465,70172.0
2025-09-15,21.04,21.15,21.04,21.125,12790.0
2025-09-16,21.15,21.21,21.14,21.17,42473.0
2025-09-17,21.2,21.2701,21.05,21.12,25680.0
2025-09-18,21.01,21.11,20.95,20.96,67094.0
2025-09-19,21.01,21.0149,20.95,21.0149,18482.0
2025-09-22,21.01,21.06,20.9698,21.0232,43697.0
2025-09-23,21.09,21.12,21.0801,21.095,46606.0
2025-09-24,21.1,21.1165,21.03,21.03,17410.0
2025-09-25,21.03,21.04,20.97,21.0381,4019.0
2025-09-26,21.04,21.07,21.03,21.0335,24555.0
2025-09-29,21.03,21.0713,21.03,21.0592,21213.0
2025-09-30,21.08,21.12,21.0439,21.0888,72644.0
2025-10-01,21.1,21.17,21.1,21.131,19753.0
2025-10-02,21.2088,21.21,21.12,21.1708,4075.0
2025-10-03,21.24,21.24,21.194,21.194,29492.0
2025-10-06,21.185,21.25,21.18,21.18,12887.0
2025-10-07,21.26,21.32,21.23,21.29,110510.0
2025-10-08,21.36,21.405,21.3401,21.38,35713.0
2025-10-09,21.39,21.519,21.23,21.2721,40504.0
2025-10-10,21.38,21.3989,21.2183,21.2183,12250.0
2025-10-13,21.37,21.44,21.34,21.39,38863.0
2025-10-14,21.3501,21.5499,21.3501,21.4671,88847.0
2025-10-15,21.58,21.66,21.48,21.5453,87777.0
2025-10-16,21.58,21.68,21.58,21.6792,22078.0
2025-10-17,21.64,21.64,21.55,21.5981,19232.0
2025-10-20,21.71,21.84,21.71,21.84,18906.0
2025-10-21,21.79,21.79,21.68,21.69,29513.0
2025-10-22,21.68,21.72,21.617,21.7064,215330.0
2025-10-23,21.74,21.76,21.7125,21.7125,7186.0
2025-10-24,21.78,21.78,21.701,21.7471,14064.0
2025-10-27,21.75,21.78,21.71,21.78,7732.0
2025-10-28,21.754205,21.84,21.754205,21.81,25778.0
2025-10-29,21.81,21.88,21.66,21.6864,15118.0
2025-10-30,21.5344,21.66,21.53,21.5661,22064.0
2025-10-31,21.57,21.57,21.5,21.5435,4451.0
2025-11-03,21.4865,21.495,21.43,21.43,82098.0
2025-11-04,21.31,21.3899,21.3,21.3257,9620.0
2025-11-05,21.32,21.33,21.29,21.301,5374.0
2025-11-06,21.4,21.41,21.3565,21.378,52557.0
2025-11-07,21.27,21.3919,21.27,21.3919,4841.0
2025-11-10,21.58,21.58,21.4982,21.5666,59783.0
2025-11-11,21.61,21.67,21.61,21.66,6947.0
2025-11-12,21.72,21.785,21.72,21.7586,57115.0
2025-11-13,21.709,21.71,21.535,21.56,15823.0
2025-11-14,21.5,21.5,21.42,21.45,14786.0
2025-11-17,21.42,21.45,21.2803,21.3195,12280.0
2025-11-18,21.22,21.3046,21.22,21.2698,32207.0
2025-11-19,21.32,21.32,21.2401,21.247,10400.0
2025-11-20,21.343,21.343,21.1429,21.1429,23927.0
2025-11-21,21.17,21.25,21.11,21.205,8921.0
2025-11-24,21.29,21.381,21.29,21.381,2937.0
2025-11-25,21.4499,21.52,21.425,21.5,20925.0
2025-11-26,21.5,21.65,21.5,21.62,5674.0
2025-11-28,21.63,21.65,21.0,21.6002,50315.0
2025-12-01,21.49,21.5335,21.46,21.46,32029.0
2025-12-02,21.44,21.48,21.41,21.4692,81000.0
2025-12-03,21.5,21.71,21.5,21.63,111428.0
2025-12-04,21.63,21.64,21.59,21.63,12287.0
2025-12-05,21.7,21.7,21.5149,21.5149,19191.0
2025-12-08,21.54,21.54,21.405,21.416,42912.0
2025-12-09,21.46,21.5,21.43,21.46,13210.0
2025-12-10,21.37,21.64,21.37,21.6257,29384.0
2025-12-11,21.6899,21.74,21.66,21.6671,19502.0
2025-12-12,21.51,21.61,21.43,21.5011,19835.0
2025-12-15,21.53,21.6053,21.46,21.4687,346881.0
2025-12-16,21.38,21.4344,21.3515,21.4247,84315.0
2025-12-17,21.44,21.485,21.4047,21.4194,28893.0
2025-12-18,21.51,21.59,21.4801,21.5371,11384.0
2025-12-19,21.487,21.5899,21.487,21.5181,10895.0
2025-12-22,21.63,21.64,21.59,21.59,133590.0
2025-12-23,21.63,21.75,21.63,21.68,15277.0
2025-12-24,21.79,21.84,21.77,21.8165,10314.0
2025-12-26,21.91,21.91,21.7813,21.8332,20714.0
2025-12-29,21.62,21.7,21.605,21.7,8395.0
2025-12-30,21.69,21.74,21.64,21.64,30318.0
2025-12-31,21.629,21.6399,21.45,21.45,26447.0
2026-01-02,21.64,21.65,21.59,21.629,25786.0
2026-01-05,21.72,21.83,21.61,21.817,27227.0
2026-01-06,21.81,21.93,21.81,21.93,71828.0
2026-01-07,21.9,21.93,21.84,21.9,15173.0
2026-01-08,21.79,21.86,21.76,21.843,13618.0
2026-01-09,21.93,22.0,21.9,21.985,8770.0
2026-01-12,22.0,22.16,21.9975,22.07,42934.0
2026-01-13,22.13,22.16,22.08,22.1096,10943.0
2026-01-14,22.17,22.32,22.17,22.25,33488.0
2026-01-15,22.2,22.33,22.2,22.2777,22729.0
2026-01-16,22.19,22.3,22.17,22.1765,109244.0
2026-01-20,22.01,22.285,21.99,21.99,37391.0
2026-01-21,22.1855,22.3027,22.18,22.3027,26332.0
2026-01-22,22.3,22.4376,22.275,22.3834,32081.0
2026-01-23,22.43,22.58,22.4198,22.52,109768.0
2026-01-26,22.7,22.87,22.6605,22.7174,39910.0
2026-01-27,22.74,22.835,22.74,22.8254,12276.0
2026-01-28,22.96,22.96,22.82,22.9403,56428.0
2026-01-29,23.08,23.09,22.74,22.9812,46405.0
2026-01-30,22.68,22.708,22.34,22.465,14412.0
2026-02-02,22.33,22.4425,22.3,22.3349,11591.0
2026-02-03,22.56,22.66,22.54,22.647,75821.0
2026-02-04,22.675,22.74,22.5123,22.5873,62839.0
2026-02-05,22.44,22.54,22.42,22.5,26896.0
2026-02-06,22.65,22.74,22.615,22.7351,57156.0
2026-02-09,22.73,22.9679,22.73,22.945,17698.0
2026-02-10,23.02,23.04,22.97,22.983,86305.0
2026-02-11,23.09,23.21,23.07,23.19,72518.0
2026-02-12,23.21,23.21,23.0,23.14,32539.0
2026-02-13,23.13,23.425,23.06,23.15,71737.0
2026-02-17,23.01,23.39,22.97,23.05,14386.0
2026-02-18,23.215,23.23,23.16,23.167,12920.0
2026-02-19,23.11,23.195,23.11,23.1949,21654.0
2026-02-20,23.25,23.525,23.16,23.525,11776.0
2026-02-23,23.45,23.45,23.3466,23.36,97279.0
2026-02-24,23.34,23.46,23.32,23.4,6509.0
2026-02-25,23.48,23.5499,23.46,23.5006,69633.0
2026-02-26,23.49,23.55,23.43,23.52,46054.0
2026-02-27,23.61,23.69,23.58,23.69,162490.0
2026-03-02,23.52,23.56,23.46,23.5558,11715.0
2026-03-03,23.08,23.2,22.92,23.148,10646.0
2026-03-04,23.2,23.21,23.11,23.163,10242.0
2026-03-05,23.0,23.0,22.8016,22.9101,10004.0
2026-03-06,22.75,22.94,22.6978,22.8,47746.0
2026-03-09,22.69,22.994,22.6193,22.994,33731.0
2026-03-10,22.99,23.12,22.855,22.87,10751.0
2026-03-11,22.82,22.86,22.74,22.79,44114.0
2026-03-12,22.7,22.7,22.57,22.58,24180.0
2026-03-13,22.58,22.62,22.39,22.43,74827.0
2026-03-16,22.65,22.65,22.54,22.59,27379.0
2026-03-17,22.7,22.758,22.6901,22.71,20558.0
2026-03-18,22.59,22.615,22.45,22.4537,23225.0
2026-03-19,22.12,22.41,22.12,22.333,14045.0
2026-03-20,22.25,22.25,21.77,21.77,14327.0
2026-03-23,21.91,22.315,21.83,21.94,24569.0
2026-03-24,21.795,21.96,21.75,21.85,18082.0
2026-03-25,22.15,22.22,22.13,22.17,21825.0
2026-03-26,22.06,22.06,21.84,21.89,13416.0
2026-03-27,21.77,21.885,21.71,21.7616,34847.0
2026-03-30,22.12,22.12,21.92,21.92,32376.0
2026-03-31,22.14,22.3299,22.0915,22.26,15617.0
2026-04-01,22.332,22.425,22.29,22.39,11834.0
2026-04-02,22.135,22.36,22.09,22.3,9890.0
2026-04-06,22.41,22.41,22.3,22.334,4845.0
2026-04-07,22.21,22.79,22.18,22.32,23363.0
2026-04-08,22.73,22.73,22.58,22.66,10484.0
2026-04-09,22.71,22.73,22.62,22.62,5284.0
2026-04-10,22.73,22.75,22.63,22.75,25116.0
2026-04-13,22.67,22.8,22.64,22.8,10392.0
2026-04-14,22.98,22.98,22.835,22.95,44647.0
2026-04-15,22.91,22.9799,22.88,22.96,94719.0
2026-04-16,22.99,22.99,22.82,22.82,5755.0
2026-04-17,22.99,23.05,22.985,23.01,5988.0
2026-04-20,22.99,23.0147,22.92,23.01,11633.0
2026-04-21,23.02,23.02,22.82,22.82,2623.0
2026-04-22,22.95,22.98,22.9,22.98,5179.0
2026-04-23,22.94,22.98,22.84,22.8655,36553.0
2026-04-24,22.8555,22.935,22.82,22.9,20280.0
2026-04-27,22.91,22.91,22.77,22.831,179219.0
2026-04-28,22.7,22.78,22.6401,22.72,40430.0
2026-04-29,22.72,22.72,22.5,22.572,17971.0
2026-04-30,22.695,22.8,22.6701,22.7851,8796.0
2026-05-01,22.76,22.89,22.76,22.76,7175.0
2026-05-04,22.73,22.77,22.6,22.6475,4597.0
2026-05-05,22.73,22.81,22.73,22.787,14862.0
2026-05-06,23.07,23.07,23.03,23.0693,8360.0
2026-05-07,23.06,23.11,22.84,22.84,120492.0
2026-05-08,22.98,23.11,22.98,23.0608,23993.0
2026-05-11,23.07,23.1,23.0412,23.053,9286.0
2026-05-12,22.94,22.9613,22.8433,22.9613,3059.0
2026-05-13,22.94,22.96,22.94,22.958,4034.0
2026-05-14,23.01,23.0408,22.98,22.9811,4081.0
2026-05-15,22.98,22.98,22.56,22.581,16579.0
2026-05-18,22.625,22.655,22.49,22.6,68540.0
2026-05-19,22.36,22.46,22.31,22.31,15091.0
2026-05-20,22.61,22.61,22.5384,22.601,16958.0
2026-05-21,22.52,22.69,22.4887,22.62,4968.0
2026-05-22,22.72,22.75,22.61,22.66,15615.0
2026-05-26,22.901,22.94,22.85,22.86,18487.0
2026-05-27,22.96,22.96,22.8,22.87,7663.0
2026-05-28,22.82,23.02,22.82,22.92,20301.0
2026-05-29,22.975,23.11,22.92,22.92,22750.0
2026-06-01,22.8901,23.065,22.8901,22.97,3699.0
2026-06-02,23.15,23.2,23.145,23.16,17793.0
2026-06-03,21.96,23.0818,21.96,23.05,20235.0
2026-06-04,23.01,23.09,23.01,23.08,6383.0
2026-06-05,22.88,22.88,22.56,22.59,8587.0
2026-06-08,22.65,22.65,22.47,22.47,8792.0
2026-06-09,22.65,22.65,22.32,22.498,17263.0
2026-06-10,22.41,22.51,22.255,22.255,2301.0
2026-06-11,22.37,22.645,22.345,22.63,2993.0
2026-06-12,22.6,22.7611,22.56,22.745,22017.0
2026-06-15,22.97,22.97,22.89,22.94,16542.0
2026-06-16,22.9,22.9722,22.88,22.88,9812.0
2026-06-17,22.95,22.9993,22.74,22.74,18261.0
2026-06-18,22.94,22.94,22.8006,22.8351,11544.0
2026-06-22,22.79,22.7987,22.66,22.67,15334.0
2026-06-23,22.46,22.55,22.44,22.4635,22882.0
2026-06-24,22.47,22.53,22.44,22.46,11807.0
2026-06-25,22.56,22.62,22.52,22.5467,23710.0
2026-06-26,22.46,22.58,22.43,22.525,7674.0
2026-06-29,22.3,22.4,22.24,22.4,96487.0
2026-06-30,22.46,22.46,22.26,22.26,157240.0
2026-07-01,22.205,22.24,22.1155,22.1155,156992.0
2026-07-02,22.2,22.215,22.095,22.1601,6730.0
2026-07-06,22.21,22.25,22.2,22.2499,32721.0
2026-07-07,22.17,22.17,21.96,21.96,13161.0
2026-07-08,21.87,21.93,21.775,21.9083,4604.0
2026-07-09,21.98,22.05,21.96,21.986,4656.0
2026-07-10,21.98,22.05,21.95,22.035,7621.0
2026-07-13,21.935,21.945,21.81,21.838,18607.0
2026-07-14,22.01,22.0199,21.95,21.98,12895.0
2026-07-15,21.99,21.995,21.97,21.9922,8636.0
2026-07-16,21.76,21.871,21.76,21.8323,18737.0
2026-07-17,21.93,21.93,21.8772,21.8772,2277.0
2026-07-20,21.9,21.91,21.7501,21.7769,17696.0
2026-07-21,21.81,21.92,21.81,21.9182,23868.0
2026-07-22,22.0,22.01,21.91,21.9393,41673.0
2026-07-23,21.78,21.85,21.75,21.76,7769.0
2026-07-24,21.88,21.88,21.795,21.813,4077.0
2026-07-27,21.81,21.929,21.79,21.8327,7212.0
2026-07-28,21.87,21.88,21.8201,21.851,1099.0
2026-07-29,21.82,21.92,21.6574,21.6574,37604.0
2026-07-30,21.765,21.865,21.71,21.8402,11957.0
2026-07-31,21.68,21.74,21.68,21.7192,4136.0
2026-08-03,21.86,21.87,21.78,21.78,12309.0
2026-08-04,22.03,22.18,21.97,22.06,17849.0
2026-08-05,22.18,22.23,22.166,22.166,7803.0
2026-08-06,22.18,22.18,22.07,22.08,4727.0
2026-08-07,22.24,22.73,22.16,22.25,169814.0
2026-08-10,22.2051,22.28,22.2051,22.23,23772.0
2026-08-11,22.2637,22.29,22.19,22.19,56957.0
2026-08-12,22.33,22.33,22.29,22.3,7286.0
2026-08-13,22.29,22.4,22.24,22.27,74639.0
2026-08-14,22.2886,22.31,22.21,22.23,64582.0
2026-08-17,22.26,22.2768,22.2101,22.22,3492.0
2026-08-18,22.16,22.1848,22.1,22.1579,58681.0
2026-08-19,22.47,22.56,22.44,22.5114,2889.0
2026-08-20,22.51,22.618,22.41,22.5195,9635.0
2026-08-21,22.54,22.57,22.52,22.52,5098.0
2026-08-24,22.6549,22.6549,22.58,22.616,8912.0
2026-08-25,22.67,22.81,22.67,22.81,11052.0
2026-08-26,22.76,22.775,22.65,22.7192,18125.0
2026-08-27,22.69,22.77,22.69,22.716,4136.0
2026-08-28,22.75,22.75,22.49,22.511,20775.0
2026-08-31,22.48,22.485,22.41,22.47,22097.0
2026-09-01,22.35,22.48,22.35,22.39,7610.0
2026-09-02,22.44,22.46,22.44,22.46,1354.0
